"","scenario","sp.name","year","FI","ssb","rec","Yield"
"1","Case-study_noCC","Herring",1974,0.7588798,231.55969,9.76504,266.0127707
"2","Case-study_noCC","Herring",1975,1.3042258,160.38451,4.1549,253.936978
"3","Case-study_noCC","Herring",1976,0.8217317,85.84528,2.27249,159.2551815
"4","Case-study_noCC","Herring",1977,0.20984378,61.020586,1.40772,39.3143447
"5","Case-study_noCC","Herring",1978,0,72.91383,1.13919,0
"6","Case-study_noCC","Herring",1979,0,99.81087,4.2996,0
"7","Case-study_noCC","Herring",1980,0.12016436,127.81693,15.4957,73.4498774
"8","Case-study_noCC","Herring",1981,0.17640074,196.64405,20.8831,208.7451796
"9","Case-study_noCC","Herring",1982,0.14514714,350.2555,30.5954,277.06982
"10","Case-study_noCC","Herring",1983,0.32908226,619.4064,27.0698,430.2153877
"11","Case-study_noCC","Herring",1984,0.52961984,922.1063,31.0249,460.933687
"12","Case-study_noCC","Herring",1985,0.58612294,964.23796,46.2658,659.339468
"13","Case-study_noCC","Herring",1986,0.48184306,915.1545,52.6667,752.730421
"14","Case-study_noCC","Herring",1987,0.44578588,1041.9821,40.9552,1008.725363
"15","Case-study_noCC","Herring",1988,0.45439118,1388.755,22.2127,1140.872967
"16","Case-study_noCC","Herring",1989,0.38698212,1418.7947,19.8513,910.318178
"17","Case-study_noCC","Herring",1990,0.37990196,1447.7683,19.5452,739.05632
"18","Case-study_noCC","Herring",1991,0.39866822,1277.231,21.3652,685.045255
"19","Case-study_noCC","Herring",1992,0.54486654,1037.9571,31.067,764.4316
"20","Case-study_noCC","Herring",1993,0.73706082,739.9792,32.9629,687.90159
"21","Case-study_noCC","Herring",1994,0.69873378,745.5892,24.9279,597.20772
"22","Case-study_noCC","Herring",1995,0.81420278,717.5503,26.3676,595.416686
"23","Case-study_noCC","Herring",1996,0.32842296,613.8649,26.9955,274.3717617
"24","Case-study_noCC","Herring",1997,0.28901004,731.4918,17.2294,264.055839
"25","Case-study_noCC","Herring",1998,0.43480576,993.3717,13.0516,380.193317
"26","Case-study_noCC","Herring",1999,0.33357768,1051.398,38.7461,369.621777
"27","Case-study_noCC","Herring",2000,0.3329749,1080.7987,24.9031,421.77943
"28","Case-study_noCC","Herring",2001,0.26654598,1403.6539,67.4674,363.6912387
"29","Case-study_noCC","Herring",2002,0.23786614,1741.8249,27.1564,390.438144
"30","Case-study_noCC","Herring",2003,0.2481339,1976.9937,18.6826,487.43234
"31","Case-study_noCC","Herring",2004,0.26330118,2185.2915,21.3184,589.575669
"32","Case-study_noCC","Herring",2005,0.34292734,2156.3095,14.6768,665.39644
"33","Case-study_noCC","Herring",2006,0.27782698,1591.1039,17.0225,513.246729
"34","Case-study_noCC","Herring",2007,0.2450066,1244.5221,21.6824,406.368329
"35","Case-study_noCC","Herring",2008,0.17291617,1111.3688,19.6346,258.712891
"36","Case-study_noCC","Herring",2009,0.101812658,1248.4956,22.1427,168.588998
"37","Case-study_noCC","Herring",2010,0.11508248,1322.1095,22.2495,186.255103
"38","Case-study_noCC","Herring",2011,0.103211948,1772.3529,19.8325,224.0493293
"39","Case-study_noCC","Herring",2012,0.196455128,2088.1422,19.1553,434.509325
"40","Case-study_noCC","Herring",2013,0.22559307,1898.867,31.5267,511.21947
"41","Case-study_noCC","Herring",2014,0.21804767,1702.954,35.9912,518.0419736
"42","Case-study_noCC","Herring",2015,0.24194578,1629.382,9.70052,494.949169
"43","Case-study_noCC","Herring",2016,0.246371,1879.231,14.828,563.618342
"44","Case-study_noCC","Herring",2017,0.186973982,1712.107,7.49557,490.97533
"45","Case-study_noCC","Herring",2018,0.24780678,1520.7794,17.7671,591.79746
"46","Case-study_noCC","Herring",2019,0.223565024,1271.7445,14.1253,432.12261
"47","Case-study_noCC","Herring",2020,0.21,1124.0798,23.3562,289.816234
"48","Case-study_noCC","Herring",2022,0.30936244,1230.2944,23.2358,412.68273
"49","Case-study_noCC","Herring",2023,0.29596914,1177.0287,23.3198,340.000601
"50","Case-study_noCC","Herring",2024,0.24665296,980.9063,23.18,229.452505
"51","Case-study_noCC","Herring",2025,0.200813748,798.609,22.2317,164.247334
"52","Case-study_noCC","Herring",2026,0.193934668,771.2505,22.0045,158.751907
"53","Case-study_noCC","Herring",2027,0.210297934,836.326,22.5057,187.867155
"54","Case-study_noCC","Herring",2028,0.23757948,944.821,23.0632,237.059202
"55","Case-study_noCC","Herring",2029,0.26266014,1044.5633,23.3118,285.220374
"56","Case-study_noCC","Herring",2030,0.2779732,1105.4613,23.3569,312.865948
"57","Case-study_noCC","Herring",2031,0.2794044,1111.1529,23.3574,314.052948
"58","Case-study_noCC","Herring",2032,0.2749371,1093.3871,23.3538,305.244462
"59","Case-study_noCC","Herring",2033,0.27144684,1079.5086,23.3468,299.398502
"60","Case-study_noCC","Herring",2034,0.27149046,1079.6807,23.3469,300.573639
"61","Case-study_noCC","Herring",2035,0.2741158,1090.1205,23.3525,306.404881
"62","Case-study_noCC","Herring",2036,0.2769803,1101.5132,23.3562,312.120827
"63","Case-study_noCC","Herring",2037,0.27834006,1106.9191,23.3571,314.489067
"64","Case-study_noCC","Herring",2038,0.27795704,1105.3986,23.3569,313.300547
"65","Case-study_noCC","Herring",2039,0.27673394,1100.5355,23.356,310.959506
"66","Case-study_noCC","Herring",2040,0.27615038,1098.2128,23.3554,310.231323
"67","Case-study_noCC","Herring",2041,0.27666424,1100.2565,23.3559,311.689451
"68","Case-study_noCC","Herring",2042,0.27782048,1104.8537,23.3568,314.29063
"69","Case-study_noCC","Herring",2043,0.27889828,1109.1404,23.3573,316.453705
"70","Case-study_noCC","Herring",2044,0.2793145,1110.7959,23.3574,317.141099
"71","Case-study_noCC","Herring",2045,0.27905954,1109.7821,23.3573,316.495829
"72","Case-study_noCC","Herring",2046,0.27857204,1107.8426,23.3572,315.602272
"73","Case-study_noCC","Herring",2047,0.27838692,1107.1061,23.3571,315.356786
"74","Case-study_noCC","Herring",2048,0.27854514,1107.7373,23.3572,315.845565
"75","Case-study_noCC","Herring",2049,0.27898988,1109.5039,23.3573,316.965142
"76","Case-study_noCC","Herring",2050,0.27955488,1111.7523,23.3574,318.181522
"77","Case-study_noCC","Nor.pout",1974,2.468944,289.16,296.519,732.53482
"78","Case-study_noCC","Nor.pout",1975,1.64387465,279.994857,437.039,508.26122
"79","Case-study_noCC","Nor.pout",1976,1.5224247,349.86366,324.145,472.6081
"80","Case-study_noCC","Nor.pout",1977,1.0906025,342.06122,170.41,383.9666
"81","Case-study_noCC","Nor.pout",1978,1.2317536,298.4487,210.768,253.75616
"82","Case-study_noCC","Nor.pout",1979,1.32269955,257.6187,238.073,339.89802
"83","Case-study_noCC","Nor.pout",1980,1.38928165,371.88192,125.229,534.6499
"84","Case-study_noCC","Nor.pout",1981,1.12269295,287.05,191.22,431.92782
"85","Case-study_noCC","Nor.pout",1982,1.21148445,158.147,224.416,390.19692
"86","Case-study_noCC","Nor.pout",1983,1.5412998,240.68174,149.705,475.747
"87","Case-study_noCC","Nor.pout",1984,1.79489345,264.03539,115.705,376.483903
"88","Case-study_noCC","Nor.pout",1985,2.247639,172.7521,94.6504,227.634972
"89","Case-study_noCC","Nor.pout",1986,1.3174862,89.14928,134.926,180.330076
"90","Case-study_noCC","Nor.pout",1987,1.7503282,122.57884,41.5738,148.92635
"91","Case-study_noCC","Nor.pout",1988,0.94258805,83.0002,88.6904,109.21943
"92","Case-study_noCC","Nor.pout",1989,1.07631695,75.1807,90.5653,166.74228
"93","Case-study_noCC","Nor.pout",1990,1.1923404,122.70078,109.104,138.8413
"94","Case-study_noCC","Nor.pout",1991,1.7090076,139.47559,129.943,189.81918
"95","Case-study_noCC","Nor.pout",1992,0.96790925,162.5858,89.6293,302.27539
"96","Case-study_noCC","Nor.pout",1993,1.65956005,203.9983,68.3101,181.097588
"97","Case-study_noCC","Nor.pout",1994,1.29326465,89.22873,173.415,183.61828
"98","Case-study_noCC","Nor.pout",1995,0.7277371,160.57614,88.3115,231.894454
"99","Case-study_noCC","Nor.pout",1996,0.82572245,245.01284,121.218,156.22424
"100","Case-study_noCC","Nor.pout",1997,0.74697155,166.1471,37.9921,156.781548
"101","Case-study_noCC","Nor.pout",1998,0.60588335,198.22325,79.2273,73.980497
"102","Case-study_noCC","Nor.pout",1999,0.86846575,105.3018,112.487,92.388104
"103","Case-study_noCC","Nor.pout",2000,0.7485117,139.67954,51.1592,185.103762
"104","Case-study_noCC","Nor.pout",2001,0.28780255,183.1745,72.9102,64.358235
"105","Case-study_noCC","Nor.pout",2002,0.7289192,106.6846,42.5673,77.13822
"106","Case-study_noCC","Nor.pout",2003,0.933536375,59.4979,19.3656,24.569144
"107","Case-study_noCC","Nor.pout",2004,0.65050853,36.292,25.2027,13.487771
"108","Case-study_noCC","Nor.pout",2005,0,23.86979,57.4175,0.04144
"109","Case-study_noCC","Nor.pout",2006,0.862815205,48.74232,38.2544,46.529024
"110","Case-study_noCC","Nor.pout",2007,0,60.06158,52.3778,5.799451
"111","Case-study_noCC","Nor.pout",2008,0.4841404425,73.3772,87.4364,34.84358
"112","Case-study_noCC","Nor.pout",2009,0.4917373605,98.91465,94.3184,45.821459
"113","Case-study_noCC","Nor.pout",2010,1.03404665,178.45056,24.7261,131.191062
"114","Case-study_noCC","Nor.pout",2011,0.051916797,148.28922,53.3982,6.839861
"115","Case-study_noCC","Nor.pout",2012,0.0778698,72.5022,103.849,26.946185
"116","Case-study_noCC","Nor.pout",2013,0.775380635,82.5971,36.3479,82.179503
"117","Case-study_noCC","Nor.pout",2014,0.835226515,92.21023,126.105,44.189139
"118","Case-study_noCC","Nor.pout",2015,0.72108428,93.34529,76.0954,57.351168
"119","Case-study_noCC","Nor.pout",2016,1.01592866,157.82236,97.7589,60.202685
"120","Case-study_noCC","Nor.pout",2017,0.4107002405,86.55916,48.2253,33.940902
"121","Case-study_noCC","Nor.pout",2018,0.77114776,98.43368,120.05,36.151546
"122","Case-study_noCC","Nor.pout",2019,0.989817885,90.77101,180.08,97.554556
"123","Case-study_noCC","Nor.pout",2020,0.54,252.72134,91.7016,145.7945209
"124","Case-study_noCC","Nor.pout",2022,0.7,423.5827,91.7016,139.089157
"125","Case-study_noCC","Nor.pout",2023,0.4171826085,137.5563,91.7016,17.5847023
"126","Case-study_noCC","Nor.pout",2024,0,58.22603,91.7016,0
"127","Case-study_noCC","Nor.pout",2025,0,50.95783,91.7016,0
"128","Case-study_noCC","Nor.pout",2026,0,57.36727,91.7016,0
"129","Case-study_noCC","Nor.pout",2027,0.0807416305,68.64716,91.7016,2.83591642
"130","Case-study_noCC","Nor.pout",2028,0.1636427005,79.52326,91.7016,6.62944997
"131","Case-study_noCC","Nor.pout",2029,0.188432491,83.43885,91.7016,7.81896242
"132","Case-study_noCC","Nor.pout",2030,0.175276062,82.48017,91.7016,6.89415411
"133","Case-study_noCC","Nor.pout",2031,0.1458228715,78.8933,91.7016,5.43791888
"134","Case-study_noCC","Nor.pout",2032,0.1329760525,77.04775,91.7016,4.8675626
"135","Case-study_noCC","Nor.pout",2033,0.1354690255,76.99459,91.7016,5.02669813
"136","Case-study_noCC","Nor.pout",2034,0.146573795,78.17008,91.7016,5.58629602
"137","Case-study_noCC","Nor.pout",2035,0.156960983,79.48783,91.7016,6.11033874
"138","Case-study_noCC","Nor.pout",2036,0.161489475,80.21494,91.7016,6.32761238
"139","Case-study_noCC","Nor.pout",2037,0.160583895,80.21655,91.7016,6.26524415
"140","Case-study_noCC","Nor.pout",2038,0.156752039,79.81827,91.7016,6.06205188
"141","Case-study_noCC","Nor.pout",2039,0.154938246,79.48156,91.7016,5.99160828
"142","Case-study_noCC","Nor.pout",2040,0.1582425305,79.76736,91.7016,6.17671704
"143","Case-study_noCC","Nor.pout",2041,0.1631818425,80.3519,91.7016,6.44233914
"144","Case-study_noCC","Nor.pout",2042,0.1674709075,80.89874,91.7016,6.66929093
"145","Case-study_noCC","Nor.pout",2043,0.1690923925,81.18984,91.7016,6.74461794
"146","Case-study_noCC","Nor.pout",2044,0.167790301,81.0979,91.7016,6.67079884
"147","Case-study_noCC","Nor.pout",2045,0.1656817175,80.86525,91.7016,6.56321926
"148","Case-study_noCC","Nor.pout",2046,0.165368665,80.76758,91.7016,6.55753795
"149","Case-study_noCC","Nor.pout",2047,0.1666891795,80.91316,91.7016,6.63101343
"150","Case-study_noCC","Nor.pout",2048,0.168206196,81.09304,91.7016,6.72052943
"151","Case-study_noCC","Nor.pout",2049,0.170707697,81.36721,91.7016,6.86243044
"152","Case-study_noCC","Nor.pout",2050,0.1726941495,81.65484,91.7016,6.96780416
"153","Case-study_noCC","Sprat",1974,0.6744606,522.5234,382.893,365.135159
"154","Case-study_noCC","Sprat",1975,1.61232335,612.925,824.679,816.82028
"155","Case-study_noCC","Sprat",1976,1.42272665,754.7322,321.971,722.4646
"156","Case-study_noCC","Sprat",1977,1.3876328,406.19951,401.433,374.68172
"157","Case-study_noCC","Sprat",1978,1.03214915,364.0015,740.909,488.13318
"158","Case-study_noCC","Sprat",1979,0.62817475,542.63375,297.055,493.81966
"159","Case-study_noCC","Sprat",1980,1.73814005,613.5849,158.892,413.62074
"160","Case-study_noCC","Sprat",1981,1.1128358,164.8451,62.9174,293.229113
"161","Case-study_noCC","Sprat",1982,0.9052741,100.8944,39.0216,199.54564
"162","Case-study_noCC","Sprat",1983,1.82094,139.487,70.864,115.61963
"163","Case-study_noCC","Sprat",1984,1.0044931,94.51211,52.3474,112.831855
"164","Case-study_noCC","Sprat",1985,1.17112115,155.57215,31.5783,69.432199
"165","Case-study_noCC","Sprat",1986,1.70056505,71.88947,93.2776,30.00331
"166","Case-study_noCC","Sprat",1987,0.407073575,134.86996,36.066,46.6849459
"167","Case-study_noCC","Sprat",1988,1.4435744,136.83604,52.4912,97.12866
"168","Case-study_noCC","Sprat",1989,0.5104061,68.12847,106.846,75.02719427
"169","Case-study_noCC","Sprat",1990,1.36254675,139.53516,98.5642,83.02336716
"170","Case-study_noCC","Sprat",1991,1.25821,102.67541,63.3591,126.0227763
"171","Case-study_noCC","Sprat",1992,0.5362795,90.18058,90.913,134.7945403
"172","Case-study_noCC","Sprat",1993,1.26210915,118.6357,169.941,213.725999
"173","Case-study_noCC","Sprat",1994,0.5745747,142.76682,114.889,421.81738
"174","Case-study_noCC","Sprat",1995,1.40988155,217.67954,38.5201,419.477128
"175","Case-study_noCC","Sprat",1996,1.2560289,127.1778,35.0925,164.39906
"176","Case-study_noCC","Sprat",1997,0.87323425,66.19869,46.2967,120.7833717
"177","Case-study_noCC","Sprat",1998,1.46734285,135.51256,103.39,185.551833
"178","Case-study_noCC","Sprat",1999,0.9301348,116.75064,77.2089,221.48473622
"179","Case-study_noCC","Sprat",2000,1.1392344,117.89307,54.032,227.074004
"180","Case-study_noCC","Sprat",2001,1.5084958,113.01269,64.1184,221.366156
"181","Case-study_noCC","Sprat",2002,1.38264175,167.89607,55.5137,162.483392
"182","Case-study_noCC","Sprat",2003,1.24283465,90.02809,67.9539,198.528044
"183","Case-study_noCC","Sprat",2004,1.3113324,159.79608,187.738,218.197332
"184","Case-study_noCC","Sprat",2005,0.9400835,162.83359,55.8074,248.457882
"185","Case-study_noCC","Sprat",2006,1.6407843,183.28674,64.6815,129.55435
"186","Case-study_noCC","Sprat",2007,1.10297095,142.3944,52.9127,102.002382
"187","Case-study_noCC","Sprat",2008,0.95487275,81.72228,128.378,70.541546
"188","Case-study_noCC","Sprat",2009,0.6325217,247.4948,125.387,142.246271
"189","Case-study_noCC","Sprat",2010,0.6819491,224.419,143.356,160.2215481
"190","Case-study_noCC","Sprat",2011,0.7811661,238.6605,107.943,154.1318103
"191","Case-study_noCC","Sprat",2012,0.8419376,245.5465,62.6616,98.140065
"192","Case-study_noCC","Sprat",2013,1.1503497,92.7505,214.6,66.1693563
"193","Case-study_noCC","Sprat",2014,0.20748099,381.1958,160.056,158.83238882
"194","Case-study_noCC","Sprat",2015,0.98518425,421.2769,111.451,307.83893
"195","Case-study_noCC","Sprat",2016,2.00666625,227.9545,141.424,259.86144
"196","Case-study_noCC","Sprat",2017,0.8255969,106.68275,208.474,130.41525
"197","Case-study_noCC","Sprat",2018,0.90346995,188.87582,194.938,193.44501
"198","Case-study_noCC","Sprat",2019,0.4794628,226.9883,261.849,151.012749
"199","Case-study_noCC","Sprat",2020,0.5700285,373.9364,118.747,227.66889
"200","Case-study_noCC","Sprat",2022,0.900045,308.2124,124.069,205.73132
"201","Case-study_noCC","Sprat",2023,0.22888964,136.194,101.982,29.821297
"202","Case-study_noCC","Sprat",2024,0.143179485,127.0758,98.337,19.398991
"203","Case-study_noCC","Sprat",2025,0.23634783,144.1781,104.895,39.386972
"204","Case-study_noCC","Sprat",2026,0.388482895,169.0516,112.434,74.57102
"205","Case-study_noCC","Sprat",2027,0.5106278,187.1336,116.599,105.53701
"206","Case-study_noCC","Sprat",2028,0.5713942,196.0207,118.282,119.70929
"207","Case-study_noCC","Sprat",2029,0.57583475,196.131,118.302,118.48773
"208","Case-study_noCC","Sprat",2030,0.55724095,192.771,117.693,111.7241
"209","Case-study_noCC","Sprat",2031,0.53758445,189.527,117.075,106.92326
"210","Case-study_noCC","Sprat",2032,0.5387951,189.9592,117.159,108.12297
"211","Case-study_noCC","Sprat",2033,0.54913135,191.6814,117.489,111.41967
"212","Case-study_noCC","Sprat",2034,0.5588076,193.2031,117.773,114.07094
"213","Case-study_noCC","Sprat",2035,0.56257755,193.7388,117.872,114.7891
"214","Case-study_noCC","Sprat",2036,0.56043805,193.3294,117.797,113.83901
"215","Case-study_noCC","Sprat",2037,0.55572725,192.5419,117.651,112.37075
"216","Case-study_noCC","Sprat",2038,0.55209975,191.97,117.544,111.43789
"217","Case-study_noCC","Sprat",2039,0.551592,191.9224,117.535,111.49233
"218","Case-study_noCC","Sprat",2040,0.553572,192.2719,117.6,112.15724
"219","Case-study_noCC","Sprat",2041,0.55544115,192.5745,117.657,112.64952
"220","Case-study_noCC","Sprat",2042,0.5557436,192.6065,117.663,112.63055
"221","Case-study_noCC","Sprat",2043,0.55461435,192.4098,117.626,112.21027
"222","Case-study_noCC","Sprat",2044,0.5527829,192.1095,117.57,111.64316
"223","Case-study_noCC","Sprat",2045,0.55128505,191.8711,117.525,111.25571
"224","Case-study_noCC","Sprat",2046,0.551124,191.8562,117.522,111.27729
"225","Case-study_noCC","Sprat",2047,0.55164335,191.9523,117.54,111.44504
"226","Case-study_noCC","Sprat",2048,0.55210415,192.0228,117.553,111.57183
"227","Case-study_noCC","Sprat",2049,0.55223905,192.0431,117.557,111.56547
"228","Case-study_noCC","Sprat",2050,0.55155535,191.9285,117.536,111.32256
"229","PGY-Min_noCC","Herring",1974,0.7588798,231.55969,9.76504,266.0127707
"230","PGY-Min_noCC","Herring",1975,1.3042258,160.38451,4.1549,253.936978
"231","PGY-Min_noCC","Herring",1976,0.8217317,85.84528,2.27249,159.2551815
"232","PGY-Min_noCC","Herring",1977,0.20984378,61.020586,1.40772,39.3143447
"233","PGY-Min_noCC","Herring",1978,0,72.91383,1.13919,0
"234","PGY-Min_noCC","Herring",1979,0,99.81087,4.2996,0
"235","PGY-Min_noCC","Herring",1980,0.12016436,127.81693,15.4957,73.4498774
"236","PGY-Min_noCC","Herring",1981,0.17640074,196.64405,20.8831,208.7451796
"237","PGY-Min_noCC","Herring",1982,0.14514714,350.2555,30.5954,277.06982
"238","PGY-Min_noCC","Herring",1983,0.32908226,619.4064,27.0698,430.2153877
"239","PGY-Min_noCC","Herring",1984,0.52961984,922.1063,31.0249,460.933687
"240","PGY-Min_noCC","Herring",1985,0.58612294,964.23796,46.2658,659.339468
"241","PGY-Min_noCC","Herring",1986,0.48184306,915.1545,52.6667,752.730421
"242","PGY-Min_noCC","Herring",1987,0.44578588,1041.9821,40.9552,1008.725363
"243","PGY-Min_noCC","Herring",1988,0.45439118,1388.755,22.2127,1140.872967
"244","PGY-Min_noCC","Herring",1989,0.38698212,1418.7947,19.8513,910.318178
"245","PGY-Min_noCC","Herring",1990,0.37990196,1447.7683,19.5452,739.05632
"246","PGY-Min_noCC","Herring",1991,0.39866822,1277.231,21.3652,685.045255
"247","PGY-Min_noCC","Herring",1992,0.54486654,1037.9571,31.067,764.4316
"248","PGY-Min_noCC","Herring",1993,0.73706082,739.9792,32.9629,687.90159
"249","PGY-Min_noCC","Herring",1994,0.69873378,745.5892,24.9279,597.20772
"250","PGY-Min_noCC","Herring",1995,0.81420278,717.5503,26.3676,595.416686
"251","PGY-Min_noCC","Herring",1996,0.32842296,613.8649,26.9955,274.3717617
"252","PGY-Min_noCC","Herring",1997,0.28901004,731.4918,17.2294,264.055839
"253","PGY-Min_noCC","Herring",1998,0.43480576,993.3717,13.0516,380.193317
"254","PGY-Min_noCC","Herring",1999,0.33357768,1051.398,38.7461,369.621777
"255","PGY-Min_noCC","Herring",2000,0.3329749,1080.7987,24.9031,421.77943
"256","PGY-Min_noCC","Herring",2001,0.26654598,1403.6539,67.4674,363.6912387
"257","PGY-Min_noCC","Herring",2002,0.23786614,1741.8249,27.1564,390.438144
"258","PGY-Min_noCC","Herring",2003,0.2481339,1976.9937,18.6826,487.43234
"259","PGY-Min_noCC","Herring",2004,0.26330118,2185.2915,21.3184,589.575669
"260","PGY-Min_noCC","Herring",2005,0.34292734,2156.3095,14.6768,665.39644
"261","PGY-Min_noCC","Herring",2006,0.27782698,1591.1039,17.0225,513.246729
"262","PGY-Min_noCC","Herring",2007,0.2450066,1244.5221,21.6824,406.368329
"263","PGY-Min_noCC","Herring",2008,0.17291617,1111.3688,19.6346,258.712891
"264","PGY-Min_noCC","Herring",2009,0.101812658,1248.4956,22.1427,168.588998
"265","PGY-Min_noCC","Herring",2010,0.11508248,1322.1095,22.2495,186.255103
"266","PGY-Min_noCC","Herring",2011,0.103211948,1772.3529,19.8325,224.0493293
"267","PGY-Min_noCC","Herring",2012,0.196455128,2088.1422,19.1553,434.509325
"268","PGY-Min_noCC","Herring",2013,0.22559307,1898.867,31.5267,511.21947
"269","PGY-Min_noCC","Herring",2014,0.21804767,1702.954,35.9912,518.0419736
"270","PGY-Min_noCC","Herring",2015,0.24194578,1629.382,9.70052,494.949169
"271","PGY-Min_noCC","Herring",2016,0.246371,1879.231,14.828,563.618342
"272","PGY-Min_noCC","Herring",2017,0.186973982,1712.107,7.49557,490.97533
"273","PGY-Min_noCC","Herring",2018,0.24780678,1520.7794,17.7671,591.79746
"274","PGY-Min_noCC","Herring",2019,0.223565024,1271.7445,14.1253,432.12261
"275","PGY-Min_noCC","Herring",2020,0.21,1124.0798,23.3562,289.816234
"276","PGY-Min_noCC","Herring",2022,0.30936244,1230.2944,23.2358,412.65534
"277","PGY-Min_noCC","Herring",2023,0.29590648,1176.7805,23.3201,339.509146
"278","PGY-Min_noCC","Herring",2024,0.24597676,978.2161,23.1724,226.490437
"279","PGY-Min_noCC","Herring",2025,0.196805882,782.6714,22.1023,153.629316
"280","PGY-Min_noCC","Herring",2026,0.180656156,718.4451,21.4941,131.477064
"281","PGY-Min_noCC","Herring",2027,0.180355118,717.248,21.4814,130.350385
"282","PGY-Min_noCC","Herring",2028,0.185108598,736.152,21.6762,135.748091
"283","PGY-Min_noCC","Herring",2029,0.187590404,746.0217,21.7728,137.903658
"284","PGY-Min_noCC","Herring",2030,0.186080418,740.0165,21.7144,132.70694
"285","PGY-Min_noCC","Herring",2031,0.177088588,704.2588,21.34,118.833027
"286","PGY-Min_noCC","Herring",2032,0.164848744,655.5805,20.7534,103.148694
"287","PGY-Min_noCC","Herring",2033,0.154900358,616.0171,20.2068,92.143056
"288","PGY-Min_noCC","Herring",2034,0.149669974,595.2167,19.8929,87.398545
"289","PGY-Min_noCC","Herring",2035,0.149457542,594.3721,19.8798,88.371102
"290","PGY-Min_noCC","Herring",2036,0.153236032,609.3999,20.109,93.957094
"291","PGY-Min_noCC","Herring",2037,0.16012193,636.7841,20.5018,103.428318
"292","PGY-Min_noCC","Herring",2038,0.16918488,672.8254,20.9717,115.923817
"293","PGY-Min_noCC","Herring",2039,0.17929957,713.051,21.4364,130.327782
"294","PGY-Min_noCC","Herring",2040,0.189500384,753.6171,21.8449,145.407976
"295","PGY-Min_noCC","Herring",2041,0.198942818,791.1694,22.1723,159.920237
"296","PGY-Min_noCC","Herring",2042,0.207115898,823.6728,22.4187,172.932704
"297","PGY-Min_noCC","Herring",2043,0.213817178,850.3219,22.5963,183.939638
"298","PGY-Min_noCC","Herring",2044,0.21908542,871.273,22.7212,192.78618
"299","PGY-Min_noCC","Herring",2045,0.223024508,886.9387,22.8064,199.500396
"300","PGY-Min_noCC","Herring",2046,0.225843398,898.1468,22.8631,204.404002
"301","PGY-Min_noCC","Herring",2047,0.227849126,906.1236,22.9014,207.915148
"302","PGY-Min_noCC","Herring",2048,0.229222438,911.5873,22.9266,210.326668
"303","PGY-Min_noCC","Herring",2049,0.230145266,915.2563,22.9431,211.978978
"304","PGY-Min_noCC","Herring",2050,0.230785992,917.8033,22.9544,213.100103
"305","PGY-Min_noCC","Nor.pout",1974,2.468944,289.16,296.519,732.53482
"306","PGY-Min_noCC","Nor.pout",1975,1.64387465,279.994857,437.039,508.26122
"307","PGY-Min_noCC","Nor.pout",1976,1.5224247,349.86366,324.145,472.6081
"308","PGY-Min_noCC","Nor.pout",1977,1.0906025,342.06122,170.41,383.9666
"309","PGY-Min_noCC","Nor.pout",1978,1.2317536,298.4487,210.768,253.75616
"310","PGY-Min_noCC","Nor.pout",1979,1.32269955,257.6187,238.073,339.89802
"311","PGY-Min_noCC","Nor.pout",1980,1.38928165,371.88192,125.229,534.6499
"312","PGY-Min_noCC","Nor.pout",1981,1.12269295,287.05,191.22,431.92782
"313","PGY-Min_noCC","Nor.pout",1982,1.21148445,158.147,224.416,390.19692
"314","PGY-Min_noCC","Nor.pout",1983,1.5412998,240.68174,149.705,475.747
"315","PGY-Min_noCC","Nor.pout",1984,1.79489345,264.03539,115.705,376.483903
"316","PGY-Min_noCC","Nor.pout",1985,2.247639,172.7521,94.6504,227.634972
"317","PGY-Min_noCC","Nor.pout",1986,1.3174862,89.14928,134.926,180.330076
"318","PGY-Min_noCC","Nor.pout",1987,1.7503282,122.57884,41.5738,148.92635
"319","PGY-Min_noCC","Nor.pout",1988,0.94258805,83.0002,88.6904,109.21943
"320","PGY-Min_noCC","Nor.pout",1989,1.07631695,75.1807,90.5653,166.74228
"321","PGY-Min_noCC","Nor.pout",1990,1.1923404,122.70078,109.104,138.8413
"322","PGY-Min_noCC","Nor.pout",1991,1.7090076,139.47559,129.943,189.81918
"323","PGY-Min_noCC","Nor.pout",1992,0.96790925,162.5858,89.6293,302.27539
"324","PGY-Min_noCC","Nor.pout",1993,1.65956005,203.9983,68.3101,181.097588
"325","PGY-Min_noCC","Nor.pout",1994,1.29326465,89.22873,173.415,183.61828
"326","PGY-Min_noCC","Nor.pout",1995,0.7277371,160.57614,88.3115,231.894454
"327","PGY-Min_noCC","Nor.pout",1996,0.82572245,245.01284,121.218,156.22424
"328","PGY-Min_noCC","Nor.pout",1997,0.74697155,166.1471,37.9921,156.781548
"329","PGY-Min_noCC","Nor.pout",1998,0.60588335,198.22325,79.2273,73.980497
"330","PGY-Min_noCC","Nor.pout",1999,0.86846575,105.3018,112.487,92.388104
"331","PGY-Min_noCC","Nor.pout",2000,0.7485117,139.67954,51.1592,185.103762
"332","PGY-Min_noCC","Nor.pout",2001,0.28780255,183.1745,72.9102,64.358235
"333","PGY-Min_noCC","Nor.pout",2002,0.7289192,106.6846,42.5673,77.13822
"334","PGY-Min_noCC","Nor.pout",2003,0.933536375,59.4979,19.3656,24.569144
"335","PGY-Min_noCC","Nor.pout",2004,0.65050853,36.292,25.2027,13.487771
"336","PGY-Min_noCC","Nor.pout",2005,0,23.86979,57.4175,0.04144
"337","PGY-Min_noCC","Nor.pout",2006,0.862815205,48.74232,38.2544,46.529024
"338","PGY-Min_noCC","Nor.pout",2007,0,60.06158,52.3778,5.799451
"339","PGY-Min_noCC","Nor.pout",2008,0.4841404425,73.3772,87.4364,34.84358
"340","PGY-Min_noCC","Nor.pout",2009,0.4917373605,98.91465,94.3184,45.821459
"341","PGY-Min_noCC","Nor.pout",2010,1.03404665,178.45056,24.7261,131.191062
"342","PGY-Min_noCC","Nor.pout",2011,0.051916797,148.28922,53.3982,6.839861
"343","PGY-Min_noCC","Nor.pout",2012,0.0778698,72.5022,103.849,26.946185
"344","PGY-Min_noCC","Nor.pout",2013,0.775380635,82.5971,36.3479,82.179503
"345","PGY-Min_noCC","Nor.pout",2014,0.835226515,92.21023,126.105,44.189139
"346","PGY-Min_noCC","Nor.pout",2015,0.72108428,93.34529,76.0954,57.351168
"347","PGY-Min_noCC","Nor.pout",2016,1.01592866,157.82236,97.7589,60.202685
"348","PGY-Min_noCC","Nor.pout",2017,0.4107002405,86.55916,48.2253,33.940902
"349","PGY-Min_noCC","Nor.pout",2018,0.77114776,98.43368,120.05,36.151546
"350","PGY-Min_noCC","Nor.pout",2019,0.989817885,90.77101,180.08,97.554556
"351","PGY-Min_noCC","Nor.pout",2020,0.54,252.72134,91.7016,145.7945209
"352","PGY-Min_noCC","Nor.pout",2022,0.7,423.5827,91.7016,139.018795
"353","PGY-Min_noCC","Nor.pout",2023,0.4158340375,137.4049,91.7016,17.4056795
"354","PGY-Min_noCC","Nor.pout",2024,0,57.66071,91.7016,0
"355","PGY-Min_noCC","Nor.pout",2025,0,47.748,87.5713,0
"356","PGY-Min_noCC","Nor.pout",2026,0,44.85109,82.2582,0
"357","PGY-Min_noCC","Nor.pout",2027,0,40.334941,73.9756,0
"358","PGY-Min_noCC","Nor.pout",2028,0,33.856789,62.0943,0
"359","PGY-Min_noCC","Nor.pout",2029,0,24.334418,44.63,0
"360","PGY-Min_noCC","Nor.pout",2030,0,12.99621,23.8355,0
"361","PGY-Min_noCC","Nor.pout",2031,0,3.7398934,7.83908,0
"362","PGY-Min_noCC","Nor.pout",2032,0,0.44838586,7.83908,0
"363","PGY-Min_noCC","Nor.pout",2033,0,0.37941123,7.83908,0
"364","PGY-Min_noCC","Nor.pout",2034,0,0.38470073,7.83908,0
"365","PGY-Min_noCC","Nor.pout",2035,0,0.40233643,7.83908,0
"366","PGY-Min_noCC","Nor.pout",2036,0,0.42724477,7.83908,0
"367","PGY-Min_noCC","Nor.pout",2037,0,0.45650605,7.83908,0
"368","PGY-Min_noCC","Nor.pout",2038,0,0.48691398,7.83908,0
"369","PGY-Min_noCC","Nor.pout",2039,0,0.51612332,7.83908,0
"370","PGY-Min_noCC","Nor.pout",2040,0,0.54231578,7.83908,0
"371","PGY-Min_noCC","Nor.pout",2041,0,0.56474348,7.83908,0
"372","PGY-Min_noCC","Nor.pout",2042,0,0.5833097,7.83908,0
"373","PGY-Min_noCC","Nor.pout",2043,0,0.59820824,7.83908,0
"374","PGY-Min_noCC","Nor.pout",2044,0,0.60982252,7.83908,0
"375","PGY-Min_noCC","Nor.pout",2045,0,0.61817276,7.83908,0
"376","PGY-Min_noCC","Nor.pout",2046,0,0.6242442,7.83908,0
"377","PGY-Min_noCC","Nor.pout",2047,0,0.6285959,7.83908,0
"378","PGY-Min_noCC","Nor.pout",2048,0,0.6313166,7.83908,0
"379","PGY-Min_noCC","Nor.pout",2049,0,0.63322304,7.83908,0
"380","PGY-Min_noCC","Nor.pout",2050,0,0.63449812,7.83908,0
"381","PGY-Min_noCC","Sprat",1974,0.6744606,522.5234,382.893,365.135159
"382","PGY-Min_noCC","Sprat",1975,1.61232335,612.925,824.679,816.82028
"383","PGY-Min_noCC","Sprat",1976,1.42272665,754.7322,321.971,722.4646
"384","PGY-Min_noCC","Sprat",1977,1.3876328,406.19951,401.433,374.68172
"385","PGY-Min_noCC","Sprat",1978,1.03214915,364.0015,740.909,488.13318
"386","PGY-Min_noCC","Sprat",1979,0.62817475,542.63375,297.055,493.81966
"387","PGY-Min_noCC","Sprat",1980,1.73814005,613.5849,158.892,413.62074
"388","PGY-Min_noCC","Sprat",1981,1.1128358,164.8451,62.9174,293.229113
"389","PGY-Min_noCC","Sprat",1982,0.9052741,100.8944,39.0216,199.54564
"390","PGY-Min_noCC","Sprat",1983,1.82094,139.487,70.864,115.61963
"391","PGY-Min_noCC","Sprat",1984,1.0044931,94.51211,52.3474,112.831855
"392","PGY-Min_noCC","Sprat",1985,1.17112115,155.57215,31.5783,69.432199
"393","PGY-Min_noCC","Sprat",1986,1.70056505,71.88947,93.2776,30.00331
"394","PGY-Min_noCC","Sprat",1987,0.407073575,134.86996,36.066,46.6849459
"395","PGY-Min_noCC","Sprat",1988,1.4435744,136.83604,52.4912,97.12866
"396","PGY-Min_noCC","Sprat",1989,0.5104061,68.12847,106.846,75.02719427
"397","PGY-Min_noCC","Sprat",1990,1.36254675,139.53516,98.5642,83.02336716
"398","PGY-Min_noCC","Sprat",1991,1.25821,102.67541,63.3591,126.0227763
"399","PGY-Min_noCC","Sprat",1992,0.5362795,90.18058,90.913,134.7945403
"400","PGY-Min_noCC","Sprat",1993,1.26210915,118.6357,169.941,213.725999
"401","PGY-Min_noCC","Sprat",1994,0.5745747,142.76682,114.889,421.81738
"402","PGY-Min_noCC","Sprat",1995,1.40988155,217.67954,38.5201,419.477128
"403","PGY-Min_noCC","Sprat",1996,1.2560289,127.1778,35.0925,164.39906
"404","PGY-Min_noCC","Sprat",1997,0.87323425,66.19869,46.2967,120.7833717
"405","PGY-Min_noCC","Sprat",1998,1.46734285,135.51256,103.39,185.551833
"406","PGY-Min_noCC","Sprat",1999,0.9301348,116.75064,77.2089,221.48473622
"407","PGY-Min_noCC","Sprat",2000,1.1392344,117.89307,54.032,227.074004
"408","PGY-Min_noCC","Sprat",2001,1.5084958,113.01269,64.1184,221.366156
"409","PGY-Min_noCC","Sprat",2002,1.38264175,167.89607,55.5137,162.483392
"410","PGY-Min_noCC","Sprat",2003,1.24283465,90.02809,67.9539,198.528044
"411","PGY-Min_noCC","Sprat",2004,1.3113324,159.79608,187.738,218.197332
"412","PGY-Min_noCC","Sprat",2005,0.9400835,162.83359,55.8074,248.457882
"413","PGY-Min_noCC","Sprat",2006,1.6407843,183.28674,64.6815,129.55435
"414","PGY-Min_noCC","Sprat",2007,1.10297095,142.3944,52.9127,102.002382
"415","PGY-Min_noCC","Sprat",2008,0.95487275,81.72228,128.378,70.541546
"416","PGY-Min_noCC","Sprat",2009,0.6325217,247.4948,125.387,142.246271
"417","PGY-Min_noCC","Sprat",2010,0.6819491,224.419,143.356,160.2215481
"418","PGY-Min_noCC","Sprat",2011,0.7811661,238.6605,107.943,154.1318103
"419","PGY-Min_noCC","Sprat",2012,0.8419376,245.5465,62.6616,98.140065
"420","PGY-Min_noCC","Sprat",2013,1.1503497,92.7505,214.6,66.1693563
"421","PGY-Min_noCC","Sprat",2014,0.20748099,381.1958,160.056,158.83238882
"422","PGY-Min_noCC","Sprat",2015,0.98518425,421.2769,111.451,307.83893
"423","PGY-Min_noCC","Sprat",2016,2.00666625,227.9545,141.424,259.86144
"424","PGY-Min_noCC","Sprat",2017,0.8255969,106.68275,208.474,130.41525
"425","PGY-Min_noCC","Sprat",2018,0.90346995,188.87582,194.938,193.44501
"426","PGY-Min_noCC","Sprat",2019,0.4794628,226.9883,261.849,151.012749
"427","PGY-Min_noCC","Sprat",2020,0.5700285,373.9364,118.747,227.66889
"428","PGY-Min_noCC","Sprat",2022,0.900045,308.2124,124.069,205.722
"429","PGY-Min_noCC","Sprat",2023,0.22875752,136.1739,101.974,29.782945
"430","PGY-Min_noCC","Sprat",2024,0.142112745,126.904,98.265,19.159377
"431","PGY-Min_noCC","Sprat",2025,0.228957795,142.9675,104.469,37.587874
"432","PGY-Min_noCC","Sprat",2026,0.37041768,166.0871,111.65,69.71397
"433","PGY-Min_noCC","Sprat",2027,0.4972063,184.6164,116.08,102.99914
"434","PGY-Min_noCC","Sprat",2028,0.6054376,200.7408,119.085,134.2804
"435","PGY-Min_noCC","Sprat",2029,0.6787315,211.8254,120.734,157.28763
"436","PGY-Min_noCC","Sprat",2030,0.72576075,218.8014,121.61,171.95703
"437","PGY-Min_noCC","Sprat",2031,0.74911595,222.1332,121.987,181.04613
"438","PGY-Min_noCC","Sprat",2032,0.77966715,226.8334,122.473,192.93329
"439","PGY-Min_noCC","Sprat",2033,0.81142735,231.5511,122.91,204.83313
"440","PGY-Min_noCC","Sprat",2034,0.8359532,235.1684,123.212,213.99292
"441","PGY-Min_noCC","Sprat",2035,0.85292585,237.6752,123.404,220.46094
"442","PGY-Min_noCC","Sprat",2036,0.8634265,239.3018,123.522,224.41682
"443","PGY-Min_noCC","Sprat",2037,0.868352,240.0393,123.573,226.2873
"444","PGY-Min_noCC","Sprat",2038,0.8705664,240.3705,123.596,227.12533
"445","PGY-Min_noCC","Sprat",2039,0.8711853,240.4609,123.602,227.3567
"446","PGY-Min_noCC","Sprat",2040,0.87099585,240.4304,123.6,227.28234
"447","PGY-Min_noCC","Sprat",2041,0.87053255,240.3586,123.595,227.11931
"448","PGY-Min_noCC","Sprat",2042,0.87022485,240.313,123.592,227.01692
"449","PGY-Min_noCC","Sprat",2043,0.86996215,240.2763,123.589,226.91989
"450","PGY-Min_noCC","Sprat",2044,0.86971155,240.2395,123.587,226.81995
"451","PGY-Min_noCC","Sprat",2045,0.8694352,240.1984,123.584,226.70642
"452","PGY-Min_noCC","Sprat",2046,0.8692705,240.1723,123.582,226.64738
"453","PGY-Min_noCC","Sprat",2047,0.86922,240.1672,123.582,226.62505
"454","PGY-Min_noCC","Sprat",2048,0.86921945,240.1659,123.582,226.62402
"455","PGY-Min_noCC","Sprat",2049,0.8692983,240.178,123.582,226.64644
"456","PGY-Min_noCC","Sprat",2050,0.86931145,240.1785,123.583,226.6313
"457","FMSY-Min_noCC","Herring",1974,0.7588798,231.55969,9.76504,266.0127707
"458","FMSY-Min_noCC","Herring",1975,1.3042258,160.38451,4.1549,253.936978
"459","FMSY-Min_noCC","Herring",1976,0.8217317,85.84528,2.27249,159.2551815
"460","FMSY-Min_noCC","Herring",1977,0.20984378,61.020586,1.40772,39.3143447
"461","FMSY-Min_noCC","Herring",1978,0,72.91383,1.13919,0
"462","FMSY-Min_noCC","Herring",1979,0,99.81087,4.2996,0
"463","FMSY-Min_noCC","Herring",1980,0.12016436,127.81693,15.4957,73.4498774
"464","FMSY-Min_noCC","Herring",1981,0.17640074,196.64405,20.8831,208.7451796
"465","FMSY-Min_noCC","Herring",1982,0.14514714,350.2555,30.5954,277.06982
"466","FMSY-Min_noCC","Herring",1983,0.32908226,619.4064,27.0698,430.2153877
"467","FMSY-Min_noCC","Herring",1984,0.52961984,922.1063,31.0249,460.933687
"468","FMSY-Min_noCC","Herring",1985,0.58612294,964.23796,46.2658,659.339468
"469","FMSY-Min_noCC","Herring",1986,0.48184306,915.1545,52.6667,752.730421
"470","FMSY-Min_noCC","Herring",1987,0.44578588,1041.9821,40.9552,1008.725363
"471","FMSY-Min_noCC","Herring",1988,0.45439118,1388.755,22.2127,1140.872967
"472","FMSY-Min_noCC","Herring",1989,0.38698212,1418.7947,19.8513,910.318178
"473","FMSY-Min_noCC","Herring",1990,0.37990196,1447.7683,19.5452,739.05632
"474","FMSY-Min_noCC","Herring",1991,0.39866822,1277.231,21.3652,685.045255
"475","FMSY-Min_noCC","Herring",1992,0.54486654,1037.9571,31.067,764.4316
"476","FMSY-Min_noCC","Herring",1993,0.73706082,739.9792,32.9629,687.90159
"477","FMSY-Min_noCC","Herring",1994,0.69873378,745.5892,24.9279,597.20772
"478","FMSY-Min_noCC","Herring",1995,0.81420278,717.5503,26.3676,595.416686
"479","FMSY-Min_noCC","Herring",1996,0.32842296,613.8649,26.9955,274.3717617
"480","FMSY-Min_noCC","Herring",1997,0.28901004,731.4918,17.2294,264.055839
"481","FMSY-Min_noCC","Herring",1998,0.43480576,993.3717,13.0516,380.193317
"482","FMSY-Min_noCC","Herring",1999,0.33357768,1051.398,38.7461,369.621777
"483","FMSY-Min_noCC","Herring",2000,0.3329749,1080.7987,24.9031,421.77943
"484","FMSY-Min_noCC","Herring",2001,0.26654598,1403.6539,67.4674,363.6912387
"485","FMSY-Min_noCC","Herring",2002,0.23786614,1741.8249,27.1564,390.438144
"486","FMSY-Min_noCC","Herring",2003,0.2481339,1976.9937,18.6826,487.43234
"487","FMSY-Min_noCC","Herring",2004,0.26330118,2185.2915,21.3184,589.575669
"488","FMSY-Min_noCC","Herring",2005,0.34292734,2156.3095,14.6768,665.39644
"489","FMSY-Min_noCC","Herring",2006,0.27782698,1591.1039,17.0225,513.246729
"490","FMSY-Min_noCC","Herring",2007,0.2450066,1244.5221,21.6824,406.368329
"491","FMSY-Min_noCC","Herring",2008,0.17291617,1111.3688,19.6346,258.712891
"492","FMSY-Min_noCC","Herring",2009,0.101812658,1248.4956,22.1427,168.588998
"493","FMSY-Min_noCC","Herring",2010,0.11508248,1322.1095,22.2495,186.255103
"494","FMSY-Min_noCC","Herring",2011,0.103211948,1772.3529,19.8325,224.0493293
"495","FMSY-Min_noCC","Herring",2012,0.196455128,2088.1422,19.1553,434.509325
"496","FMSY-Min_noCC","Herring",2013,0.22559307,1898.867,31.5267,511.21947
"497","FMSY-Min_noCC","Herring",2014,0.21804767,1702.954,35.9912,518.0419736
"498","FMSY-Min_noCC","Herring",2015,0.24194578,1629.382,9.70052,494.949169
"499","FMSY-Min_noCC","Herring",2016,0.246371,1879.231,14.828,563.618342
"500","FMSY-Min_noCC","Herring",2017,0.186973982,1712.107,7.49557,490.97533
"501","FMSY-Min_noCC","Herring",2018,0.24780678,1520.7794,17.7671,591.79746
"502","FMSY-Min_noCC","Herring",2019,0.223565024,1271.7445,14.1253,432.12261
"503","FMSY-Min_noCC","Herring",2020,0.21,1124.0798,23.3562,289.816234
"504","FMSY-Min_noCC","Herring",2022,0.30936244,1230.2944,23.2358,412.65534
"505","FMSY-Min_noCC","Herring",2023,0.29590648,1176.7805,23.3201,339.300126
"506","FMSY-Min_noCC","Herring",2024,0.2455294,976.4386,23.1673,225.323804
"507","FMSY-Min_noCC","Herring",2025,0.196352032,780.8652,22.0871,154.28385
"508","FMSY-Min_noCC","Herring",2026,0.183614264,730.2104,21.6163,138.706471
"509","FMSY-Min_noCC","Herring",2027,0.190725946,758.4894,21.89,150.560459
"510","FMSY-Min_noCC","Herring",2028,0.207380006,824.7212,22.4261,177.628287
"511","FMSY-Min_noCC","Herring",2029,0.225692886,897.5488,22.8602,209.395996
"512","FMSY-Min_noCC","Herring",2030,0.24201102,962.4459,23.1243,237.235376
"513","FMSY-Min_noCC","Herring",2031,0.25125596,999.2125,23.2273,253.909969
"514","FMSY-Min_noCC","Herring",2032,0.25569722,1016.8747,23.2656,261.29912
"515","FMSY-Min_noCC","Herring",2033,0.25557072,1016.3693,23.2646,260.358848
"516","FMSY-Min_noCC","Herring",2034,0.25314062,1006.7066,23.2444,255.843505
"517","FMSY-Min_noCC","Herring",2035,0.25102838,998.3045,23.2252,252.262171
"518","FMSY-Min_noCC","Herring",2036,0.25027256,995.2994,23.2179,251.120439
"519","FMSY-Min_noCC","Herring",2037,0.2505068,996.2314,23.2201,251.513316
"520","FMSY-Min_noCC","Herring",2038,0.25083124,997.5219,23.2233,251.995127
"521","FMSY-Min_noCC","Herring",2039,0.25090726,997.8228,23.224,252.099937
"522","FMSY-Min_noCC","Herring",2040,0.25087496,997.6954,23.2237,252.054222
"523","FMSY-Min_noCC","Herring",2041,0.2508611,997.6407,23.2236,252.044918
"524","FMSY-Min_noCC","Herring",2042,0.25090354,997.809,23.224,252.193628
"525","FMSY-Min_noCC","Herring",2043,0.25108598,998.5349,23.2257,252.674972
"526","FMSY-Min_noCC","Herring",2044,0.25144332,999.9566,23.2291,253.428892
"527","FMSY-Min_noCC","Herring",2045,0.25179642,1001.3591,23.2324,254.092491
"528","FMSY-Min_noCC","Herring",2046,0.25201072,1002.2126,23.2343,254.525585
"529","FMSY-Min_noCC","Herring",2047,0.25215248,1002.7748,23.2356,254.806068
"530","FMSY-Min_noCC","Herring",2048,0.25222616,1003.0708,23.2363,254.957139
"531","FMSY-Min_noCC","Herring",2049,0.25228782,1003.3145,23.2369,255.132329
"532","FMSY-Min_noCC","Herring",2050,0.2523996,1003.7584,23.2379,255.339458
"533","FMSY-Min_noCC","Nor.pout",1974,2.468944,289.16,296.519,732.53482
"534","FMSY-Min_noCC","Nor.pout",1975,1.64387465,279.994857,437.039,508.26122
"535","FMSY-Min_noCC","Nor.pout",1976,1.5224247,349.86366,324.145,472.6081
"536","FMSY-Min_noCC","Nor.pout",1977,1.0906025,342.06122,170.41,383.9666
"537","FMSY-Min_noCC","Nor.pout",1978,1.2317536,298.4487,210.768,253.75616
"538","FMSY-Min_noCC","Nor.pout",1979,1.32269955,257.6187,238.073,339.89802
"539","FMSY-Min_noCC","Nor.pout",1980,1.38928165,371.88192,125.229,534.6499
"540","FMSY-Min_noCC","Nor.pout",1981,1.12269295,287.05,191.22,431.92782
"541","FMSY-Min_noCC","Nor.pout",1982,1.21148445,158.147,224.416,390.19692
"542","FMSY-Min_noCC","Nor.pout",1983,1.5412998,240.68174,149.705,475.747
"543","FMSY-Min_noCC","Nor.pout",1984,1.79489345,264.03539,115.705,376.483903
"544","FMSY-Min_noCC","Nor.pout",1985,2.247639,172.7521,94.6504,227.634972
"545","FMSY-Min_noCC","Nor.pout",1986,1.3174862,89.14928,134.926,180.330076
"546","FMSY-Min_noCC","Nor.pout",1987,1.7503282,122.57884,41.5738,148.92635
"547","FMSY-Min_noCC","Nor.pout",1988,0.94258805,83.0002,88.6904,109.21943
"548","FMSY-Min_noCC","Nor.pout",1989,1.07631695,75.1807,90.5653,166.74228
"549","FMSY-Min_noCC","Nor.pout",1990,1.1923404,122.70078,109.104,138.8413
"550","FMSY-Min_noCC","Nor.pout",1991,1.7090076,139.47559,129.943,189.81918
"551","FMSY-Min_noCC","Nor.pout",1992,0.96790925,162.5858,89.6293,302.27539
"552","FMSY-Min_noCC","Nor.pout",1993,1.65956005,203.9983,68.3101,181.097588
"553","FMSY-Min_noCC","Nor.pout",1994,1.29326465,89.22873,173.415,183.61828
"554","FMSY-Min_noCC","Nor.pout",1995,0.7277371,160.57614,88.3115,231.894454
"555","FMSY-Min_noCC","Nor.pout",1996,0.82572245,245.01284,121.218,156.22424
"556","FMSY-Min_noCC","Nor.pout",1997,0.74697155,166.1471,37.9921,156.781548
"557","FMSY-Min_noCC","Nor.pout",1998,0.60588335,198.22325,79.2273,73.980497
"558","FMSY-Min_noCC","Nor.pout",1999,0.86846575,105.3018,112.487,92.388104
"559","FMSY-Min_noCC","Nor.pout",2000,0.7485117,139.67954,51.1592,185.103762
"560","FMSY-Min_noCC","Nor.pout",2001,0.28780255,183.1745,72.9102,64.358235
"561","FMSY-Min_noCC","Nor.pout",2002,0.7289192,106.6846,42.5673,77.13822
"562","FMSY-Min_noCC","Nor.pout",2003,0.933536375,59.4979,19.3656,24.569144
"563","FMSY-Min_noCC","Nor.pout",2004,0.65050853,36.292,25.2027,13.487771
"564","FMSY-Min_noCC","Nor.pout",2005,0,23.86979,57.4175,0.04144
"565","FMSY-Min_noCC","Nor.pout",2006,0.862815205,48.74232,38.2544,46.529024
"566","FMSY-Min_noCC","Nor.pout",2007,0,60.06158,52.3778,5.799451
"567","FMSY-Min_noCC","Nor.pout",2008,0.4841404425,73.3772,87.4364,34.84358
"568","FMSY-Min_noCC","Nor.pout",2009,0.4917373605,98.91465,94.3184,45.821459
"569","FMSY-Min_noCC","Nor.pout",2010,1.03404665,178.45056,24.7261,131.191062
"570","FMSY-Min_noCC","Nor.pout",2011,0.051916797,148.28922,53.3982,6.839861
"571","FMSY-Min_noCC","Nor.pout",2012,0.0778698,72.5022,103.849,26.946185
"572","FMSY-Min_noCC","Nor.pout",2013,0.775380635,82.5971,36.3479,82.179503
"573","FMSY-Min_noCC","Nor.pout",2014,0.835226515,92.21023,126.105,44.189139
"574","FMSY-Min_noCC","Nor.pout",2015,0.72108428,93.34529,76.0954,57.351168
"575","FMSY-Min_noCC","Nor.pout",2016,1.01592866,157.82236,97.7589,60.202685
"576","FMSY-Min_noCC","Nor.pout",2017,0.4107002405,86.55916,48.2253,33.940902
"577","FMSY-Min_noCC","Nor.pout",2018,0.77114776,98.43368,120.05,36.151546
"578","FMSY-Min_noCC","Nor.pout",2019,0.989817885,90.77101,180.08,97.554556
"579","FMSY-Min_noCC","Nor.pout",2020,0.54,252.72134,91.7016,145.7945209
"580","FMSY-Min_noCC","Nor.pout",2022,0.7,423.5827,91.7016,139.018795
"581","FMSY-Min_noCC","Nor.pout",2023,0.4158340375,137.4049,91.7016,17.3379395
"582","FMSY-Min_noCC","Nor.pout",2024,0,57.2225,91.7016,0
"583","FMSY-Min_noCC","Nor.pout",2025,0,47.65965,87.4093,0
"584","FMSY-Min_noCC","Nor.pout",2026,0,47.36798,86.8744,0
"585","FMSY-Min_noCC","Nor.pout",2027,0,49.59101,90.9515,0
"586","FMSY-Min_noCC","Nor.pout",2028,0,57.33058,91.7016,0
"587","FMSY-Min_noCC","Nor.pout",2029,0.0504019639,65.36629,91.7016,1.47488425
"588","FMSY-Min_noCC","Nor.pout",2030,0.0766124965,68.91279,91.7016,2.3120785
"589","FMSY-Min_noCC","Nor.pout",2031,0.0753539055,69.03146,91.7016,2.26815719
"590","FMSY-Min_noCC","Nor.pout",2032,0.061860863,68.14467,91.7016,1.80230429
"591","FMSY-Min_noCC","Nor.pout",2033,0.0464750418,66.46427,91.7016,1.3090341
"592","FMSY-Min_noCC","Nor.pout",2034,0.03769865525,65.36486,91.7016,1.04280993
"593","FMSY-Min_noCC","Nor.pout",2035,0.03545548775,64.97387,91.7016,0.978009832
"594","FMSY-Min_noCC","Nor.pout",2036,0.036867878,65.06281,91.7016,1.021071001
"595","FMSY-Min_noCC","Nor.pout",2037,0.0376611296,65.19595,91.7016,1.04396907
"596","FMSY-Min_noCC","Nor.pout",2038,0.03793910915,65.1955,91.7016,1.05109696
"597","FMSY-Min_noCC","Nor.pout",2039,0.0385214824,65.21191,91.7016,1.06822963
"598","FMSY-Min_noCC","Nor.pout",2040,0.0393388865,65.28093,91.7016,1.09308417
"599","FMSY-Min_noCC","Nor.pout",2041,0.04014954055,65.36335,91.7016,1.11768026
"600","FMSY-Min_noCC","Nor.pout",2042,0.04094514245,65.43957,91.7016,1.1429982
"601","FMSY-Min_noCC","Nor.pout",2043,0.04258581405,65.59139,91.7016,1.1954857
"602","FMSY-Min_noCC","Nor.pout",2044,0.04502718085,65.85054,91.7016,1.27191524
"603","FMSY-Min_noCC","Nor.pout",2045,0.04682090935,66.06959,91.7016,1.32798469
"604","FMSY-Min_noCC","Nor.pout",2046,0.0481032476,66.20941,91.7016,1.36906143
"605","FMSY-Min_noCC","Nor.pout",2047,0.0492004664,66.33795,91.7016,1.40377862
"606","FMSY-Min_noCC","Nor.pout",2048,0.04972063955,66.40901,91.7016,1.42068228
"607","FMSY-Min_noCC","Nor.pout",2049,0.05047048545,66.47638,91.7016,1.44557699
"608","FMSY-Min_noCC","Nor.pout",2050,0.0512139172,66.56998,91.7016,1.46885671
"609","FMSY-Min_noCC","Sprat",1974,0.6744606,522.5234,382.893,365.135159
"610","FMSY-Min_noCC","Sprat",1975,1.61232335,612.925,824.679,816.82028
"611","FMSY-Min_noCC","Sprat",1976,1.42272665,754.7322,321.971,722.4646
"612","FMSY-Min_noCC","Sprat",1977,1.3876328,406.19951,401.433,374.68172
"613","FMSY-Min_noCC","Sprat",1978,1.03214915,364.0015,740.909,488.13318
"614","FMSY-Min_noCC","Sprat",1979,0.62817475,542.63375,297.055,493.81966
"615","FMSY-Min_noCC","Sprat",1980,1.73814005,613.5849,158.892,413.62074
"616","FMSY-Min_noCC","Sprat",1981,1.1128358,164.8451,62.9174,293.229113
"617","FMSY-Min_noCC","Sprat",1982,0.9052741,100.8944,39.0216,199.54564
"618","FMSY-Min_noCC","Sprat",1983,1.82094,139.487,70.864,115.61963
"619","FMSY-Min_noCC","Sprat",1984,1.0044931,94.51211,52.3474,112.831855
"620","FMSY-Min_noCC","Sprat",1985,1.17112115,155.57215,31.5783,69.432199
"621","FMSY-Min_noCC","Sprat",1986,1.70056505,71.88947,93.2776,30.00331
"622","FMSY-Min_noCC","Sprat",1987,0.407073575,134.86996,36.066,46.6849459
"623","FMSY-Min_noCC","Sprat",1988,1.4435744,136.83604,52.4912,97.12866
"624","FMSY-Min_noCC","Sprat",1989,0.5104061,68.12847,106.846,75.02719427
"625","FMSY-Min_noCC","Sprat",1990,1.36254675,139.53516,98.5642,83.02336716
"626","FMSY-Min_noCC","Sprat",1991,1.25821,102.67541,63.3591,126.0227763
"627","FMSY-Min_noCC","Sprat",1992,0.5362795,90.18058,90.913,134.7945403
"628","FMSY-Min_noCC","Sprat",1993,1.26210915,118.6357,169.941,213.725999
"629","FMSY-Min_noCC","Sprat",1994,0.5745747,142.76682,114.889,421.81738
"630","FMSY-Min_noCC","Sprat",1995,1.40988155,217.67954,38.5201,419.477128
"631","FMSY-Min_noCC","Sprat",1996,1.2560289,127.1778,35.0925,164.39906
"632","FMSY-Min_noCC","Sprat",1997,0.87323425,66.19869,46.2967,120.7833717
"633","FMSY-Min_noCC","Sprat",1998,1.46734285,135.51256,103.39,185.551833
"634","FMSY-Min_noCC","Sprat",1999,0.9301348,116.75064,77.2089,221.48473622
"635","FMSY-Min_noCC","Sprat",2000,1.1392344,117.89307,54.032,227.074004
"636","FMSY-Min_noCC","Sprat",2001,1.5084958,113.01269,64.1184,221.366156
"637","FMSY-Min_noCC","Sprat",2002,1.38264175,167.89607,55.5137,162.483392
"638","FMSY-Min_noCC","Sprat",2003,1.24283465,90.02809,67.9539,198.528044
"639","FMSY-Min_noCC","Sprat",2004,1.3113324,159.79608,187.738,218.197332
"640","FMSY-Min_noCC","Sprat",2005,0.9400835,162.83359,55.8074,248.457882
"641","FMSY-Min_noCC","Sprat",2006,1.6407843,183.28674,64.6815,129.55435
"642","FMSY-Min_noCC","Sprat",2007,1.10297095,142.3944,52.9127,102.002382
"643","FMSY-Min_noCC","Sprat",2008,0.95487275,81.72228,128.378,70.541546
"644","FMSY-Min_noCC","Sprat",2009,0.6325217,247.4948,125.387,142.246271
"645","FMSY-Min_noCC","Sprat",2010,0.6819491,224.419,143.356,160.2215481
"646","FMSY-Min_noCC","Sprat",2011,0.7811661,238.6605,107.943,154.1318103
"647","FMSY-Min_noCC","Sprat",2012,0.8419376,245.5465,62.6616,98.140065
"648","FMSY-Min_noCC","Sprat",2013,1.1503497,92.7505,214.6,66.1693563
"649","FMSY-Min_noCC","Sprat",2014,0.20748099,381.1958,160.056,158.83238882
"650","FMSY-Min_noCC","Sprat",2015,0.98518425,421.2769,111.451,307.83893
"651","FMSY-Min_noCC","Sprat",2016,2.00666625,227.9545,141.424,259.86144
"652","FMSY-Min_noCC","Sprat",2017,0.8255969,106.68275,208.474,130.41525
"653","FMSY-Min_noCC","Sprat",2018,0.90346995,188.87582,194.938,193.44501
"654","FMSY-Min_noCC","Sprat",2019,0.4794628,226.9883,261.849,151.012749
"655","FMSY-Min_noCC","Sprat",2020,0.5700285,373.9364,118.747,227.66889
"656","FMSY-Min_noCC","Sprat",2022,0.900045,308.2124,124.069,205.722
"657","FMSY-Min_noCC","Sprat",2023,0.22875752,136.1739,101.974,29.771535
"658","FMSY-Min_noCC","Sprat",2024,0.14128942,126.7739,98.2103,19.035197
"659","FMSY-Min_noCC","Sprat",2025,0.230238045,143.1571,104.536,38.000389
"660","FMSY-Min_noCC","Sprat",2026,0.37779059,167.3475,111.987,71.84177
"661","FMSY-Min_noCC","Sprat",2027,0.50840975,186.4589,116.462,106.07038
"662","FMSY-Min_noCC","Sprat",2028,0.60644895,201.0352,119.133,133.29199
"663","FMSY-Min_noCC","Sprat",2029,0.65169905,207.9466,120.194,145.20374
"664","FMSY-Min_noCC","Sprat",2030,0.65194205,207.8809,120.184,142.4424
"665","FMSY-Min_noCC","Sprat",2031,0.6221617,203.1207,119.467,132.30419
"666","FMSY-Min_noCC","Sprat",2032,0.5979719,199.1754,118.826,125.18488
"667","FMSY-Min_noCC","Sprat",2033,0.5875346,197.5795,118.554,122.53627
"668","FMSY-Min_noCC","Sprat",2034,0.5866483,197.4981,118.54,122.64907
"669","FMSY-Min_noCC","Sprat",2035,0.59004755,198.0676,118.638,123.82095
"670","FMSY-Min_noCC","Sprat",2036,0.59345105,198.6083,118.73,124.79509
"671","FMSY-Min_noCC","Sprat",2037,0.59441495,198.7466,118.753,125.00338
"672","FMSY-Min_noCC","Sprat",2038,0.5941424,198.695,118.745,124.87632
"673","FMSY-Min_noCC","Sprat",2039,0.5935766,198.6073,118.73,124.7095
"674","FMSY-Min_noCC","Sprat",2040,0.5931071,198.543,118.719,124.60383
"675","FMSY-Min_noCC","Sprat",2041,0.5929345,198.5273,118.716,124.59875
"676","FMSY-Min_noCC","Sprat",2042,0.59313385,198.5675,118.723,124.69318
"677","FMSY-Min_noCC","Sprat",2043,0.5933042,198.601,118.729,124.74285
"678","FMSY-Min_noCC","Sprat",2044,0.5930132,198.5559,118.721,124.63126
"679","FMSY-Min_noCC","Sprat",2045,0.59232125,198.4444,118.702,124.41592
"680","FMSY-Min_noCC","Sprat",2046,0.59175675,198.357,118.687,124.25948
"681","FMSY-Min_noCC","Sprat",2047,0.59134985,198.2988,118.677,124.1529
"682","FMSY-Min_noCC","Sprat",2048,0.59111285,198.2654,118.672,124.10663
"683","FMSY-Min_noCC","Sprat",2049,0.59107575,198.2659,118.672,124.10978
"684","FMSY-Min_noCC","Sprat",2050,0.5909578,198.2513,118.669,124.07693
"685","Status-quo_noCC","Herring",1974,0.7588798,231.55969,9.76504,266.0127707
"686","Status-quo_noCC","Herring",1975,1.3042258,160.38451,4.1549,253.936978
"687","Status-quo_noCC","Herring",1976,0.8217317,85.84528,2.27249,159.2551815
"688","Status-quo_noCC","Herring",1977,0.20984378,61.020586,1.40772,39.3143447
"689","Status-quo_noCC","Herring",1978,0,72.91383,1.13919,0
"690","Status-quo_noCC","Herring",1979,0,99.81087,4.2996,0
"691","Status-quo_noCC","Herring",1980,0.12016436,127.81693,15.4957,73.4498774
"692","Status-quo_noCC","Herring",1981,0.17640074,196.64405,20.8831,208.7451796
"693","Status-quo_noCC","Herring",1982,0.14514714,350.2555,30.5954,277.06982
"694","Status-quo_noCC","Herring",1983,0.32908226,619.4064,27.0698,430.2153877
"695","Status-quo_noCC","Herring",1984,0.52961984,922.1063,31.0249,460.933687
"696","Status-quo_noCC","Herring",1985,0.58612294,964.23796,46.2658,659.339468
"697","Status-quo_noCC","Herring",1986,0.48184306,915.1545,52.6667,752.730421
"698","Status-quo_noCC","Herring",1987,0.44578588,1041.9821,40.9552,1008.725363
"699","Status-quo_noCC","Herring",1988,0.45439118,1388.755,22.2127,1140.872967
"700","Status-quo_noCC","Herring",1989,0.38698212,1418.7947,19.8513,910.318178
"701","Status-quo_noCC","Herring",1990,0.37990196,1447.7683,19.5452,739.05632
"702","Status-quo_noCC","Herring",1991,0.39866822,1277.231,21.3652,685.045255
"703","Status-quo_noCC","Herring",1992,0.54486654,1037.9571,31.067,764.4316
"704","Status-quo_noCC","Herring",1993,0.73706082,739.9792,32.9629,687.90159
"705","Status-quo_noCC","Herring",1994,0.69873378,745.5892,24.9279,597.20772
"706","Status-quo_noCC","Herring",1995,0.81420278,717.5503,26.3676,595.416686
"707","Status-quo_noCC","Herring",1996,0.32842296,613.8649,26.9955,274.3717617
"708","Status-quo_noCC","Herring",1997,0.28901004,731.4918,17.2294,264.055839
"709","Status-quo_noCC","Herring",1998,0.43480576,993.3717,13.0516,380.193317
"710","Status-quo_noCC","Herring",1999,0.33357768,1051.398,38.7461,369.621777
"711","Status-quo_noCC","Herring",2000,0.3329749,1080.7987,24.9031,421.77943
"712","Status-quo_noCC","Herring",2001,0.26654598,1403.6539,67.4674,363.6912387
"713","Status-quo_noCC","Herring",2002,0.23786614,1741.8249,27.1564,390.438144
"714","Status-quo_noCC","Herring",2003,0.2481339,1976.9937,18.6826,487.43234
"715","Status-quo_noCC","Herring",2004,0.26330118,2185.2915,21.3184,589.575669
"716","Status-quo_noCC","Herring",2005,0.34292734,2156.3095,14.6768,665.39644
"717","Status-quo_noCC","Herring",2006,0.27782698,1591.1039,17.0225,513.246729
"718","Status-quo_noCC","Herring",2007,0.2450066,1244.5221,21.6824,406.368329
"719","Status-quo_noCC","Herring",2008,0.17291617,1111.3688,19.6346,258.712891
"720","Status-quo_noCC","Herring",2009,0.101812658,1248.4956,22.1427,168.588998
"721","Status-quo_noCC","Herring",2010,0.11508248,1322.1095,22.2495,186.255103
"722","Status-quo_noCC","Herring",2011,0.103211948,1772.3529,19.8325,224.0493293
"723","Status-quo_noCC","Herring",2012,0.196455128,2088.1422,19.1553,434.509325
"724","Status-quo_noCC","Herring",2013,0.22559307,1898.867,31.5267,511.21947
"725","Status-quo_noCC","Herring",2014,0.21804767,1702.954,35.9912,518.0419736
"726","Status-quo_noCC","Herring",2015,0.24194578,1629.382,9.70052,494.949169
"727","Status-quo_noCC","Herring",2016,0.246371,1879.231,14.828,563.618342
"728","Status-quo_noCC","Herring",2017,0.186973982,1712.107,7.49557,490.97533
"729","Status-quo_noCC","Herring",2018,0.24780678,1520.7794,17.7671,591.79746
"730","Status-quo_noCC","Herring",2019,0.223565024,1271.7445,14.1253,432.12261
"731","Status-quo_noCC","Herring",2020,0.21,1124.0798,23.3562,289.816234
"732","Status-quo_noCC","Herring",2022,0.30936244,1230.2944,23.2358,414.44669
"733","Status-quo_noCC","Herring",2023,0.3001445,1193.6331,23.2985,363.198816
"734","Status-quo_noCC","Herring",2024,0.27111394,1078.1829,23.3459,297.737905
"735","Status-quo_noCC","Herring",2025,0.25166868,1000.8535,23.2312,275.130688
"736","Status-quo_noCC","Herring",2026,0.26947424,1071.6634,23.3411,319.724395
"737","Status-quo_noCC","Herring",2027,0.30479294,1212.1205,23.2695,396.99736
"738","Status-quo_noCC","Herring",2028,0.31,1318.8149,23.0029,429.30449
"739","Status-quo_noCC","Herring",2029,0.31,1354.1309,22.881,435.64809
"740","Status-quo_noCC","Herring",2030,0.31,1324.9964,22.9827,426.95129
"741","Status-quo_noCC","Herring",2031,0.31,1280.3295,23.1175,417.08255
"742","Status-quo_noCC","Herring",2032,0.31,1262.7524,23.1632,414.75711
"743","Status-quo_noCC","Herring",2033,0.31,1276.4061,23.1281,419.3143
"744","Status-quo_noCC","Herring",2034,0.31,1300.3147,23.0604,425.03438
"745","Status-quo_noCC","Herring",2035,0.31,1312.9148,23.0217,427.19557
"746","Status-quo_noCC","Herring",2036,0.31,1308.5625,23.0353,425.41172
"747","Status-quo_noCC","Herring",2037,0.31,1296.7696,23.071,422.54831
"748","Status-quo_noCC","Herring",2038,0.31,1289.6731,23.0915,421.33038
"749","Status-quo_noCC","Herring",2039,0.31,1291.4339,23.0865,422.17921
"750","Status-quo_noCC","Herring",2040,0.31,1297.6826,23.0683,423.75324
"751","Status-quo_noCC","Herring",2041,0.31,1302.0587,23.0552,424.58227
"752","Status-quo_noCC","Herring",2042,0.31,1301.762,23.0561,424.26815
"753","Status-quo_noCC","Herring",2043,0.31,1298.6225,23.0655,423.44867
"754","Status-quo_noCC","Herring",2044,0.31,1296.081,23.073,422.91916
"755","Status-quo_noCC","Herring",2045,0.31,1295.8204,23.0738,422.9462
"756","Status-quo_noCC","Herring",2046,0.31,1297.1347,23.0699,423.29478
"757","Status-quo_noCC","Herring",2047,0.31,1298.414,23.0661,423.54776
"758","Status-quo_noCC","Herring",2048,0.31,1298.5846,23.0656,423.50621
"759","Status-quo_noCC","Herring",2049,0.31,1297.7973,23.0679,423.25775
"760","Status-quo_noCC","Herring",2050,0.31,1296.8747,23.0707,423.0323
"761","Status-quo_noCC","Nor.pout",1974,2.468944,289.16,296.519,732.53482
"762","Status-quo_noCC","Nor.pout",1975,1.64387465,279.994857,437.039,508.26122
"763","Status-quo_noCC","Nor.pout",1976,1.5224247,349.86366,324.145,472.6081
"764","Status-quo_noCC","Nor.pout",1977,1.0906025,342.06122,170.41,383.9666
"765","Status-quo_noCC","Nor.pout",1978,1.2317536,298.4487,210.768,253.75616
"766","Status-quo_noCC","Nor.pout",1979,1.32269955,257.6187,238.073,339.89802
"767","Status-quo_noCC","Nor.pout",1980,1.38928165,371.88192,125.229,534.6499
"768","Status-quo_noCC","Nor.pout",1981,1.12269295,287.05,191.22,431.92782
"769","Status-quo_noCC","Nor.pout",1982,1.21148445,158.147,224.416,390.19692
"770","Status-quo_noCC","Nor.pout",1983,1.5412998,240.68174,149.705,475.747
"771","Status-quo_noCC","Nor.pout",1984,1.79489345,264.03539,115.705,376.483903
"772","Status-quo_noCC","Nor.pout",1985,2.247639,172.7521,94.6504,227.634972
"773","Status-quo_noCC","Nor.pout",1986,1.3174862,89.14928,134.926,180.330076
"774","Status-quo_noCC","Nor.pout",1987,1.7503282,122.57884,41.5738,148.92635
"775","Status-quo_noCC","Nor.pout",1988,0.94258805,83.0002,88.6904,109.21943
"776","Status-quo_noCC","Nor.pout",1989,1.07631695,75.1807,90.5653,166.74228
"777","Status-quo_noCC","Nor.pout",1990,1.1923404,122.70078,109.104,138.8413
"778","Status-quo_noCC","Nor.pout",1991,1.7090076,139.47559,129.943,189.81918
"779","Status-quo_noCC","Nor.pout",1992,0.96790925,162.5858,89.6293,302.27539
"780","Status-quo_noCC","Nor.pout",1993,1.65956005,203.9983,68.3101,181.097588
"781","Status-quo_noCC","Nor.pout",1994,1.29326465,89.22873,173.415,183.61828
"782","Status-quo_noCC","Nor.pout",1995,0.7277371,160.57614,88.3115,231.894454
"783","Status-quo_noCC","Nor.pout",1996,0.82572245,245.01284,121.218,156.22424
"784","Status-quo_noCC","Nor.pout",1997,0.74697155,166.1471,37.9921,156.781548
"785","Status-quo_noCC","Nor.pout",1998,0.60588335,198.22325,79.2273,73.980497
"786","Status-quo_noCC","Nor.pout",1999,0.86846575,105.3018,112.487,92.388104
"787","Status-quo_noCC","Nor.pout",2000,0.7485117,139.67954,51.1592,185.103762
"788","Status-quo_noCC","Nor.pout",2001,0.28780255,183.1745,72.9102,64.358235
"789","Status-quo_noCC","Nor.pout",2002,0.7289192,106.6846,42.5673,77.13822
"790","Status-quo_noCC","Nor.pout",2003,0.933536375,59.4979,19.3656,24.569144
"791","Status-quo_noCC","Nor.pout",2004,0.65050853,36.292,25.2027,13.487771
"792","Status-quo_noCC","Nor.pout",2005,0,23.86979,57.4175,0.04144
"793","Status-quo_noCC","Nor.pout",2006,0.862815205,48.74232,38.2544,46.529024
"794","Status-quo_noCC","Nor.pout",2007,0,60.06158,52.3778,5.799451
"795","Status-quo_noCC","Nor.pout",2008,0.4841404425,73.3772,87.4364,34.84358
"796","Status-quo_noCC","Nor.pout",2009,0.4917373605,98.91465,94.3184,45.821459
"797","Status-quo_noCC","Nor.pout",2010,1.03404665,178.45056,24.7261,131.191062
"798","Status-quo_noCC","Nor.pout",2011,0.051916797,148.28922,53.3982,6.839861
"799","Status-quo_noCC","Nor.pout",2012,0.0778698,72.5022,103.849,26.946185
"800","Status-quo_noCC","Nor.pout",2013,0.775380635,82.5971,36.3479,82.179503
"801","Status-quo_noCC","Nor.pout",2014,0.835226515,92.21023,126.105,44.189139
"802","Status-quo_noCC","Nor.pout",2015,0.72108428,93.34529,76.0954,57.351168
"803","Status-quo_noCC","Nor.pout",2016,1.01592866,157.82236,97.7589,60.202685
"804","Status-quo_noCC","Nor.pout",2017,0.4107002405,86.55916,48.2253,33.940902
"805","Status-quo_noCC","Nor.pout",2018,0.77114776,98.43368,120.05,36.151546
"806","Status-quo_noCC","Nor.pout",2019,0.989817885,90.77101,180.08,97.554556
"807","Status-quo_noCC","Nor.pout",2020,0.54,252.72134,91.7016,145.7945209
"808","Status-quo_noCC","Nor.pout",2022,0.7,423.5827,91.7016,143.665632
"809","Status-quo_noCC","Nor.pout",2023,0.5097288075,147.8799,91.7016,28.4374253
"810","Status-quo_noCC","Nor.pout",2024,0.1280288175,78.99732,91.7016,5.46885695
"811","Status-quo_noCC","Nor.pout",2025,0.2755423455,91.12141,91.7016,16.2788159
"812","Status-quo_noCC","Nor.pout",2026,0.472608448,117.02561,91.7016,35.7990801
"813","Status-quo_noCC","Nor.pout",2027,0.539710235,129.14911,91.7016,42.1854139
"814","Status-quo_noCC","Nor.pout",2028,0.4703421855,122.40596,91.7016,32.6723715
"815","Status-quo_noCC","Nor.pout",2029,0.3739626995,110.0714,91.7016,22.9976109
"816","Status-quo_noCC","Nor.pout",2030,0.334715204,103.86548,91.7016,19.8613618
"817","Status-quo_noCC","Nor.pout",2031,0.352642861,104.91131,91.7016,21.8765988
"818","Status-quo_noCC","Nor.pout",2032,0.394998734,109.97319,91.7016,26.0015257
"819","Status-quo_noCC","Nor.pout",2033,0.419634383,113.63362,91.7016,28.2343354
"820","Status-quo_noCC","Nor.pout",2034,0.412630369,113.36138,91.7016,27.222844
"821","Status-quo_noCC","Nor.pout",2035,0.3906249935,110.73782,91.7016,24.9595847
"822","Status-quo_noCC","Nor.pout",2036,0.375872899,108.63485,91.7016,23.6494655
"823","Status-quo_noCC","Nor.pout",2037,0.3771088335,108.455,91.7016,23.9110274
"824","Status-quo_noCC","Nor.pout",2038,0.388453501,109.72579,91.7016,25.0622513
"825","Status-quo_noCC","Nor.pout",2039,0.397533362,110.98451,91.7016,25.8976414
"826","Status-quo_noCC","Nor.pout",2040,0.397836059,111.20119,91.7016,25.8437419
"827","Status-quo_noCC","Nor.pout",2041,0.392299049,110.58785,91.7016,25.2596153
"828","Status-quo_noCC","Nor.pout",2042,0.387248561,109.90568,91.7016,24.7899833
"829","Status-quo_noCC","Nor.pout",2043,0.386648186,109.7283,91.7016,24.774673
"830","Status-quo_noCC","Nor.pout",2044,0.3894274215,110.0256,91.7016,25.0606062
"831","Status-quo_noCC","Nor.pout",2045,0.391898679,110.36018,91.7016,25.2889877
"832","Status-quo_noCC","Nor.pout",2046,0.392308183,110.45028,91.7016,25.3098238
"833","Status-quo_noCC","Nor.pout",2047,0.3910941695,110.32662,91.7016,25.1761248
"834","Status-quo_noCC","Nor.pout",2048,0.3895821285,110.13147,91.7016,25.02836
"835","Status-quo_noCC","Nor.pout",2049,0.388954181,110.02907,91.7016,24.9743302
"836","Status-quo_noCC","Nor.pout",2050,0.389310215,110.05276,91.7016,25.0172387
"837","Status-quo_noCC","Sprat",1974,0.6744606,522.5234,382.893,365.135159
"838","Status-quo_noCC","Sprat",1975,1.61232335,612.925,824.679,816.82028
"839","Status-quo_noCC","Sprat",1976,1.42272665,754.7322,321.971,722.4646
"840","Status-quo_noCC","Sprat",1977,1.3876328,406.19951,401.433,374.68172
"841","Status-quo_noCC","Sprat",1978,1.03214915,364.0015,740.909,488.13318
"842","Status-quo_noCC","Sprat",1979,0.62817475,542.63375,297.055,493.81966
"843","Status-quo_noCC","Sprat",1980,1.73814005,613.5849,158.892,413.62074
"844","Status-quo_noCC","Sprat",1981,1.1128358,164.8451,62.9174,293.229113
"845","Status-quo_noCC","Sprat",1982,0.9052741,100.8944,39.0216,199.54564
"846","Status-quo_noCC","Sprat",1983,1.82094,139.487,70.864,115.61963
"847","Status-quo_noCC","Sprat",1984,1.0044931,94.51211,52.3474,112.831855
"848","Status-quo_noCC","Sprat",1985,1.17112115,155.57215,31.5783,69.432199
"849","Status-quo_noCC","Sprat",1986,1.70056505,71.88947,93.2776,30.00331
"850","Status-quo_noCC","Sprat",1987,0.407073575,134.86996,36.066,46.6849459
"851","Status-quo_noCC","Sprat",1988,1.4435744,136.83604,52.4912,97.12866
"852","Status-quo_noCC","Sprat",1989,0.5104061,68.12847,106.846,75.02719427
"853","Status-quo_noCC","Sprat",1990,1.36254675,139.53516,98.5642,83.02336716
"854","Status-quo_noCC","Sprat",1991,1.25821,102.67541,63.3591,126.0227763
"855","Status-quo_noCC","Sprat",1992,0.5362795,90.18058,90.913,134.7945403
"856","Status-quo_noCC","Sprat",1993,1.26210915,118.6357,169.941,213.725999
"857","Status-quo_noCC","Sprat",1994,0.5745747,142.76682,114.889,421.81738
"858","Status-quo_noCC","Sprat",1995,1.40988155,217.67954,38.5201,419.477128
"859","Status-quo_noCC","Sprat",1996,1.2560289,127.1778,35.0925,164.39906
"860","Status-quo_noCC","Sprat",1997,0.87323425,66.19869,46.2967,120.7833717
"861","Status-quo_noCC","Sprat",1998,1.46734285,135.51256,103.39,185.551833
"862","Status-quo_noCC","Sprat",1999,0.9301348,116.75064,77.2089,221.48473622
"863","Status-quo_noCC","Sprat",2000,1.1392344,117.89307,54.032,227.074004
"864","Status-quo_noCC","Sprat",2001,1.5084958,113.01269,64.1184,221.366156
"865","Status-quo_noCC","Sprat",2002,1.38264175,167.89607,55.5137,162.483392
"866","Status-quo_noCC","Sprat",2003,1.24283465,90.02809,67.9539,198.528044
"867","Status-quo_noCC","Sprat",2004,1.3113324,159.79608,187.738,218.197332
"868","Status-quo_noCC","Sprat",2005,0.9400835,162.83359,55.8074,248.457882
"869","Status-quo_noCC","Sprat",2006,1.6407843,183.28674,64.6815,129.55435
"870","Status-quo_noCC","Sprat",2007,1.10297095,142.3944,52.9127,102.002382
"871","Status-quo_noCC","Sprat",2008,0.95487275,81.72228,128.378,70.541546
"872","Status-quo_noCC","Sprat",2009,0.6325217,247.4948,125.387,142.246271
"873","Status-quo_noCC","Sprat",2010,0.6819491,224.419,143.356,160.2215481
"874","Status-quo_noCC","Sprat",2011,0.7811661,238.6605,107.943,154.1318103
"875","Status-quo_noCC","Sprat",2012,0.8419376,245.5465,62.6616,98.140065
"876","Status-quo_noCC","Sprat",2013,1.1503497,92.7505,214.6,66.1693563
"877","Status-quo_noCC","Sprat",2014,0.20748099,381.1958,160.056,158.83238882
"878","Status-quo_noCC","Sprat",2015,0.98518425,421.2769,111.451,307.83893
"879","Status-quo_noCC","Sprat",2016,2.00666625,227.9545,141.424,259.86144
"880","Status-quo_noCC","Sprat",2017,0.8255969,106.68275,208.474,130.41525
"881","Status-quo_noCC","Sprat",2018,0.90346995,188.87582,194.938,193.44501
"882","Status-quo_noCC","Sprat",2019,0.4794628,226.9883,261.849,151.012749
"883","Status-quo_noCC","Sprat",2020,0.5700285,373.9364,118.747,227.66889
"884","Status-quo_noCC","Sprat",2022,0.900045,308.2124,124.069,206.84265
"885","Status-quo_noCC","Sprat",2023,0.244715225,138.6003,102.887,33.39023
"886","Status-quo_noCC","Sprat",2024,0.18936306,134.7251,101.418,27.899767
"887","Status-quo_noCC","Sprat",2025,0.310193795,156.2123,108.821,55.70933
"888","Status-quo_noCC","Sprat",2026,0.45029118,178.5401,114.748,88.3317
"889","Status-quo_noCC","Sprat",2027,0.50367105,185.4185,116.248,98.14375
"890","Status-quo_noCC","Sprat",2028,0.4867487,181.839,115.486,90.92984
"891","Status-quo_noCC","Sprat",2029,0.4568051,176.7162,114.326,83.2783
"892","Status-quo_noCC","Sprat",2030,0.449250355,175.6148,114.066,82.54564
"893","Status-quo_noCC","Sprat",2031,0.465554495,178.4618,114.73,87.73931
"894","Status-quo_noCC","Sprat",2032,0.48899305,182.3056,115.587,93.85375
"895","Status-quo_noCC","Sprat",2033,0.50013255,183.9397,115.938,96.06191
"896","Status-quo_noCC","Sprat",2034,0.49615455,183.1301,115.765,94.32716
"897","Status-quo_noCC","Sprat",2035,0.48652205,181.5037,115.412,91.67082
"898","Status-quo_noCC","Sprat",2036,0.48126141,180.6874,115.232,90.60673
"899","Status-quo_noCC","Sprat",2037,0.483326,181.0944,115.322,91.49468
"900","Status-quo_noCC","Sprat",2038,0.4889515,182.0414,115.53,93.07081
"901","Status-quo_noCC","Sprat",2039,0.49269525,182.6268,115.657,93.90778
"902","Status-quo_noCC","Sprat",2040,0.49237635,182.532,115.636,93.62746
"903","Status-quo_noCC","Sprat",2041,0.48977275,182.0862,115.539,92.8684
"904","Status-quo_noCC","Sprat",2042,0.48776765,181.7668,115.47,92.40455
"905","Status-quo_noCC","Sprat",2043,0.4877676,181.787,115.474,92.50846
"906","Status-quo_noCC","Sprat",2044,0.4891317,182.0223,115.526,92.91693
"907","Status-quo_noCC","Sprat",2045,0.49036305,182.2202,115.569,93.21773
"908","Status-quo_noCC","Sprat",2046,0.49060115,182.2483,115.575,93.2291
"909","Status-quo_noCC","Sprat",2047,0.49005505,182.1515,115.554,93.05526
"910","Status-quo_noCC","Sprat",2048,0.48945935,182.0542,115.532,92.90663
"911","Status-quo_noCC","Sprat",2049,0.48932725,182.0374,115.529,92.90024
"912","Status-quo_noCC","Sprat",2050,0.4896586,182.0956,115.541,93.00755
"913","Case-study_rcp45","Herring",1974,0.7588798,231.55969,9.76504,266.0127707
"914","Case-study_rcp45","Herring",1975,1.3042258,160.38451,4.1549,253.936978
"915","Case-study_rcp45","Herring",1976,0.8217317,85.84528,2.27249,159.2551815
"916","Case-study_rcp45","Herring",1977,0.20984378,61.020586,1.40772,39.3143447
"917","Case-study_rcp45","Herring",1978,0,72.91383,1.13919,0
"918","Case-study_rcp45","Herring",1979,0,99.81087,4.2996,0
"919","Case-study_rcp45","Herring",1980,0.12016436,127.81693,15.4957,73.4498774
"920","Case-study_rcp45","Herring",1981,0.17640074,196.64405,20.8831,208.7451796
"921","Case-study_rcp45","Herring",1982,0.14514714,350.2555,30.5954,277.06982
"922","Case-study_rcp45","Herring",1983,0.32908226,619.4064,27.0698,430.2153877
"923","Case-study_rcp45","Herring",1984,0.52961984,922.1063,31.0249,460.933687
"924","Case-study_rcp45","Herring",1985,0.58612294,964.23796,46.2658,659.339468
"925","Case-study_rcp45","Herring",1986,0.48184306,915.1545,52.6667,752.730421
"926","Case-study_rcp45","Herring",1987,0.44578588,1041.9821,40.9552,1008.725363
"927","Case-study_rcp45","Herring",1988,0.45439118,1388.755,22.2127,1140.872967
"928","Case-study_rcp45","Herring",1989,0.38698212,1418.7947,19.8513,910.318178
"929","Case-study_rcp45","Herring",1990,0.37990196,1447.7683,19.5452,739.05632
"930","Case-study_rcp45","Herring",1991,0.39866822,1277.231,21.3652,685.045255
"931","Case-study_rcp45","Herring",1992,0.54486654,1037.9571,31.067,764.4316
"932","Case-study_rcp45","Herring",1993,0.73706082,739.9792,32.9629,687.90159
"933","Case-study_rcp45","Herring",1994,0.69873378,745.5892,24.9279,597.20772
"934","Case-study_rcp45","Herring",1995,0.81420278,717.5503,26.3676,595.416686
"935","Case-study_rcp45","Herring",1996,0.32842296,613.8649,26.9955,274.3717617
"936","Case-study_rcp45","Herring",1997,0.28901004,731.4918,17.2294,264.055839
"937","Case-study_rcp45","Herring",1998,0.43480576,993.3717,13.0516,380.193317
"938","Case-study_rcp45","Herring",1999,0.33357768,1051.398,38.7461,369.621777
"939","Case-study_rcp45","Herring",2000,0.3329749,1080.7987,24.9031,421.77943
"940","Case-study_rcp45","Herring",2001,0.26654598,1403.6539,67.4674,363.6912387
"941","Case-study_rcp45","Herring",2002,0.23786614,1741.8249,27.1564,390.438144
"942","Case-study_rcp45","Herring",2003,0.2481339,1976.9937,18.6826,487.43234
"943","Case-study_rcp45","Herring",2004,0.26330118,2185.2915,21.3184,589.575669
"944","Case-study_rcp45","Herring",2005,0.34292734,2156.3095,14.6768,665.39644
"945","Case-study_rcp45","Herring",2006,0.27782698,1591.1039,17.0225,513.246729
"946","Case-study_rcp45","Herring",2007,0.2450066,1244.5221,21.6824,406.368329
"947","Case-study_rcp45","Herring",2008,0.17291617,1111.3688,19.6346,258.712891
"948","Case-study_rcp45","Herring",2009,0.101812658,1248.4956,22.1427,168.588998
"949","Case-study_rcp45","Herring",2010,0.11508248,1322.1095,22.2495,186.255103
"950","Case-study_rcp45","Herring",2011,0.103211948,1772.3529,19.8325,224.0493293
"951","Case-study_rcp45","Herring",2012,0.196455128,2088.1422,19.1553,434.509325
"952","Case-study_rcp45","Herring",2013,0.22559307,1898.867,31.5267,511.21947
"953","Case-study_rcp45","Herring",2014,0.21804767,1702.954,35.9912,518.0419736
"954","Case-study_rcp45","Herring",2015,0.24194578,1629.382,9.70052,494.949169
"955","Case-study_rcp45","Herring",2016,0.246371,1879.231,14.828,563.618342
"956","Case-study_rcp45","Herring",2017,0.186973982,1712.107,7.49557,490.97533
"957","Case-study_rcp45","Herring",2018,0.24780678,1520.7794,17.7671,591.79746
"958","Case-study_rcp45","Herring",2019,0.223565024,1271.7445,14.1253,432.12261
"959","Case-study_rcp45","Herring",2020,0.21,1124.0798,23.2721,289.790864
"960","Case-study_rcp45","Herring",2022,0.30934886,1230.2397,22.2585,412.21651
"961","Case-study_rcp45","Herring",2023,0.2957477,1176.1498,22.0098,338.718703
"962","Case-study_rcp45","Herring",2024,0.24529934,975.522,21.7061,226.691304
"963","Case-study_rcp45","Herring",2025,0.198199242,788.2133,20.7789,160.468252
"964","Case-study_rcp45","Herring",2026,0.19026288,756.65,20.6805,153.884262
"965","Case-study_rcp45","Herring",2027,0.206285714,820.3714,21.4011,182.661899
"966","Case-study_rcp45","Herring",2028,0.234783092,933.7025,22.2067,234.582361
"967","Case-study_rcp45","Herring",2029,0.26321692,1046.7779,22.5959,290.663837
"968","Case-study_rcp45","Herring",2030,0.28341584,1127.1054,22.5914,329.951005
"969","Case-study_rcp45","Herring",2031,0.2896987,1152.0943,22.3867,342.280631
"970","Case-study_rcp45","Herring",2032,0.28905198,1149.5206,22.09,341.954401
"971","Case-study_rcp45","Herring",2033,0.2881499,1145.9324,21.7595,341.57808
"972","Case-study_rcp45","Herring",2034,0.2890256,1149.4144,21.4681,344.538331
"973","Case-study_rcp45","Herring",2035,0.29052372,1155.3736,21.2792,348.182349
"974","Case-study_rcp45","Herring",2036,0.29086268,1156.7209,21.2271,349.038372
"975","Case-study_rcp45","Herring",2037,0.28965692,1151.9269,21.3049,346.640181
"976","Case-study_rcp45","Herring",2038,0.28790994,1144.9795,21.4694,343.394229
"977","Case-study_rcp45","Herring",2039,0.28713648,1141.9028,21.6611,342.70789
"978","Case-study_rcp45","Herring",2040,0.288431,1147.0521,21.823,346.580079
"979","Case-study_rcp45","Herring",2041,0.29158792,1159.6052,21.9161,354.358761
"980","Case-study_rcp45","Herring",2042,0.29558564,1175.5029,21.9286,363.820517
"981","Case-study_rcp45","Herring",2043,0.299245,1190.0571,21.8774,372.25609
"982","Case-study_rcp45","Herring",2044,0.30163284,1199.5524,21.7974,377.72769
"983","Case-study_rcp45","Herring",2045,0.30258512,1203.3393,21.7218,380.01254
"984","Case-study_rcp45","Herring",2046,0.30258084,1203.3217,21.6665,380.297149
"985","Case-study_rcp45","Herring",2047,0.30224754,1201.9975,21.6261,379.746359
"986","Case-study_rcp45","Herring",2048,0.3018254,1200.3202,21.5773,379.018374
"987","Case-study_rcp45","Herring",2049,0.30157832,1199.3356,21.4863,378.716474
"988","Case-study_rcp45","Herring",2050,0.30153326,1199.1563,21.3231,378.670754
"989","Case-study_rcp45","Nor.pout",1974,2.468944,289.16,296.519,732.53482
"990","Case-study_rcp45","Nor.pout",1975,1.64387465,279.994857,437.039,508.26122
"991","Case-study_rcp45","Nor.pout",1976,1.5224247,349.86366,324.145,472.6081
"992","Case-study_rcp45","Nor.pout",1977,1.0906025,342.06122,170.41,383.9666
"993","Case-study_rcp45","Nor.pout",1978,1.2317536,298.4487,210.768,253.75616
"994","Case-study_rcp45","Nor.pout",1979,1.32269955,257.6187,238.073,339.89802
"995","Case-study_rcp45","Nor.pout",1980,1.38928165,371.88192,125.229,534.6499
"996","Case-study_rcp45","Nor.pout",1981,1.12269295,287.05,191.22,431.92782
"997","Case-study_rcp45","Nor.pout",1982,1.21148445,158.147,224.416,390.19692
"998","Case-study_rcp45","Nor.pout",1983,1.5412998,240.68174,149.705,475.747
"999","Case-study_rcp45","Nor.pout",1984,1.79489345,264.03539,115.705,376.483903
"1000","Case-study_rcp45","Nor.pout",1985,2.247639,172.7521,94.6504,227.634972
"1001","Case-study_rcp45","Nor.pout",1986,1.3174862,89.14928,134.926,180.330076
"1002","Case-study_rcp45","Nor.pout",1987,1.7503282,122.57884,41.5738,148.92635
"1003","Case-study_rcp45","Nor.pout",1988,0.94258805,83.0002,88.6904,109.21943
"1004","Case-study_rcp45","Nor.pout",1989,1.07631695,75.1807,90.5653,166.74228
"1005","Case-study_rcp45","Nor.pout",1990,1.1923404,122.70078,109.104,138.8413
"1006","Case-study_rcp45","Nor.pout",1991,1.7090076,139.47559,129.943,189.81918
"1007","Case-study_rcp45","Nor.pout",1992,0.96790925,162.5858,89.6293,302.27539
"1008","Case-study_rcp45","Nor.pout",1993,1.65956005,203.9983,68.3101,181.097588
"1009","Case-study_rcp45","Nor.pout",1994,1.29326465,89.22873,173.415,183.61828
"1010","Case-study_rcp45","Nor.pout",1995,0.7277371,160.57614,88.3115,231.894454
"1011","Case-study_rcp45","Nor.pout",1996,0.82572245,245.01284,121.218,156.22424
"1012","Case-study_rcp45","Nor.pout",1997,0.74697155,166.1471,37.9921,156.781548
"1013","Case-study_rcp45","Nor.pout",1998,0.60588335,198.22325,79.2273,73.980497
"1014","Case-study_rcp45","Nor.pout",1999,0.86846575,105.3018,112.487,92.388104
"1015","Case-study_rcp45","Nor.pout",2000,0.7485117,139.67954,51.1592,185.103762
"1016","Case-study_rcp45","Nor.pout",2001,0.28780255,183.1745,72.9102,64.358235
"1017","Case-study_rcp45","Nor.pout",2002,0.7289192,106.6846,42.5673,77.13822
"1018","Case-study_rcp45","Nor.pout",2003,0.933536375,59.4979,19.3656,24.569144
"1019","Case-study_rcp45","Nor.pout",2004,0.65050853,36.292,25.2027,13.487771
"1020","Case-study_rcp45","Nor.pout",2005,0,23.86979,57.4175,0.04144
"1021","Case-study_rcp45","Nor.pout",2006,0.862815205,48.74232,38.2544,46.529024
"1022","Case-study_rcp45","Nor.pout",2007,0,60.06158,52.3778,5.799451
"1023","Case-study_rcp45","Nor.pout",2008,0.4841404425,73.3772,87.4364,34.84358
"1024","Case-study_rcp45","Nor.pout",2009,0.4917373605,98.91465,94.3184,45.821459
"1025","Case-study_rcp45","Nor.pout",2010,1.03404665,178.45056,24.7261,131.191062
"1026","Case-study_rcp45","Nor.pout",2011,0.051916797,148.28922,53.3982,6.839861
"1027","Case-study_rcp45","Nor.pout",2012,0.0778698,72.5022,103.849,26.946185
"1028","Case-study_rcp45","Nor.pout",2013,0.775380635,82.5971,36.3479,82.179503
"1029","Case-study_rcp45","Nor.pout",2014,0.835226515,92.21023,126.105,44.189139
"1030","Case-study_rcp45","Nor.pout",2015,0.72108428,93.34529,76.0954,57.351168
"1031","Case-study_rcp45","Nor.pout",2016,1.01592866,157.82236,97.7589,60.202685
"1032","Case-study_rcp45","Nor.pout",2017,0.4107002405,86.55916,48.2253,33.940902
"1033","Case-study_rcp45","Nor.pout",2018,0.77114776,98.43368,120.05,36.151546
"1034","Case-study_rcp45","Nor.pout",2019,0.989817885,90.77101,180.08,97.554556
"1035","Case-study_rcp45","Nor.pout",2020,0.54,252.72134,91.7016,145.7728507
"1036","Case-study_rcp45","Nor.pout",2022,0.7,423.517,91.7016,139.279906
"1037","Case-study_rcp45","Nor.pout",2023,0.420147495,138.1097,91.7016,17.8417204
"1038","Case-study_rcp45","Nor.pout",2024,0,58.57201,91.7016,0
"1039","Case-study_rcp45","Nor.pout",2025,0,52.07845,91.7016,0
"1040","Case-study_rcp45","Nor.pout",2026,0.002485194085,60.17825,91.7016,0.0738984433
"1041","Case-study_rcp45","Nor.pout",2027,0.1308836595,74.2494,91.7016,5.28707586
"1042","Case-study_rcp45","Nor.pout",2028,0.2338565585,87.79861,91.7016,11.2114616
"1043","Case-study_rcp45","Nor.pout",2029,0.277071288,94.04302,91.7016,14.0429616
"1044","Case-study_rcp45","Nor.pout",2030,0.2755700965,94.77093,91.7016,13.6412329
"1045","Case-study_rcp45","Nor.pout",2031,0.257693028,92.30925,91.7016,12.5357579
"1046","Case-study_rcp45","Nor.pout",2032,0.2630438365,92.53068,91.7016,13.0878196
"1047","Case-study_rcp45","Nor.pout",2033,0.282763105,94.80798,91.7016,14.658859
"1048","Case-study_rcp45","Nor.pout",2034,0.3027183525,97.46099,91.7016,16.2522698
"1049","Case-study_rcp45","Nor.pout",2035,0.3133466945,99.15351,91.7016,17.1149194
"1050","Case-study_rcp45","Nor.pout",2036,0.3154593865,99.67625,91.7016,17.3046715
"1051","Case-study_rcp45","Nor.pout",2037,0.3149786895,99.71056,91.7016,17.3102823
"1052","Case-study_rcp45","Nor.pout",2038,0.316767164,99.90817,91.7016,17.5317251
"1053","Case-study_rcp45","Nor.pout",2039,0.3240669235,100.69694,91.7016,18.2563244
"1054","Case-study_rcp45","Nor.pout",2040,0.3364526345,102.20915,91.7016,19.4046584
"1055","Case-study_rcp45","Nor.pout",2041,0.3488463195,103.84442,91.7016,20.5710239
"1056","Case-study_rcp45","Nor.pout",2042,0.359157595,105.25702,91.7016,21.5564594
"1057","Case-study_rcp45","Nor.pout",2043,0.365086657,106.21278,91.7016,22.1171887
"1058","Case-study_rcp45","Nor.pout",2044,0.3662028975,106.52944,91.7016,22.2574184
"1059","Case-study_rcp45","Nor.pout",2045,0.365514489,106.57251,91.7016,22.2528304
"1060","Case-study_rcp45","Nor.pout",2046,0.365903243,106.67923,91.7016,22.351068
"1061","Case-study_rcp45","Nor.pout",2047,0.3663207145,106.86256,91.7016,22.4148073
"1062","Case-study_rcp45","Nor.pout",2048,0.365810795,106.87138,91.7016,22.4230648
"1063","Case-study_rcp45","Nor.pout",2049,0.3670720035,107.04582,91.7016,22.5992433
"1064","Case-study_rcp45","Nor.pout",2050,0.3690235375,107.36463,91.7016,22.8069362
"1065","Case-study_rcp45","Sprat",1974,0.6744606,522.5234,382.893,365.135159
"1066","Case-study_rcp45","Sprat",1975,1.61232335,612.925,824.679,816.82028
"1067","Case-study_rcp45","Sprat",1976,1.42272665,754.7322,321.971,722.4646
"1068","Case-study_rcp45","Sprat",1977,1.3876328,406.19951,401.433,374.68172
"1069","Case-study_rcp45","Sprat",1978,1.03214915,364.0015,740.909,488.13318
"1070","Case-study_rcp45","Sprat",1979,0.62817475,542.63375,297.055,493.81966
"1071","Case-study_rcp45","Sprat",1980,1.73814005,613.5849,158.892,413.62074
"1072","Case-study_rcp45","Sprat",1981,1.1128358,164.8451,62.9174,293.229113
"1073","Case-study_rcp45","Sprat",1982,0.9052741,100.8944,39.0216,199.54564
"1074","Case-study_rcp45","Sprat",1983,1.82094,139.487,70.864,115.61963
"1075","Case-study_rcp45","Sprat",1984,1.0044931,94.51211,52.3474,112.831855
"1076","Case-study_rcp45","Sprat",1985,1.17112115,155.57215,31.5783,69.432199
"1077","Case-study_rcp45","Sprat",1986,1.70056505,71.88947,93.2776,30.00331
"1078","Case-study_rcp45","Sprat",1987,0.407073575,134.86996,36.066,46.6849459
"1079","Case-study_rcp45","Sprat",1988,1.4435744,136.83604,52.4912,97.12866
"1080","Case-study_rcp45","Sprat",1989,0.5104061,68.12847,106.846,75.02719427
"1081","Case-study_rcp45","Sprat",1990,1.36254675,139.53516,98.5642,83.02336716
"1082","Case-study_rcp45","Sprat",1991,1.25821,102.67541,63.3591,126.0227763
"1083","Case-study_rcp45","Sprat",1992,0.5362795,90.18058,90.913,134.7945403
"1084","Case-study_rcp45","Sprat",1993,1.26210915,118.6357,169.941,213.725999
"1085","Case-study_rcp45","Sprat",1994,0.5745747,142.76682,114.889,421.81738
"1086","Case-study_rcp45","Sprat",1995,1.40988155,217.67954,38.5201,419.477128
"1087","Case-study_rcp45","Sprat",1996,1.2560289,127.1778,35.0925,164.39906
"1088","Case-study_rcp45","Sprat",1997,0.87323425,66.19869,46.2967,120.7833717
"1089","Case-study_rcp45","Sprat",1998,1.46734285,135.51256,103.39,185.551833
"1090","Case-study_rcp45","Sprat",1999,0.9301348,116.75064,77.2089,221.48473622
"1091","Case-study_rcp45","Sprat",2000,1.1392344,117.89307,54.032,227.074004
"1092","Case-study_rcp45","Sprat",2001,1.5084958,113.01269,64.1184,221.366156
"1093","Case-study_rcp45","Sprat",2002,1.38264175,167.89607,55.5137,162.483392
"1094","Case-study_rcp45","Sprat",2003,1.24283465,90.02809,67.9539,198.528044
"1095","Case-study_rcp45","Sprat",2004,1.3113324,159.79608,187.738,218.197332
"1096","Case-study_rcp45","Sprat",2005,0.9400835,162.83359,55.8074,248.457882
"1097","Case-study_rcp45","Sprat",2006,1.6407843,183.28674,64.6815,129.55435
"1098","Case-study_rcp45","Sprat",2007,1.10297095,142.3944,52.9127,102.002382
"1099","Case-study_rcp45","Sprat",2008,0.95487275,81.72228,128.378,70.541546
"1100","Case-study_rcp45","Sprat",2009,0.6325217,247.4948,125.387,142.246271
"1101","Case-study_rcp45","Sprat",2010,0.6819491,224.419,143.356,160.2215481
"1102","Case-study_rcp45","Sprat",2011,0.7811661,238.6605,107.943,154.1318103
"1103","Case-study_rcp45","Sprat",2012,0.8419376,245.5465,62.6616,98.140065
"1104","Case-study_rcp45","Sprat",2013,1.1503497,92.7505,214.6,66.1693563
"1105","Case-study_rcp45","Sprat",2014,0.20748099,381.1958,160.056,158.83238882
"1106","Case-study_rcp45","Sprat",2015,0.98518425,421.2769,111.451,307.83893
"1107","Case-study_rcp45","Sprat",2016,2.00666625,227.9545,141.424,259.86144
"1108","Case-study_rcp45","Sprat",2017,0.8255969,106.68275,208.474,130.41525
"1109","Case-study_rcp45","Sprat",2018,0.90346995,188.87582,194.938,193.44501
"1110","Case-study_rcp45","Sprat",2019,0.4794628,226.9883,261.849,151.012749
"1111","Case-study_rcp45","Sprat",2020,0.5700285,373.9364,118.747,227.64877
"1112","Case-study_rcp45","Sprat",2022,0.900045,308.3009,124.065,206.18451
"1113","Case-study_rcp45","Sprat",2023,0.230179335,136.5266,102.109,30.05088
"1114","Case-study_rcp45","Sprat",2024,0.141984365,126.9747,98.2946,19.197872
"1115","Case-study_rcp45","Sprat",2025,0.23101544,143.47,104.647,38.231565
"1116","Case-study_rcp45","Sprat",2026,0.376864455,167.3897,111.998,71.46591
"1117","Case-study_rcp45","Sprat",2027,0.4917642,184.3719,116.029,99.8295
"1118","Case-study_rcp45","Sprat",2028,0.5442169,192.0216,117.553,111.104
"1119","Case-study_rcp45","Sprat",2029,0.5415718,190.9005,117.341,107.85467
"1120","Case-study_rcp45","Sprat",2030,0.5164996,186.5654,116.484,99.65932
"1121","Case-study_rcp45","Sprat",2031,0.4923818,182.6563,115.663,93.88791
"1122","Case-study_rcp45","Sprat",2032,0.48921255,182.4378,115.616,93.76828
"1123","Case-study_rcp45","Sprat",2033,0.49420235,183.352,115.812,95.26441
"1124","Case-study_rcp45","Sprat",2034,0.49673995,183.7566,115.899,95.66929
"1125","Case-study_rcp45","Sprat",2035,0.49288365,183.1002,115.759,94.25147
"1126","Case-study_rcp45","Sprat",2036,0.4846922,181.7579,115.468,91.83916
"1127","Case-study_rcp45","Sprat",2037,0.476245795,180.4121,115.171,89.60334
"1128","Case-study_rcp45","Sprat",2038,0.47090482,179.59,114.987,88.35798
"1129","Case-study_rcp45","Sprat",2039,0.469633055,179.4305,114.951,88.19037
"1130","Case-study_rcp45","Sprat",2040,0.470950695,179.6644,115.003,88.58862
"1131","Case-study_rcp45","Sprat",2041,0.472213215,179.8608,115.047,88.85074
"1132","Case-study_rcp45","Sprat",2042,0.471954885,179.7982,115.033,88.66136
"1133","Case-study_rcp45","Sprat",2043,0.4698783,179.4545,114.956,87.98199
"1134","Case-study_rcp45","Sprat",2044,0.466195075,178.8643,114.822,86.92197
"1135","Case-study_rcp45","Sprat",2045,0.461974095,178.2022,114.671,85.79462
"1136","Case-study_rcp45","Sprat",2046,0.45824661,177.6341,114.54,84.82053
"1137","Case-study_rcp45","Sprat",2047,0.45474917,177.1027,114.416,83.89713
"1138","Case-study_rcp45","Sprat",2048,0.45149029,176.5955,114.298,83.05449
"1139","Case-study_rcp45","Sprat",2049,0.44874467,176.1718,114.198,82.34248
"1140","Case-study_rcp45","Sprat",2050,0.44636611,175.7976,114.109,81.73733
"1141","PGY-Min_rcp45","Herring",1974,0.7588798,231.55969,9.76504,266.0127707
"1142","PGY-Min_rcp45","Herring",1975,1.3042258,160.38451,4.1549,253.936978
"1143","PGY-Min_rcp45","Herring",1976,0.8217317,85.84528,2.27249,159.2551815
"1144","PGY-Min_rcp45","Herring",1977,0.20984378,61.020586,1.40772,39.3143447
"1145","PGY-Min_rcp45","Herring",1978,0,72.91383,1.13919,0
"1146","PGY-Min_rcp45","Herring",1979,0,99.81087,4.2996,0
"1147","PGY-Min_rcp45","Herring",1980,0.12016436,127.81693,15.4957,73.4498774
"1148","PGY-Min_rcp45","Herring",1981,0.17640074,196.64405,20.8831,208.7451796
"1149","PGY-Min_rcp45","Herring",1982,0.14514714,350.2555,30.5954,277.06982
"1150","PGY-Min_rcp45","Herring",1983,0.32908226,619.4064,27.0698,430.2153877
"1151","PGY-Min_rcp45","Herring",1984,0.52961984,922.1063,31.0249,460.933687
"1152","PGY-Min_rcp45","Herring",1985,0.58612294,964.23796,46.2658,659.339468
"1153","PGY-Min_rcp45","Herring",1986,0.48184306,915.1545,52.6667,752.730421
"1154","PGY-Min_rcp45","Herring",1987,0.44578588,1041.9821,40.9552,1008.725363
"1155","PGY-Min_rcp45","Herring",1988,0.45439118,1388.755,22.2127,1140.872967
"1156","PGY-Min_rcp45","Herring",1989,0.38698212,1418.7947,19.8513,910.318178
"1157","PGY-Min_rcp45","Herring",1990,0.37990196,1447.7683,19.5452,739.05632
"1158","PGY-Min_rcp45","Herring",1991,0.39866822,1277.231,21.3652,685.045255
"1159","PGY-Min_rcp45","Herring",1992,0.54486654,1037.9571,31.067,764.4316
"1160","PGY-Min_rcp45","Herring",1993,0.73706082,739.9792,32.9629,687.90159
"1161","PGY-Min_rcp45","Herring",1994,0.69873378,745.5892,24.9279,597.20772
"1162","PGY-Min_rcp45","Herring",1995,0.81420278,717.5503,26.3676,595.416686
"1163","PGY-Min_rcp45","Herring",1996,0.32842296,613.8649,26.9955,274.3717617
"1164","PGY-Min_rcp45","Herring",1997,0.28901004,731.4918,17.2294,264.055839
"1165","PGY-Min_rcp45","Herring",1998,0.43480576,993.3717,13.0516,380.193317
"1166","PGY-Min_rcp45","Herring",1999,0.33357768,1051.398,38.7461,369.621777
"1167","PGY-Min_rcp45","Herring",2000,0.3329749,1080.7987,24.9031,421.77943
"1168","PGY-Min_rcp45","Herring",2001,0.26654598,1403.6539,67.4674,363.6912387
"1169","PGY-Min_rcp45","Herring",2002,0.23786614,1741.8249,27.1564,390.438144
"1170","PGY-Min_rcp45","Herring",2003,0.2481339,1976.9937,18.6826,487.43234
"1171","PGY-Min_rcp45","Herring",2004,0.26330118,2185.2915,21.3184,589.575669
"1172","PGY-Min_rcp45","Herring",2005,0.34292734,2156.3095,14.6768,665.39644
"1173","PGY-Min_rcp45","Herring",2006,0.27782698,1591.1039,17.0225,513.246729
"1174","PGY-Min_rcp45","Herring",2007,0.2450066,1244.5221,21.6824,406.368329
"1175","PGY-Min_rcp45","Herring",2008,0.17291617,1111.3688,19.6346,258.712891
"1176","PGY-Min_rcp45","Herring",2009,0.101812658,1248.4956,22.1427,168.588998
"1177","PGY-Min_rcp45","Herring",2010,0.11508248,1322.1095,22.2495,186.255103
"1178","PGY-Min_rcp45","Herring",2011,0.103211948,1772.3529,19.8325,224.0493293
"1179","PGY-Min_rcp45","Herring",2012,0.196455128,2088.1422,19.1553,434.509325
"1180","PGY-Min_rcp45","Herring",2013,0.22559307,1898.867,31.5267,511.21947
"1181","PGY-Min_rcp45","Herring",2014,0.21804767,1702.954,35.9912,518.0419736
"1182","PGY-Min_rcp45","Herring",2015,0.24194578,1629.382,9.70052,494.949169
"1183","PGY-Min_rcp45","Herring",2016,0.246371,1879.231,14.828,563.618342
"1184","PGY-Min_rcp45","Herring",2017,0.186973982,1712.107,7.49557,490.97533
"1185","PGY-Min_rcp45","Herring",2018,0.24780678,1520.7794,17.7671,591.79746
"1186","PGY-Min_rcp45","Herring",2019,0.223565024,1271.7445,14.1253,432.12261
"1187","PGY-Min_rcp45","Herring",2020,0.21,1124.0798,23.2721,289.790864
"1188","PGY-Min_rcp45","Herring",2022,0.30934886,1230.2397,22.2585,412.18582
"1189","PGY-Min_rcp45","Herring",2023,0.29567794,1175.871,22.0101,338.049773
"1190","PGY-Min_rcp45","Herring",2024,0.24430208,971.5558,21.695,222.613943
"1191","PGY-Min_rcp45","Herring",2025,0.193126528,768.0383,20.6175,148.050437
"1192","PGY-Min_rcp45","Herring",2026,0.175756,698.9576,20.1203,125.623078
"1193","PGY-Min_rcp45","Herring",2027,0.17673934,702.8682,20.378,128.020106
"1194","PGY-Min_rcp45","Herring",2028,0.187544518,745.8407,21.0012,144.832329
"1195","PGY-Min_rcp45","Herring",2029,0.20295256,807.1154,21.6099,171.067691
"1196","PGY-Min_rcp45","Herring",2030,0.222976138,886.7452,22.0593,206.139891
"1197","PGY-Min_rcp45","Herring",2031,0.24370942,969.1992,22.1973,246.235277
"1198","PGY-Min_rcp45","Herring",2032,0.26427774,1050.998,22.0666,287.479472
"1199","PGY-Min_rcp45","Herring",2033,0.27927476,1110.6362,21.769,318.984289
"1200","PGY-Min_rcp45","Herring",2034,0.28700786,1141.39,21.4725,336.816178
"1201","PGY-Min_rcp45","Herring",2035,0.28970658,1152.1249,21.2814,343.920592
"1202","PGY-Min_rcp45","Herring",2036,0.28952888,1151.4176,21.2308,344.823713
"1203","PGY-Min_rcp45","Herring",2037,0.28869882,1148.1174,21.3072,344.332395
"1204","PGY-Min_rcp45","Herring",2038,0.28852596,1147.4276,21.4681,345.079334
"1205","PGY-Min_rcp45","Herring",2039,0.2893621,1150.7534,21.656,347.789378
"1206","PGY-Min_rcp45","Herring",2040,0.29111472,1157.7231,21.8158,352.321113
"1207","PGY-Min_rcp45","Herring",2041,0.29348306,1167.1439,21.9097,358.105487
"1208","PGY-Min_rcp45","Herring",2042,0.29611856,1177.6233,21.9263,364.391664
"1209","PGY-Min_rcp45","Herring",2043,0.29861102,1187.5352,21.8805,370.28531
"1210","PGY-Min_rcp45","Herring",2044,0.30057024,1195.3271,21.8032,374.88123
"1211","PGY-Min_rcp45","Herring",2045,0.30168232,1199.7501,21.727,377.4626
"1212","PGY-Min_rcp45","Herring",2046,0.30189188,1200.5837,21.6705,378.059844
"1213","PGY-Min_rcp45","Herring",2047,0.30155044,1199.2252,21.63,377.482628
"1214","PGY-Min_rcp45","Herring",2048,0.30106598,1197.2972,21.5815,376.59309
"1215","PGY-Min_rcp45","Herring",2049,0.30071546,1195.9046,21.491,376.015693
"1216","PGY-Min_rcp45","Herring",2050,0.30058296,1195.3766,21.3282,375.803641
"1217","PGY-Min_rcp45","Nor.pout",1974,2.468944,289.16,296.519,732.53482
"1218","PGY-Min_rcp45","Nor.pout",1975,1.64387465,279.994857,437.039,508.26122
"1219","PGY-Min_rcp45","Nor.pout",1976,1.5224247,349.86366,324.145,472.6081
"1220","PGY-Min_rcp45","Nor.pout",1977,1.0906025,342.06122,170.41,383.9666
"1221","PGY-Min_rcp45","Nor.pout",1978,1.2317536,298.4487,210.768,253.75616
"1222","PGY-Min_rcp45","Nor.pout",1979,1.32269955,257.6187,238.073,339.89802
"1223","PGY-Min_rcp45","Nor.pout",1980,1.38928165,371.88192,125.229,534.6499
"1224","PGY-Min_rcp45","Nor.pout",1981,1.12269295,287.05,191.22,431.92782
"1225","PGY-Min_rcp45","Nor.pout",1982,1.21148445,158.147,224.416,390.19692
"1226","PGY-Min_rcp45","Nor.pout",1983,1.5412998,240.68174,149.705,475.747
"1227","PGY-Min_rcp45","Nor.pout",1984,1.79489345,264.03539,115.705,376.483903
"1228","PGY-Min_rcp45","Nor.pout",1985,2.247639,172.7521,94.6504,227.634972
"1229","PGY-Min_rcp45","Nor.pout",1986,1.3174862,89.14928,134.926,180.330076
"1230","PGY-Min_rcp45","Nor.pout",1987,1.7503282,122.57884,41.5738,148.92635
"1231","PGY-Min_rcp45","Nor.pout",1988,0.94258805,83.0002,88.6904,109.21943
"1232","PGY-Min_rcp45","Nor.pout",1989,1.07631695,75.1807,90.5653,166.74228
"1233","PGY-Min_rcp45","Nor.pout",1990,1.1923404,122.70078,109.104,138.8413
"1234","PGY-Min_rcp45","Nor.pout",1991,1.7090076,139.47559,129.943,189.81918
"1235","PGY-Min_rcp45","Nor.pout",1992,0.96790925,162.5858,89.6293,302.27539
"1236","PGY-Min_rcp45","Nor.pout",1993,1.65956005,203.9983,68.3101,181.097588
"1237","PGY-Min_rcp45","Nor.pout",1994,1.29326465,89.22873,173.415,183.61828
"1238","PGY-Min_rcp45","Nor.pout",1995,0.7277371,160.57614,88.3115,231.894454
"1239","PGY-Min_rcp45","Nor.pout",1996,0.82572245,245.01284,121.218,156.22424
"1240","PGY-Min_rcp45","Nor.pout",1997,0.74697155,166.1471,37.9921,156.781548
"1241","PGY-Min_rcp45","Nor.pout",1998,0.60588335,198.22325,79.2273,73.980497
"1242","PGY-Min_rcp45","Nor.pout",1999,0.86846575,105.3018,112.487,92.388104
"1243","PGY-Min_rcp45","Nor.pout",2000,0.7485117,139.67954,51.1592,185.103762
"1244","PGY-Min_rcp45","Nor.pout",2001,0.28780255,183.1745,72.9102,64.358235
"1245","PGY-Min_rcp45","Nor.pout",2002,0.7289192,106.6846,42.5673,77.13822
"1246","PGY-Min_rcp45","Nor.pout",2003,0.933536375,59.4979,19.3656,24.569144
"1247","PGY-Min_rcp45","Nor.pout",2004,0.65050853,36.292,25.2027,13.487771
"1248","PGY-Min_rcp45","Nor.pout",2005,0,23.86979,57.4175,0.04144
"1249","PGY-Min_rcp45","Nor.pout",2006,0.862815205,48.74232,38.2544,46.529024
"1250","PGY-Min_rcp45","Nor.pout",2007,0,60.06158,52.3778,5.799451
"1251","PGY-Min_rcp45","Nor.pout",2008,0.4841404425,73.3772,87.4364,34.84358
"1252","PGY-Min_rcp45","Nor.pout",2009,0.4917373605,98.91465,94.3184,45.821459
"1253","PGY-Min_rcp45","Nor.pout",2010,1.03404665,178.45056,24.7261,131.191062
"1254","PGY-Min_rcp45","Nor.pout",2011,0.051916797,148.28922,53.3982,6.839861
"1255","PGY-Min_rcp45","Nor.pout",2012,0.0778698,72.5022,103.849,26.946185
"1256","PGY-Min_rcp45","Nor.pout",2013,0.775380635,82.5971,36.3479,82.179503
"1257","PGY-Min_rcp45","Nor.pout",2014,0.835226515,92.21023,126.105,44.189139
"1258","PGY-Min_rcp45","Nor.pout",2015,0.72108428,93.34529,76.0954,57.351168
"1259","PGY-Min_rcp45","Nor.pout",2016,1.01592866,157.82236,97.7589,60.202685
"1260","PGY-Min_rcp45","Nor.pout",2017,0.4107002405,86.55916,48.2253,33.940902
"1261","PGY-Min_rcp45","Nor.pout",2018,0.77114776,98.43368,120.05,36.151546
"1262","PGY-Min_rcp45","Nor.pout",2019,0.989817885,90.77101,180.08,97.554556
"1263","PGY-Min_rcp45","Nor.pout",2020,0.54,252.72134,91.7016,145.7728507
"1264","PGY-Min_rcp45","Nor.pout",2022,0.7,423.517,91.7016,139.199951
"1265","PGY-Min_rcp45","Nor.pout",2023,0.4186003355,137.936,91.7016,17.5948443
"1266","PGY-Min_rcp45","Nor.pout",2024,0,57.67845,91.7016,0
"1267","PGY-Min_rcp45","Nor.pout",2025,0,47.93788,87.9195,0
"1268","PGY-Min_rcp45","Nor.pout",2026,0,46.3336,84.9772,0
"1269","PGY-Min_rcp45","Nor.pout",2027,0,45.50566,83.4589,0
"1270","PGY-Min_rcp45","Nor.pout",2028,0,47.26348,86.6826,0
"1271","PGY-Min_rcp45","Nor.pout",2029,0,53.42151,91.7016,0
"1272","PGY-Min_rcp45","Nor.pout",2030,0.079265236,65.69679,91.7016,2.56203064
"1273","PGY-Min_rcp45","Nor.pout",2031,0.1728230215,77.79849,91.7016,6.91353534
"1274","PGY-Min_rcp45","Nor.pout",2032,0.230713788,85.90622,91.7016,10.40665998
"1275","PGY-Min_rcp45","Nor.pout",2033,0.2692499825,91.15448,91.7016,13.1716034
"1276","PGY-Min_rcp45","Nor.pout",2034,0.3002405985,95.47204,91.7016,15.6529407
"1277","PGY-Min_rcp45","Nor.pout",2035,0.318192703,98.58997,91.7016,17.2329592
"1278","PGY-Min_rcp45","Nor.pout",2036,0.327732056,100.21403,91.7016,18.1619601
"1279","PGY-Min_rcp45","Nor.pout",2037,0.3351553625,101.42984,91.7016,18.9124031
"1280","PGY-Min_rcp45","Nor.pout",2038,0.3415057605,102.44896,91.7016,19.5494745
"1281","PGY-Min_rcp45","Nor.pout",2039,0.346497993,103.24655,91.7016,20.0661882
"1282","PGY-Min_rcp45","Nor.pout",2040,0.3509977125,103.92838,91.7016,20.5360357
"1283","PGY-Min_rcp45","Nor.pout",2041,0.355392763,104.57466,91.7016,20.9991601
"1284","PGY-Min_rcp45","Nor.pout",2042,0.3595056605,105.19674,91.7016,21.4314975
"1285","PGY-Min_rcp45","Nor.pout",2043,0.362725454,105.71829,91.7016,21.7789247
"1286","PGY-Min_rcp45","Nor.pout",2044,0.364416366,106.07739,91.7016,21.9707651
"1287","PGY-Min_rcp45","Nor.pout",2045,0.3637162205,106.15573,91.7016,21.9337969
"1288","PGY-Min_rcp45","Nor.pout",2046,0.3616985635,106.01146,91.7016,21.7939341
"1289","PGY-Min_rcp45","Nor.pout",2047,0.3603636955,105.91462,91.7016,21.7176485
"1290","PGY-Min_rcp45","Nor.pout",2048,0.3598596065,105.91539,91.7016,21.7153262
"1291","PGY-Min_rcp45","Nor.pout",2049,0.360586993,106.03093,91.7016,21.83188
"1292","PGY-Min_rcp45","Nor.pout",2050,0.36241037,106.29797,91.7016,22.0324096
"1293","PGY-Min_rcp45","Sprat",1974,0.6744606,522.5234,382.893,365.135159
"1294","PGY-Min_rcp45","Sprat",1975,1.61232335,612.925,824.679,816.82028
"1295","PGY-Min_rcp45","Sprat",1976,1.42272665,754.7322,321.971,722.4646
"1296","PGY-Min_rcp45","Sprat",1977,1.3876328,406.19951,401.433,374.68172
"1297","PGY-Min_rcp45","Sprat",1978,1.03214915,364.0015,740.909,488.13318
"1298","PGY-Min_rcp45","Sprat",1979,0.62817475,542.63375,297.055,493.81966
"1299","PGY-Min_rcp45","Sprat",1980,1.73814005,613.5849,158.892,413.62074
"1300","PGY-Min_rcp45","Sprat",1981,1.1128358,164.8451,62.9174,293.229113
"1301","PGY-Min_rcp45","Sprat",1982,0.9052741,100.8944,39.0216,199.54564
"1302","PGY-Min_rcp45","Sprat",1983,1.82094,139.487,70.864,115.61963
"1303","PGY-Min_rcp45","Sprat",1984,1.0044931,94.51211,52.3474,112.831855
"1304","PGY-Min_rcp45","Sprat",1985,1.17112115,155.57215,31.5783,69.432199
"1305","PGY-Min_rcp45","Sprat",1986,1.70056505,71.88947,93.2776,30.00331
"1306","PGY-Min_rcp45","Sprat",1987,0.407073575,134.86996,36.066,46.6849459
"1307","PGY-Min_rcp45","Sprat",1988,1.4435744,136.83604,52.4912,97.12866
"1308","PGY-Min_rcp45","Sprat",1989,0.5104061,68.12847,106.846,75.02719427
"1309","PGY-Min_rcp45","Sprat",1990,1.36254675,139.53516,98.5642,83.02336716
"1310","PGY-Min_rcp45","Sprat",1991,1.25821,102.67541,63.3591,126.0227763
"1311","PGY-Min_rcp45","Sprat",1992,0.5362795,90.18058,90.913,134.7945403
"1312","PGY-Min_rcp45","Sprat",1993,1.26210915,118.6357,169.941,213.725999
"1313","PGY-Min_rcp45","Sprat",1994,0.5745747,142.76682,114.889,421.81738
"1314","PGY-Min_rcp45","Sprat",1995,1.40988155,217.67954,38.5201,419.477128
"1315","PGY-Min_rcp45","Sprat",1996,1.2560289,127.1778,35.0925,164.39906
"1316","PGY-Min_rcp45","Sprat",1997,0.87323425,66.19869,46.2967,120.7833717
"1317","PGY-Min_rcp45","Sprat",1998,1.46734285,135.51256,103.39,185.551833
"1318","PGY-Min_rcp45","Sprat",1999,0.9301348,116.75064,77.2089,221.48473622
"1319","PGY-Min_rcp45","Sprat",2000,1.1392344,117.89307,54.032,227.074004
"1320","PGY-Min_rcp45","Sprat",2001,1.5084958,113.01269,64.1184,221.366156
"1321","PGY-Min_rcp45","Sprat",2002,1.38264175,167.89607,55.5137,162.483392
"1322","PGY-Min_rcp45","Sprat",2003,1.24283465,90.02809,67.9539,198.528044
"1323","PGY-Min_rcp45","Sprat",2004,1.3113324,159.79608,187.738,218.197332
"1324","PGY-Min_rcp45","Sprat",2005,0.9400835,162.83359,55.8074,248.457882
"1325","PGY-Min_rcp45","Sprat",2006,1.6407843,183.28674,64.6815,129.55435
"1326","PGY-Min_rcp45","Sprat",2007,1.10297095,142.3944,52.9127,102.002382
"1327","PGY-Min_rcp45","Sprat",2008,0.95487275,81.72228,128.378,70.541546
"1328","PGY-Min_rcp45","Sprat",2009,0.6325217,247.4948,125.387,142.246271
"1329","PGY-Min_rcp45","Sprat",2010,0.6819491,224.419,143.356,160.2215481
"1330","PGY-Min_rcp45","Sprat",2011,0.7811661,238.6605,107.943,154.1318103
"1331","PGY-Min_rcp45","Sprat",2012,0.8419376,245.5465,62.6616,98.140065
"1332","PGY-Min_rcp45","Sprat",2013,1.1503497,92.7505,214.6,66.1693563
"1333","PGY-Min_rcp45","Sprat",2014,0.20748099,381.1958,160.056,158.83238882
"1334","PGY-Min_rcp45","Sprat",2015,0.98518425,421.2769,111.451,307.83893
"1335","PGY-Min_rcp45","Sprat",2016,2.00666625,227.9545,141.424,259.86144
"1336","PGY-Min_rcp45","Sprat",2017,0.8255969,106.68275,208.474,130.41525
"1337","PGY-Min_rcp45","Sprat",2018,0.90346995,188.87582,194.938,193.44501
"1338","PGY-Min_rcp45","Sprat",2019,0.4794628,226.9883,261.849,151.012749
"1339","PGY-Min_rcp45","Sprat",2020,0.5700285,373.9364,118.747,227.64877
"1340","PGY-Min_rcp45","Sprat",2022,0.900045,308.3009,124.065,206.17249
"1341","PGY-Min_rcp45","Sprat",2023,0.230009025,136.5007,102.099,29.999302
"1342","PGY-Min_rcp45","Sprat",2024,0.14048121,126.7325,98.1929,18.881859
"1343","PGY-Min_rcp45","Sprat",2025,0.222965075,142.1411,104.176,36.340815
"1344","PGY-Min_rcp45","Sprat",2026,0.359548445,164.5491,111.232,67.02821
"1345","PGY-Min_rcp45","Sprat",2027,0.48125807,182.4752,115.624,98.31282
"1346","PGY-Min_rcp45","Sprat",2028,0.58008085,197.1773,118.485,125.7846
"1347","PGY-Min_rcp45","Sprat",2029,0.63804265,206.0964,119.922,142.07327
"1348","PGY-Min_rcp45","Sprat",2030,0.6537479,208.4185,120.262,144.14126
"1349","PGY-Min_rcp45","Sprat",2031,0.62312715,203.8859,119.586,132.44746
"1350","PGY-Min_rcp45","Sprat",2032,0.57987555,196.6733,118.397,118.7972
"1351","PGY-Min_rcp45","Sprat",2033,0.5476893,191.5929,117.472,109.38163
"1352","PGY-Min_rcp45","Sprat",2034,0.52655575,188.2822,116.83,103.43173
"1353","PGY-Min_rcp45","Sprat",2035,0.51029355,185.7605,116.319,98.96596
"1354","PGY-Min_rcp45","Sprat",2036,0.4987128,183.9658,115.943,95.87954
"1355","PGY-Min_rcp45","Sprat",2037,0.49088835,182.7649,115.686,93.81164
"1356","PGY-Min_rcp45","Sprat",2038,0.4854649,181.925,115.504,92.35282
"1357","PGY-Min_rcp45","Sprat",2039,0.48132844,181.2714,115.361,91.2337
"1358","PGY-Min_rcp45","Sprat",2040,0.478368365,180.7986,115.257,90.44646
"1359","PGY-Min_rcp45","Sprat",2041,0.476518875,180.5064,115.192,89.96204
"1360","PGY-Min_rcp45","Sprat",2042,0.47542399,180.3365,115.154,89.65539
"1361","PGY-Min_rcp45","Sprat",2043,0.47426202,180.1561,115.114,89.29286
"1362","PGY-Min_rcp45","Sprat",2044,0.47231643,179.8499,115.045,88.69717
"1363","PGY-Min_rcp45","Sprat",2045,0.46929946,179.3754,114.938,87.82817
"1364","PGY-Min_rcp45","Sprat",2046,0.46574356,178.819,114.812,86.85691
"1365","PGY-Min_rcp45","Sprat",2047,0.46224222,178.2797,114.689,85.92446
"1366","PGY-Min_rcp45","Sprat",2048,0.459066855,177.7896,114.576,85.09615
"1367","PGY-Min_rcp45","Sprat",2049,0.45646649,177.3873,114.482,84.42759
"1368","PGY-Min_rcp45","Sprat",2050,0.45448705,177.0785,114.411,83.92398
"1369","FMSY-Min_rcp45","Herring",1974,0.7588798,231.55969,9.76504,266.0127707
"1370","FMSY-Min_rcp45","Herring",1975,1.3042258,160.38451,4.1549,253.936978
"1371","FMSY-Min_rcp45","Herring",1976,0.8217317,85.84528,2.27249,159.2551815
"1372","FMSY-Min_rcp45","Herring",1977,0.20984378,61.020586,1.40772,39.3143447
"1373","FMSY-Min_rcp45","Herring",1978,0,72.91383,1.13919,0
"1374","FMSY-Min_rcp45","Herring",1979,0,99.81087,4.2996,0
"1375","FMSY-Min_rcp45","Herring",1980,0.12016436,127.81693,15.4957,73.4498774
"1376","FMSY-Min_rcp45","Herring",1981,0.17640074,196.64405,20.8831,208.7451796
"1377","FMSY-Min_rcp45","Herring",1982,0.14514714,350.2555,30.5954,277.06982
"1378","FMSY-Min_rcp45","Herring",1983,0.32908226,619.4064,27.0698,430.2153877
"1379","FMSY-Min_rcp45","Herring",1984,0.52961984,922.1063,31.0249,460.933687
"1380","FMSY-Min_rcp45","Herring",1985,0.58612294,964.23796,46.2658,659.339468
"1381","FMSY-Min_rcp45","Herring",1986,0.48184306,915.1545,52.6667,752.730421
"1382","FMSY-Min_rcp45","Herring",1987,0.44578588,1041.9821,40.9552,1008.725363
"1383","FMSY-Min_rcp45","Herring",1988,0.45439118,1388.755,22.2127,1140.872967
"1384","FMSY-Min_rcp45","Herring",1989,0.38698212,1418.7947,19.8513,910.318178
"1385","FMSY-Min_rcp45","Herring",1990,0.37990196,1447.7683,19.5452,739.05632
"1386","FMSY-Min_rcp45","Herring",1991,0.39866822,1277.231,21.3652,685.045255
"1387","FMSY-Min_rcp45","Herring",1992,0.54486654,1037.9571,31.067,764.4316
"1388","FMSY-Min_rcp45","Herring",1993,0.73706082,739.9792,32.9629,687.90159
"1389","FMSY-Min_rcp45","Herring",1994,0.69873378,745.5892,24.9279,597.20772
"1390","FMSY-Min_rcp45","Herring",1995,0.81420278,717.5503,26.3676,595.416686
"1391","FMSY-Min_rcp45","Herring",1996,0.32842296,613.8649,26.9955,274.3717617
"1392","FMSY-Min_rcp45","Herring",1997,0.28901004,731.4918,17.2294,264.055839
"1393","FMSY-Min_rcp45","Herring",1998,0.43480576,993.3717,13.0516,380.193317
"1394","FMSY-Min_rcp45","Herring",1999,0.33357768,1051.398,38.7461,369.621777
"1395","FMSY-Min_rcp45","Herring",2000,0.3329749,1080.7987,24.9031,421.77943
"1396","FMSY-Min_rcp45","Herring",2001,0.26654598,1403.6539,67.4674,363.6912387
"1397","FMSY-Min_rcp45","Herring",2002,0.23786614,1741.8249,27.1564,390.438144
"1398","FMSY-Min_rcp45","Herring",2003,0.2481339,1976.9937,18.6826,487.43234
"1399","FMSY-Min_rcp45","Herring",2004,0.26330118,2185.2915,21.3184,589.575669
"1400","FMSY-Min_rcp45","Herring",2005,0.34292734,2156.3095,14.6768,665.39644
"1401","FMSY-Min_rcp45","Herring",2006,0.27782698,1591.1039,17.0225,513.246729
"1402","FMSY-Min_rcp45","Herring",2007,0.2450066,1244.5221,21.6824,406.368329
"1403","FMSY-Min_rcp45","Herring",2008,0.17291617,1111.3688,19.6346,258.712891
"1404","FMSY-Min_rcp45","Herring",2009,0.101812658,1248.4956,22.1427,168.588998
"1405","FMSY-Min_rcp45","Herring",2010,0.11508248,1322.1095,22.2495,186.255103
"1406","FMSY-Min_rcp45","Herring",2011,0.103211948,1772.3529,19.8325,224.0493293
"1407","FMSY-Min_rcp45","Herring",2012,0.196455128,2088.1422,19.1553,434.509325
"1408","FMSY-Min_rcp45","Herring",2013,0.22559307,1898.867,31.5267,511.21947
"1409","FMSY-Min_rcp45","Herring",2014,0.21804767,1702.954,35.9912,518.0419736
"1410","FMSY-Min_rcp45","Herring",2015,0.24194578,1629.382,9.70052,494.949169
"1411","FMSY-Min_rcp45","Herring",2016,0.246371,1879.231,14.828,563.618342
"1412","FMSY-Min_rcp45","Herring",2017,0.186973982,1712.107,7.49557,490.97533
"1413","FMSY-Min_rcp45","Herring",2018,0.24780678,1520.7794,17.7671,591.79746
"1414","FMSY-Min_rcp45","Herring",2019,0.223565024,1271.7445,14.1253,432.12261
"1415","FMSY-Min_rcp45","Herring",2020,0.21,1124.0798,23.2721,289.790864
"1416","FMSY-Min_rcp45","Herring",2022,0.30934886,1230.2397,22.2585,412.18582
"1417","FMSY-Min_rcp45","Herring",2023,0.29567794,1175.871,22.0101,337.800133
"1418","FMSY-Min_rcp45","Herring",2024,0.24376776,969.4328,21.6889,221.069567
"1419","FMSY-Min_rcp45","Herring",2025,0.192181452,764.2791,20.586,147.468442
"1420","FMSY-Min_rcp45","Herring",2026,0.17712439,704.3998,20.178,129.40492
"1421","FMSY-Min_rcp45","Herring",2027,0.182860746,727.2131,20.6275,139.548139
"1422","FMSY-Min_rcp45","Herring",2028,0.200146254,795.9543,21.4253,167.685647
"1423","FMSY-Min_rcp45","Herring",2029,0.221780306,881.9893,22.0778,205.567254
"1424","FMSY-Min_rcp45","Herring",2030,0.24370316,969.1745,22.3884,244.499369
"1425","FMSY-Min_rcp45","Herring",2031,0.25887078,1029.4923,22.3345,273.311364
"1426","FMSY-Min_rcp45","Herring",2032,0.26790158,1065.4075,22.0813,291.101705
"1427","FMSY-Min_rcp45","Herring",2033,0.27165774,1080.3466,21.7597,298.818197
"1428","FMSY-Min_rcp45","Herring",2034,0.2720878,1082.0559,21.4712,300.233223
"1429","FMSY-Min_rcp45","Herring",2035,0.2712892,1078.8793,21.2845,299.375946
"1430","FMSY-Min_rcp45","Herring",2036,0.27044362,1075.5185,21.2312,298.439109
"1431","FMSY-Min_rcp45","Herring",2037,0.2699852,1073.6949,21.3044,298.238736
"1432","FMSY-Min_rcp45","Herring",2038,0.27008926,1074.1077,21.4651,299.168824
"1433","FMSY-Min_rcp45","Herring",2039,0.27096898,1077.6051,21.6574,301.769867
"1434","FMSY-Min_rcp45","Herring",2040,0.2729167,1085.3528,21.8265,306.62939
"1435","FMSY-Min_rcp45","Herring",2041,0.27592702,1097.324,21.933,313.624884
"1436","FMSY-Min_rcp45","Herring",2042,0.27951108,1111.578,21.9623,321.700328
"1437","FMSY-Min_rcp45","Herring",2043,0.28297268,1125.3431,21.9265,329.455036
"1438","FMSY-Min_rcp45","Herring",2044,0.2857395,1136.3462,21.8557,335.616523
"1439","FMSY-Min_rcp45","Herring",2045,0.28741082,1142.9937,21.7823,339.33851
"1440","FMSY-Min_rcp45","Herring",2046,0.28800154,1145.3449,21.7257,340.827749
"1441","FMSY-Min_rcp45","Herring",2047,0.28798342,1145.2698,21.6832,341.06472
"1442","FMSY-Min_rcp45","Herring",2048,0.2878002,1144.5437,21.6323,340.973417
"1443","FMSY-Min_rcp45","Herring",2049,0.28776262,1144.3937,21.5397,341.196876
"1444","FMSY-Min_rcp45","Herring",2050,0.28792798,1145.0511,21.3756,341.708427
"1445","FMSY-Min_rcp45","Nor.pout",1974,2.468944,289.16,296.519,732.53482
"1446","FMSY-Min_rcp45","Nor.pout",1975,1.64387465,279.994857,437.039,508.26122
"1447","FMSY-Min_rcp45","Nor.pout",1976,1.5224247,349.86366,324.145,472.6081
"1448","FMSY-Min_rcp45","Nor.pout",1977,1.0906025,342.06122,170.41,383.9666
"1449","FMSY-Min_rcp45","Nor.pout",1978,1.2317536,298.4487,210.768,253.75616
"1450","FMSY-Min_rcp45","Nor.pout",1979,1.32269955,257.6187,238.073,339.89802
"1451","FMSY-Min_rcp45","Nor.pout",1980,1.38928165,371.88192,125.229,534.6499
"1452","FMSY-Min_rcp45","Nor.pout",1981,1.12269295,287.05,191.22,431.92782
"1453","FMSY-Min_rcp45","Nor.pout",1982,1.21148445,158.147,224.416,390.19692
"1454","FMSY-Min_rcp45","Nor.pout",1983,1.5412998,240.68174,149.705,475.747
"1455","FMSY-Min_rcp45","Nor.pout",1984,1.79489345,264.03539,115.705,376.483903
"1456","FMSY-Min_rcp45","Nor.pout",1985,2.247639,172.7521,94.6504,227.634972
"1457","FMSY-Min_rcp45","Nor.pout",1986,1.3174862,89.14928,134.926,180.330076
"1458","FMSY-Min_rcp45","Nor.pout",1987,1.7503282,122.57884,41.5738,148.92635
"1459","FMSY-Min_rcp45","Nor.pout",1988,0.94258805,83.0002,88.6904,109.21943
"1460","FMSY-Min_rcp45","Nor.pout",1989,1.07631695,75.1807,90.5653,166.74228
"1461","FMSY-Min_rcp45","Nor.pout",1990,1.1923404,122.70078,109.104,138.8413
"1462","FMSY-Min_rcp45","Nor.pout",1991,1.7090076,139.47559,129.943,189.81918
"1463","FMSY-Min_rcp45","Nor.pout",1992,0.96790925,162.5858,89.6293,302.27539
"1464","FMSY-Min_rcp45","Nor.pout",1993,1.65956005,203.9983,68.3101,181.097588
"1465","FMSY-Min_rcp45","Nor.pout",1994,1.29326465,89.22873,173.415,183.61828
"1466","FMSY-Min_rcp45","Nor.pout",1995,0.7277371,160.57614,88.3115,231.894454
"1467","FMSY-Min_rcp45","Nor.pout",1996,0.82572245,245.01284,121.218,156.22424
"1468","FMSY-Min_rcp45","Nor.pout",1997,0.74697155,166.1471,37.9921,156.781548
"1469","FMSY-Min_rcp45","Nor.pout",1998,0.60588335,198.22325,79.2273,73.980497
"1470","FMSY-Min_rcp45","Nor.pout",1999,0.86846575,105.3018,112.487,92.388104
"1471","FMSY-Min_rcp45","Nor.pout",2000,0.7485117,139.67954,51.1592,185.103762
"1472","FMSY-Min_rcp45","Nor.pout",2001,0.28780255,183.1745,72.9102,64.358235
"1473","FMSY-Min_rcp45","Nor.pout",2002,0.7289192,106.6846,42.5673,77.13822
"1474","FMSY-Min_rcp45","Nor.pout",2003,0.933536375,59.4979,19.3656,24.569144
"1475","FMSY-Min_rcp45","Nor.pout",2004,0.65050853,36.292,25.2027,13.487771
"1476","FMSY-Min_rcp45","Nor.pout",2005,0,23.86979,57.4175,0.04144
"1477","FMSY-Min_rcp45","Nor.pout",2006,0.862815205,48.74232,38.2544,46.529024
"1478","FMSY-Min_rcp45","Nor.pout",2007,0,60.06158,52.3778,5.799451
"1479","FMSY-Min_rcp45","Nor.pout",2008,0.4841404425,73.3772,87.4364,34.84358
"1480","FMSY-Min_rcp45","Nor.pout",2009,0.4917373605,98.91465,94.3184,45.821459
"1481","FMSY-Min_rcp45","Nor.pout",2010,1.03404665,178.45056,24.7261,131.191062
"1482","FMSY-Min_rcp45","Nor.pout",2011,0.051916797,148.28922,53.3982,6.839861
"1483","FMSY-Min_rcp45","Nor.pout",2012,0.0778698,72.5022,103.849,26.946185
"1484","FMSY-Min_rcp45","Nor.pout",2013,0.775380635,82.5971,36.3479,82.179503
"1485","FMSY-Min_rcp45","Nor.pout",2014,0.835226515,92.21023,126.105,44.189139
"1486","FMSY-Min_rcp45","Nor.pout",2015,0.72108428,93.34529,76.0954,57.351168
"1487","FMSY-Min_rcp45","Nor.pout",2016,1.01592866,157.82236,97.7589,60.202685
"1488","FMSY-Min_rcp45","Nor.pout",2017,0.4107002405,86.55916,48.2253,33.940902
"1489","FMSY-Min_rcp45","Nor.pout",2018,0.77114776,98.43368,120.05,36.151546
"1490","FMSY-Min_rcp45","Nor.pout",2019,0.989817885,90.77101,180.08,97.554556
"1491","FMSY-Min_rcp45","Nor.pout",2020,0.54,252.72134,91.7016,145.7728507
"1492","FMSY-Min_rcp45","Nor.pout",2022,0.7,423.517,91.7016,139.199951
"1493","FMSY-Min_rcp45","Nor.pout",2023,0.4186003355,137.936,91.7016,17.5123395
"1494","FMSY-Min_rcp45","Nor.pout",2024,0,57.15052,91.7016,0
"1495","FMSY-Min_rcp45","Nor.pout",2025,0,47.45736,87.0383,0
"1496","FMSY-Min_rcp45","Nor.pout",2026,0,47.37854,86.8937,0
"1497","FMSY-Min_rcp45","Nor.pout",2027,0,50.72513,91.7016,0
"1498","FMSY-Min_rcp45","Nor.pout",2028,0.02749431815,61.2,91.7016,0.8079558
"1499","FMSY-Min_rcp45","Nor.pout",2029,0.1111573135,72.32113,91.7016,3.8977231
"1500","FMSY-Min_rcp45","Nor.pout",2030,0.1535236725,77.70599,91.7016,5.74273548
"1501","FMSY-Min_rcp45","Nor.pout",2031,0.172449237,79.807,91.7016,6.7375169
"1502","FMSY-Min_rcp45","Nor.pout",2032,0.18360003,81.67382,91.7016,7.37650753
"1503","FMSY-Min_rcp45","Nor.pout",2033,0.19047339,82.66414,91.7016,7.80900446
"1504","FMSY-Min_rcp45","Nor.pout",2034,0.1983150845,83.69874,91.7016,8.30571485
"1505","FMSY-Min_rcp45","Nor.pout",2035,0.207091382,84.84147,91.7016,8.86860836
"1506","FMSY-Min_rcp45","Nor.pout",2036,0.215996502,86.0177,91.7016,9.447963
"1507","FMSY-Min_rcp45","Nor.pout",2037,0.2243004705,87.11532,91.7016,9.9993424
"1508","FMSY-Min_rcp45","Nor.pout",2038,0.232231765,88.12994,91.7016,10.5419252
"1509","FMSY-Min_rcp45","Nor.pout",2039,0.2409778845,89.19016,91.7016,11.163193
"1510","FMSY-Min_rcp45","Nor.pout",2040,0.2516087135,90.46849,91.7016,11.9330648
"1511","FMSY-Min_rcp45","Nor.pout",2041,0.263044497,91.90696,91.7016,12.7759802
"1512","FMSY-Min_rcp45","Nor.pout",2042,0.27318483,93.25639,91.7016,13.5443602
"1513","FMSY-Min_rcp45","Nor.pout",2043,0.2812441965,94.36846,91.7016,14.180384
"1514","FMSY-Min_rcp45","Nor.pout",2044,0.287029883,95.23471,91.7016,14.6419031
"1515","FMSY-Min_rcp45","Nor.pout",2045,0.2896615735,95.72911,91.7016,14.866796
"1516","FMSY-Min_rcp45","Nor.pout",2046,0.2907538215,95.96246,91.7016,14.9921261
"1517","FMSY-Min_rcp45","Nor.pout",2047,0.2922097495,96.21718,91.7016,15.1426523
"1518","FMSY-Min_rcp45","Nor.pout",2048,0.294134863,96.51426,91.7016,15.3332594
"1519","FMSY-Min_rcp45","Nor.pout",2049,0.297223397,96.9204,91.7016,15.6155711
"1520","FMSY-Min_rcp45","Nor.pout",2050,0.3008470245,97.42158,91.7016,15.9270311
"1521","FMSY-Min_rcp45","Sprat",1974,0.6744606,522.5234,382.893,365.135159
"1522","FMSY-Min_rcp45","Sprat",1975,1.61232335,612.925,824.679,816.82028
"1523","FMSY-Min_rcp45","Sprat",1976,1.42272665,754.7322,321.971,722.4646
"1524","FMSY-Min_rcp45","Sprat",1977,1.3876328,406.19951,401.433,374.68172
"1525","FMSY-Min_rcp45","Sprat",1978,1.03214915,364.0015,740.909,488.13318
"1526","FMSY-Min_rcp45","Sprat",1979,0.62817475,542.63375,297.055,493.81966
"1527","FMSY-Min_rcp45","Sprat",1980,1.73814005,613.5849,158.892,413.62074
"1528","FMSY-Min_rcp45","Sprat",1981,1.1128358,164.8451,62.9174,293.229113
"1529","FMSY-Min_rcp45","Sprat",1982,0.9052741,100.8944,39.0216,199.54564
"1530","FMSY-Min_rcp45","Sprat",1983,1.82094,139.487,70.864,115.61963
"1531","FMSY-Min_rcp45","Sprat",1984,1.0044931,94.51211,52.3474,112.831855
"1532","FMSY-Min_rcp45","Sprat",1985,1.17112115,155.57215,31.5783,69.432199
"1533","FMSY-Min_rcp45","Sprat",1986,1.70056505,71.88947,93.2776,30.00331
"1534","FMSY-Min_rcp45","Sprat",1987,0.407073575,134.86996,36.066,46.6849459
"1535","FMSY-Min_rcp45","Sprat",1988,1.4435744,136.83604,52.4912,97.12866
"1536","FMSY-Min_rcp45","Sprat",1989,0.5104061,68.12847,106.846,75.02719427
"1537","FMSY-Min_rcp45","Sprat",1990,1.36254675,139.53516,98.5642,83.02336716
"1538","FMSY-Min_rcp45","Sprat",1991,1.25821,102.67541,63.3591,126.0227763
"1539","FMSY-Min_rcp45","Sprat",1992,0.5362795,90.18058,90.913,134.7945403
"1540","FMSY-Min_rcp45","Sprat",1993,1.26210915,118.6357,169.941,213.725999
"1541","FMSY-Min_rcp45","Sprat",1994,0.5745747,142.76682,114.889,421.81738
"1542","FMSY-Min_rcp45","Sprat",1995,1.40988155,217.67954,38.5201,419.477128
"1543","FMSY-Min_rcp45","Sprat",1996,1.2560289,127.1778,35.0925,164.39906
"1544","FMSY-Min_rcp45","Sprat",1997,0.87323425,66.19869,46.2967,120.7833717
"1545","FMSY-Min_rcp45","Sprat",1998,1.46734285,135.51256,103.39,185.551833
"1546","FMSY-Min_rcp45","Sprat",1999,0.9301348,116.75064,77.2089,221.48473622
"1547","FMSY-Min_rcp45","Sprat",2000,1.1392344,117.89307,54.032,227.074004
"1548","FMSY-Min_rcp45","Sprat",2001,1.5084958,113.01269,64.1184,221.366156
"1549","FMSY-Min_rcp45","Sprat",2002,1.38264175,167.89607,55.5137,162.483392
"1550","FMSY-Min_rcp45","Sprat",2003,1.24283465,90.02809,67.9539,198.528044
"1551","FMSY-Min_rcp45","Sprat",2004,1.3113324,159.79608,187.738,218.197332
"1552","FMSY-Min_rcp45","Sprat",2005,0.9400835,162.83359,55.8074,248.457882
"1553","FMSY-Min_rcp45","Sprat",2006,1.6407843,183.28674,64.6815,129.55435
"1554","FMSY-Min_rcp45","Sprat",2007,1.10297095,142.3944,52.9127,102.002382
"1555","FMSY-Min_rcp45","Sprat",2008,0.95487275,81.72228,128.378,70.541546
"1556","FMSY-Min_rcp45","Sprat",2009,0.6325217,247.4948,125.387,142.246271
"1557","FMSY-Min_rcp45","Sprat",2010,0.6819491,224.419,143.356,160.2215481
"1558","FMSY-Min_rcp45","Sprat",2011,0.7811661,238.6605,107.943,154.1318103
"1559","FMSY-Min_rcp45","Sprat",2012,0.8419376,245.5465,62.6616,98.140065
"1560","FMSY-Min_rcp45","Sprat",2013,1.1503497,92.7505,214.6,66.1693563
"1561","FMSY-Min_rcp45","Sprat",2014,0.20748099,381.1958,160.056,158.83238882
"1562","FMSY-Min_rcp45","Sprat",2015,0.98518425,421.2769,111.451,307.83893
"1563","FMSY-Min_rcp45","Sprat",2016,2.00666625,227.9545,141.424,259.86144
"1564","FMSY-Min_rcp45","Sprat",2017,0.8255969,106.68275,208.474,130.41525
"1565","FMSY-Min_rcp45","Sprat",2018,0.90346995,188.87582,194.938,193.44501
"1566","FMSY-Min_rcp45","Sprat",2019,0.4794628,226.9883,261.849,151.012749
"1567","FMSY-Min_rcp45","Sprat",2020,0.5700285,373.9364,118.747,227.64877
"1568","FMSY-Min_rcp45","Sprat",2022,0.900045,308.3009,124.065,206.17249
"1569","FMSY-Min_rcp45","Sprat",2023,0.230009025,136.5007,102.099,29.985262
"1570","FMSY-Min_rcp45","Sprat",2024,0.139481665,126.5742,98.1263,18.722657
"1571","FMSY-Min_rcp45","Sprat",2025,0.22347475,142.2026,104.198,36.564381
"1572","FMSY-Min_rcp45","Sprat",2026,0.364970705,165.4958,111.49,68.56775
"1573","FMSY-Min_rcp45","Sprat",2027,0.48911855,183.7611,115.9,100.3656
"1574","FMSY-Min_rcp45","Sprat",2028,0.57862455,197.0687,118.466,124.25109
"1575","FMSY-Min_rcp45","Sprat",2029,0.61017085,202.1116,119.307,130.97238
"1576","FMSY-Min_rcp45","Sprat",2030,0.5952941,199.3647,118.857,123.8217
"1577","FMSY-Min_rcp45","Sprat",2031,0.5640956,194.0517,117.929,114.45572
"1578","FMSY-Min_rcp45","Sprat",2032,0.5457961,191.3293,117.422,109.46123
"1579","FMSY-Min_rcp45","Sprat",2033,0.53583875,189.811,117.13,106.8709
"1580","FMSY-Min_rcp45","Sprat",2034,0.530625,189.0413,116.98,105.48331
"1581","FMSY-Min_rcp45","Sprat",2035,0.52692545,188.4868,116.87,104.41944
"1582","FMSY-Min_rcp45","Sprat",2036,0.5230441,187.8852,116.751,103.23914
"1583","FMSY-Min_rcp45","Sprat",2037,0.51861715,187.1823,116.609,101.92879
"1584","FMSY-Min_rcp45","Sprat",2038,0.5145135,186.5313,116.477,100.77364
"1585","FMSY-Min_rcp45","Sprat",2039,0.5116429,186.0825,116.385,100.02202
"1586","FMSY-Min_rcp45","Sprat",2040,0.5103903,185.8941,116.346,99.71046
"1587","FMSY-Min_rcp45","Sprat",2041,0.5099059,185.821,116.331,99.55854
"1588","FMSY-Min_rcp45","Sprat",2042,0.5092037,185.7049,116.307,99.29949
"1589","FMSY-Min_rcp45","Sprat",2043,0.50760695,185.4475,116.254,98.75751
"1590","FMSY-Min_rcp45","Sprat",2044,0.50472765,184.9896,116.158,97.8579
"1591","FMSY-Min_rcp45","Sprat",2045,0.5008108,184.3724,116.029,96.71275
"1592","FMSY-Min_rcp45","Sprat",2046,0.4967175,183.7363,115.894,95.56624
"1593","FMSY-Min_rcp45","Sprat",2047,0.4928897,183.1494,115.769,94.51114
"1594","FMSY-Min_rcp45","Sprat",2048,0.4894807,182.6233,115.656,93.58605
"1595","FMSY-Min_rcp45","Sprat",2049,0.48665365,182.1858,115.561,92.82122
"1596","FMSY-Min_rcp45","Sprat",2050,0.4843422,181.8232,115.482,92.20083
"1597","Status-quo_rcp45","Herring",1974,0.7588798,231.55969,9.76504,266.0127707
"1598","Status-quo_rcp45","Herring",1975,1.3042258,160.38451,4.1549,253.936978
"1599","Status-quo_rcp45","Herring",1976,0.8217317,85.84528,2.27249,159.2551815
"1600","Status-quo_rcp45","Herring",1977,0.20984378,61.020586,1.40772,39.3143447
"1601","Status-quo_rcp45","Herring",1978,0,72.91383,1.13919,0
"1602","Status-quo_rcp45","Herring",1979,0,99.81087,4.2996,0
"1603","Status-quo_rcp45","Herring",1980,0.12016436,127.81693,15.4957,73.4498774
"1604","Status-quo_rcp45","Herring",1981,0.17640074,196.64405,20.8831,208.7451796
"1605","Status-quo_rcp45","Herring",1982,0.14514714,350.2555,30.5954,277.06982
"1606","Status-quo_rcp45","Herring",1983,0.32908226,619.4064,27.0698,430.2153877
"1607","Status-quo_rcp45","Herring",1984,0.52961984,922.1063,31.0249,460.933687
"1608","Status-quo_rcp45","Herring",1985,0.58612294,964.23796,46.2658,659.339468
"1609","Status-quo_rcp45","Herring",1986,0.48184306,915.1545,52.6667,752.730421
"1610","Status-quo_rcp45","Herring",1987,0.44578588,1041.9821,40.9552,1008.725363
"1611","Status-quo_rcp45","Herring",1988,0.45439118,1388.755,22.2127,1140.872967
"1612","Status-quo_rcp45","Herring",1989,0.38698212,1418.7947,19.8513,910.318178
"1613","Status-quo_rcp45","Herring",1990,0.37990196,1447.7683,19.5452,739.05632
"1614","Status-quo_rcp45","Herring",1991,0.39866822,1277.231,21.3652,685.045255
"1615","Status-quo_rcp45","Herring",1992,0.54486654,1037.9571,31.067,764.4316
"1616","Status-quo_rcp45","Herring",1993,0.73706082,739.9792,32.9629,687.90159
"1617","Status-quo_rcp45","Herring",1994,0.69873378,745.5892,24.9279,597.20772
"1618","Status-quo_rcp45","Herring",1995,0.81420278,717.5503,26.3676,595.416686
"1619","Status-quo_rcp45","Herring",1996,0.32842296,613.8649,26.9955,274.3717617
"1620","Status-quo_rcp45","Herring",1997,0.28901004,731.4918,17.2294,264.055839
"1621","Status-quo_rcp45","Herring",1998,0.43480576,993.3717,13.0516,380.193317
"1622","Status-quo_rcp45","Herring",1999,0.33357768,1051.398,38.7461,369.621777
"1623","Status-quo_rcp45","Herring",2000,0.3329749,1080.7987,24.9031,421.77943
"1624","Status-quo_rcp45","Herring",2001,0.26654598,1403.6539,67.4674,363.6912387
"1625","Status-quo_rcp45","Herring",2002,0.23786614,1741.8249,27.1564,390.438144
"1626","Status-quo_rcp45","Herring",2003,0.2481339,1976.9937,18.6826,487.43234
"1627","Status-quo_rcp45","Herring",2004,0.26330118,2185.2915,21.3184,589.575669
"1628","Status-quo_rcp45","Herring",2005,0.34292734,2156.3095,14.6768,665.39644
"1629","Status-quo_rcp45","Herring",2006,0.27782698,1591.1039,17.0225,513.246729
"1630","Status-quo_rcp45","Herring",2007,0.2450066,1244.5221,21.6824,406.368329
"1631","Status-quo_rcp45","Herring",2008,0.17291617,1111.3688,19.6346,258.712891
"1632","Status-quo_rcp45","Herring",2009,0.101812658,1248.4956,22.1427,168.588998
"1633","Status-quo_rcp45","Herring",2010,0.11508248,1322.1095,22.2495,186.255103
"1634","Status-quo_rcp45","Herring",2011,0.103211948,1772.3529,19.8325,224.0493293
"1635","Status-quo_rcp45","Herring",2012,0.196455128,2088.1422,19.1553,434.509325
"1636","Status-quo_rcp45","Herring",2013,0.22559307,1898.867,31.5267,511.21947
"1637","Status-quo_rcp45","Herring",2014,0.21804767,1702.954,35.9912,518.0419736
"1638","Status-quo_rcp45","Herring",2015,0.24194578,1629.382,9.70052,494.949169
"1639","Status-quo_rcp45","Herring",2016,0.246371,1879.231,14.828,563.618342
"1640","Status-quo_rcp45","Herring",2017,0.186973982,1712.107,7.49557,490.97533
"1641","Status-quo_rcp45","Herring",2018,0.24780678,1520.7794,17.7671,591.79746
"1642","Status-quo_rcp45","Herring",2019,0.223565024,1271.7445,14.1253,432.12261
"1643","Status-quo_rcp45","Herring",2020,0.21,1124.0798,23.2721,289.790864
"1644","Status-quo_rcp45","Herring",2022,0.30934886,1230.2397,22.2585,413.97019
"1645","Status-quo_rcp45","Herring",2023,0.2999026,1192.6731,21.9901,361.529366
"1646","Status-quo_rcp45","Herring",2024,0.26905468,1069.9933,21.8702,291.89965
"1647","Status-quo_rcp45","Herring",2025,0.24618094,979.0295,21.7419,262.965175
"1648","Status-quo_rcp45","Herring",2026,0.2601215,1034.4687,22.0267,299.157557
"1649","Status-quo_rcp45","Herring",2027,0.29273526,1164.1679,22.2974,369.471023
"1650","Status-quo_rcp45","Herring",2028,0.31,1274.0155,22.3164,417.69866
"1651","Status-quo_rcp45","Herring",2029,0.31,1316.316,22.3015,427.48127
"1652","Status-quo_rcp45","Herring",2030,0.31,1306.5797,22.2877,425.13761
"1653","Status-quo_rcp45","Herring",2031,0.31,1284.3733,22.1597,422.11603
"1654","Status-quo_rcp45","Herring",2032,0.31,1284.9603,21.8628,425.11963
"1655","Status-quo_rcp45","Herring",2033,0.31,1308.0764,21.4703,432.48098
"1656","Status-quo_rcp45","Herring",2034,0.31,1331.7602,21.1141,438.32821
"1657","Status-quo_rcp45","Herring",2035,0.31,1336.1668,20.9185,438.415732
"1658","Status-quo_rcp45","Herring",2036,0.31,1319.2786,20.9195,433.29209
"1659","Status-quo_rcp45","Herring",2037,0.31,1294.6409,21.0621,426.924807
"1660","Status-quo_rcp45","Herring",2038,0.31,1277.6608,21.2644,423.054576
"1661","Status-quo_rcp45","Herring",2039,0.31,1274.8865,21.4594,423.005602
"1662","Status-quo_rcp45","Herring",2040,0.31,1283.6048,21.6006,425.93384
"1663","Status-quo_rcp45","Herring",2041,0.31,1297.4129,21.6643,430.20423
"1664","Status-quo_rcp45","Herring",2042,0.31,1311.304,21.6514,434.60081
"1665","Status-quo_rcp45","Herring",2043,0.31,1323.3419,21.5813,438.57189
"1666","Status-quo_rcp45","Herring",2044,0.31,1333.1901,21.4841,441.90382
"1667","Status-quo_rcp45","Herring",2045,0.31,1340.5001,21.3914,444.39538
"1668","Status-quo_rcp45","Herring",2046,0.31,1344.6404,21.3234,445.84748
"1669","Status-quo_rcp45","Herring",2047,0.31,1345.3775,21.2792,446.23289
"1670","Status-quo_rcp45","Herring",2048,0.31,1343.464,21.2352,445.827023
"1671","Status-quo_rcp45","Herring",2049,0.31,1340.4327,21.1541,445.072827
"1672","Status-quo_rcp45","Herring",2050,0.31,1337.6209,21.0022,444.310589
"1673","Status-quo_rcp45","Nor.pout",1974,2.468944,289.16,296.519,732.53482
"1674","Status-quo_rcp45","Nor.pout",1975,1.64387465,279.994857,437.039,508.26122
"1675","Status-quo_rcp45","Nor.pout",1976,1.5224247,349.86366,324.145,472.6081
"1676","Status-quo_rcp45","Nor.pout",1977,1.0906025,342.06122,170.41,383.9666
"1677","Status-quo_rcp45","Nor.pout",1978,1.2317536,298.4487,210.768,253.75616
"1678","Status-quo_rcp45","Nor.pout",1979,1.32269955,257.6187,238.073,339.89802
"1679","Status-quo_rcp45","Nor.pout",1980,1.38928165,371.88192,125.229,534.6499
"1680","Status-quo_rcp45","Nor.pout",1981,1.12269295,287.05,191.22,431.92782
"1681","Status-quo_rcp45","Nor.pout",1982,1.21148445,158.147,224.416,390.19692
"1682","Status-quo_rcp45","Nor.pout",1983,1.5412998,240.68174,149.705,475.747
"1683","Status-quo_rcp45","Nor.pout",1984,1.79489345,264.03539,115.705,376.483903
"1684","Status-quo_rcp45","Nor.pout",1985,2.247639,172.7521,94.6504,227.634972
"1685","Status-quo_rcp45","Nor.pout",1986,1.3174862,89.14928,134.926,180.330076
"1686","Status-quo_rcp45","Nor.pout",1987,1.7503282,122.57884,41.5738,148.92635
"1687","Status-quo_rcp45","Nor.pout",1988,0.94258805,83.0002,88.6904,109.21943
"1688","Status-quo_rcp45","Nor.pout",1989,1.07631695,75.1807,90.5653,166.74228
"1689","Status-quo_rcp45","Nor.pout",1990,1.1923404,122.70078,109.104,138.8413
"1690","Status-quo_rcp45","Nor.pout",1991,1.7090076,139.47559,129.943,189.81918
"1691","Status-quo_rcp45","Nor.pout",1992,0.96790925,162.5858,89.6293,302.27539
"1692","Status-quo_rcp45","Nor.pout",1993,1.65956005,203.9983,68.3101,181.097588
"1693","Status-quo_rcp45","Nor.pout",1994,1.29326465,89.22873,173.415,183.61828
"1694","Status-quo_rcp45","Nor.pout",1995,0.7277371,160.57614,88.3115,231.894454
"1695","Status-quo_rcp45","Nor.pout",1996,0.82572245,245.01284,121.218,156.22424
"1696","Status-quo_rcp45","Nor.pout",1997,0.74697155,166.1471,37.9921,156.781548
"1697","Status-quo_rcp45","Nor.pout",1998,0.60588335,198.22325,79.2273,73.980497
"1698","Status-quo_rcp45","Nor.pout",1999,0.86846575,105.3018,112.487,92.388104
"1699","Status-quo_rcp45","Nor.pout",2000,0.7485117,139.67954,51.1592,185.103762
"1700","Status-quo_rcp45","Nor.pout",2001,0.28780255,183.1745,72.9102,64.358235
"1701","Status-quo_rcp45","Nor.pout",2002,0.7289192,106.6846,42.5673,77.13822
"1702","Status-quo_rcp45","Nor.pout",2003,0.933536375,59.4979,19.3656,24.569144
"1703","Status-quo_rcp45","Nor.pout",2004,0.65050853,36.292,25.2027,13.487771
"1704","Status-quo_rcp45","Nor.pout",2005,0,23.86979,57.4175,0.04144
"1705","Status-quo_rcp45","Nor.pout",2006,0.862815205,48.74232,38.2544,46.529024
"1706","Status-quo_rcp45","Nor.pout",2007,0,60.06158,52.3778,5.799451
"1707","Status-quo_rcp45","Nor.pout",2008,0.4841404425,73.3772,87.4364,34.84358
"1708","Status-quo_rcp45","Nor.pout",2009,0.4917373605,98.91465,94.3184,45.821459
"1709","Status-quo_rcp45","Nor.pout",2010,1.03404665,178.45056,24.7261,131.191062
"1710","Status-quo_rcp45","Nor.pout",2011,0.051916797,148.28922,53.3982,6.839861
"1711","Status-quo_rcp45","Nor.pout",2012,0.0778698,72.5022,103.849,26.946185
"1712","Status-quo_rcp45","Nor.pout",2013,0.775380635,82.5971,36.3479,82.179503
"1713","Status-quo_rcp45","Nor.pout",2014,0.835226515,92.21023,126.105,44.189139
"1714","Status-quo_rcp45","Nor.pout",2015,0.72108428,93.34529,76.0954,57.351168
"1715","Status-quo_rcp45","Nor.pout",2016,1.01592866,157.82236,97.7589,60.202685
"1716","Status-quo_rcp45","Nor.pout",2017,0.4107002405,86.55916,48.2253,33.940902
"1717","Status-quo_rcp45","Nor.pout",2018,0.77114776,98.43368,120.05,36.151546
"1718","Status-quo_rcp45","Nor.pout",2019,0.989817885,90.77101,180.08,97.554556
"1719","Status-quo_rcp45","Nor.pout",2020,0.54,252.72134,91.7016,145.7728507
"1720","Status-quo_rcp45","Nor.pout",2022,0.7,423.517,91.7016,143.843427
"1721","Status-quo_rcp45","Nor.pout",2023,0.5124846505,148.4291,91.7016,28.6571199
"1722","Status-quo_rcp45","Nor.pout",2024,0.124490136,78.79741,91.7016,5.27218872
"1723","Status-quo_rcp45","Nor.pout",2025,0.268276933,90.42037,91.7016,15.7631957
"1724","Status-quo_rcp45","Nor.pout",2026,0.471536665,116.93567,91.7016,36.1185099
"1725","Status-quo_rcp45","Nor.pout",2027,0.55480341,131.10296,91.7016,44.9083449
"1726","Status-quo_rcp45","Nor.pout",2028,0.5035503075,126.63458,91.7016,37.3013353
"1727","Status-quo_rcp45","Nor.pout",2029,0.423604244,116.29724,91.7016,28.6834693
"1728","Status-quo_rcp45","Nor.pout",2030,0.4005182925,112.09623,91.7016,26.9551324
"1729","Status-quo_rcp45","Nor.pout",2031,0.4345833895,115.3428,91.7016,31.2078563
"1730","Status-quo_rcp45","Nor.pout",2032,0.4881416095,122.2077,91.7016,37.4638829
"1731","Status-quo_rcp45","Nor.pout",2033,0.51492603,126.43599,91.7016,40.3584275
"1732","Status-quo_rcp45","Nor.pout",2034,0.504675632,125.83197,91.7016,38.7502306
"1733","Status-quo_rcp45","Nor.pout",2035,0.480163175,122.85583,91.7016,35.8166659
"1734","Status-quo_rcp45","Nor.pout",2036,0.4665008855,120.86644,91.7016,34.4761661
"1735","Status-quo_rcp45","Nor.pout",2037,0.471759957,121.23482,91.7016,35.3628202
"1736","Status-quo_rcp45","Nor.pout",2038,0.487824243,123.19647,91.7016,37.4067784
"1737","Status-quo_rcp45","Nor.pout",2039,0.5016829445,125.10576,91.7016,39.0945609
"1738","Status-quo_rcp45","Nor.pout",2040,0.507397172,126.0201,91.7016,39.770294
"1739","Status-quo_rcp45","Nor.pout",2041,0.5072817975,126.12298,91.7016,39.7784444
"1740","Status-quo_rcp45","Nor.pout",2042,0.5066319455,126.07196,91.7016,39.7844719
"1741","Status-quo_rcp45","Nor.pout",2043,0.508133702,126.29437,91.7016,40.0590471
"1742","Status-quo_rcp45","Nor.pout",2044,0.5103803865,126.66123,91.7016,40.3932851
"1743","Status-quo_rcp45","Nor.pout",2045,0.511102187,126.87232,91.7016,40.5106048
"1744","Status-quo_rcp45","Nor.pout",2046,0.5097086135,126.8087,91.7016,40.3606623
"1745","Status-quo_rcp45","Nor.pout",2047,0.507273319,126.58033,91.7016,40.0970607
"1746","Status-quo_rcp45","Nor.pout",2048,0.505546094,126.39785,91.7016,39.9463791
"1747","Status-quo_rcp45","Nor.pout",2049,0.505770507,126.43792,91.7016,40.0465357
"1748","Status-quo_rcp45","Nor.pout",2050,0.5078207895,126.70643,91.7016,40.365755
"1749","Status-quo_rcp45","Sprat",1974,0.6744606,522.5234,382.893,365.135159
"1750","Status-quo_rcp45","Sprat",1975,1.61232335,612.925,824.679,816.82028
"1751","Status-quo_rcp45","Sprat",1976,1.42272665,754.7322,321.971,722.4646
"1752","Status-quo_rcp45","Sprat",1977,1.3876328,406.19951,401.433,374.68172
"1753","Status-quo_rcp45","Sprat",1978,1.03214915,364.0015,740.909,488.13318
"1754","Status-quo_rcp45","Sprat",1979,0.62817475,542.63375,297.055,493.81966
"1755","Status-quo_rcp45","Sprat",1980,1.73814005,613.5849,158.892,413.62074
"1756","Status-quo_rcp45","Sprat",1981,1.1128358,164.8451,62.9174,293.229113
"1757","Status-quo_rcp45","Sprat",1982,0.9052741,100.8944,39.0216,199.54564
"1758","Status-quo_rcp45","Sprat",1983,1.82094,139.487,70.864,115.61963
"1759","Status-quo_rcp45","Sprat",1984,1.0044931,94.51211,52.3474,112.831855
"1760","Status-quo_rcp45","Sprat",1985,1.17112115,155.57215,31.5783,69.432199
"1761","Status-quo_rcp45","Sprat",1986,1.70056505,71.88947,93.2776,30.00331
"1762","Status-quo_rcp45","Sprat",1987,0.407073575,134.86996,36.066,46.6849459
"1763","Status-quo_rcp45","Sprat",1988,1.4435744,136.83604,52.4912,97.12866
"1764","Status-quo_rcp45","Sprat",1989,0.5104061,68.12847,106.846,75.02719427
"1765","Status-quo_rcp45","Sprat",1990,1.36254675,139.53516,98.5642,83.02336716
"1766","Status-quo_rcp45","Sprat",1991,1.25821,102.67541,63.3591,126.0227763
"1767","Status-quo_rcp45","Sprat",1992,0.5362795,90.18058,90.913,134.7945403
"1768","Status-quo_rcp45","Sprat",1993,1.26210915,118.6357,169.941,213.725999
"1769","Status-quo_rcp45","Sprat",1994,0.5745747,142.76682,114.889,421.81738
"1770","Status-quo_rcp45","Sprat",1995,1.40988155,217.67954,38.5201,419.477128
"1771","Status-quo_rcp45","Sprat",1996,1.2560289,127.1778,35.0925,164.39906
"1772","Status-quo_rcp45","Sprat",1997,0.87323425,66.19869,46.2967,120.7833717
"1773","Status-quo_rcp45","Sprat",1998,1.46734285,135.51256,103.39,185.551833
"1774","Status-quo_rcp45","Sprat",1999,0.9301348,116.75064,77.2089,221.48473622
"1775","Status-quo_rcp45","Sprat",2000,1.1392344,117.89307,54.032,227.074004
"1776","Status-quo_rcp45","Sprat",2001,1.5084958,113.01269,64.1184,221.366156
"1777","Status-quo_rcp45","Sprat",2002,1.38264175,167.89607,55.5137,162.483392
"1778","Status-quo_rcp45","Sprat",2003,1.24283465,90.02809,67.9539,198.528044
"1779","Status-quo_rcp45","Sprat",2004,1.3113324,159.79608,187.738,218.197332
"1780","Status-quo_rcp45","Sprat",2005,0.9400835,162.83359,55.8074,248.457882
"1781","Status-quo_rcp45","Sprat",2006,1.6407843,183.28674,64.6815,129.55435
"1782","Status-quo_rcp45","Sprat",2007,1.10297095,142.3944,52.9127,102.002382
"1783","Status-quo_rcp45","Sprat",2008,0.95487275,81.72228,128.378,70.541546
"1784","Status-quo_rcp45","Sprat",2009,0.6325217,247.4948,125.387,142.246271
"1785","Status-quo_rcp45","Sprat",2010,0.6819491,224.419,143.356,160.2215481
"1786","Status-quo_rcp45","Sprat",2011,0.7811661,238.6605,107.943,154.1318103
"1787","Status-quo_rcp45","Sprat",2012,0.8419376,245.5465,62.6616,98.140065
"1788","Status-quo_rcp45","Sprat",2013,1.1503497,92.7505,214.6,66.1693563
"1789","Status-quo_rcp45","Sprat",2014,0.20748099,381.1958,160.056,158.83238882
"1790","Status-quo_rcp45","Sprat",2015,0.98518425,421.2769,111.451,307.83893
"1791","Status-quo_rcp45","Sprat",2016,2.00666625,227.9545,141.424,259.86144
"1792","Status-quo_rcp45","Sprat",2017,0.8255969,106.68275,208.474,130.41525
"1793","Status-quo_rcp45","Sprat",2018,0.90346995,188.87582,194.938,193.44501
"1794","Status-quo_rcp45","Sprat",2019,0.4794628,226.9883,261.849,151.012749
"1795","Status-quo_rcp45","Sprat",2020,0.5700285,373.9364,118.747,227.64877
"1796","Status-quo_rcp45","Sprat",2022,0.900045,308.3009,124.065,207.29613
"1797","Status-quo_rcp45","Sprat",2023,0.245971075,138.931,103.009,33.61539
"1798","Status-quo_rcp45","Sprat",2024,0.18727131,134.4875,101.326,27.472049
"1799","Status-quo_rcp45","Sprat",2025,0.30193805,155.0265,108.458,53.65833
"1800","Status-quo_rcp45","Sprat",2026,0.43435773,176.1931,114.203,83.8732
"1801","Status-quo_rcp45","Sprat",2027,0.482022585,182.2145,115.567,92.05693
"1802","Status-quo_rcp45","Sprat",2028,0.46136463,178.0601,114.638,84.14363
"1803","Status-quo_rcp45","Sprat",2029,0.428284525,172.4605,113.299,75.9671
"1804","Status-quo_rcp45","Sprat",2030,0.41752391,170.876,112.902,74.41679
"1805","Status-quo_rcp45","Sprat",2031,0.429883375,173.1278,113.464,78.29831
"1806","Status-quo_rcp45","Sprat",2032,0.44805064,176.1561,114.194,82.69171
"1807","Status-quo_rcp45","Sprat",2033,0.45313618,176.8527,114.358,83.20006
"1808","Status-quo_rcp45","Sprat",2034,0.443302705,175.1446,113.953,80.11442
"1809","Status-quo_rcp45","Sprat",2035,0.42866344,172.763,113.374,76.42763
"1810","Status-quo_rcp45","Sprat",2036,0.419286605,171.3308,113.017,74.44172
"1811","Status-quo_rcp45","Sprat",2037,0.418046405,171.2375,112.993,74.45121
"1812","Status-quo_rcp45","Sprat",2038,0.42132277,171.8216,113.14,75.34427
"1813","Status-quo_rcp45","Sprat",2039,0.424022515,172.2428,113.245,75.90511
"1814","Status-quo_rcp45","Sprat",2040,0.42398371,172.1928,113.233,75.76228
"1815","Status-quo_rcp45","Sprat",2041,0.42232429,171.8961,113.158,75.30425
"1816","Status-quo_rcp45","Sprat",2042,0.420994065,171.6817,113.105,75.00347
"1817","Status-quo_rcp45","Sprat",2043,0.420686695,171.6506,113.097,74.95672
"1818","Status-quo_rcp45","Sprat",2044,0.420595445,171.6551,113.098,74.91089
"1819","Status-quo_rcp45","Sprat",2045,0.419522495,171.4948,113.058,74.57809
"1820","Status-quo_rcp45","Sprat",2046,0.417011655,171.1005,112.959,73.89134
"1821","Status-quo_rcp45","Sprat",2047,0.413570945,170.5608,112.822,73.01428
"1822","Status-quo_rcp45","Sprat",2048,0.41014226,170.0285,112.686,72.18462
"1823","Status-quo_rcp45","Sprat",2049,0.407474305,169.6195,112.581,71.56764
"1824","Status-quo_rcp45","Sprat",2050,0.405847565,169.3731,112.517,71.20635
"1825","Case-study_rcp85","Herring",1974,0.7588798,231.55969,9.76504,266.0127707
"1826","Case-study_rcp85","Herring",1975,1.3042258,160.38451,4.1549,253.936978
"1827","Case-study_rcp85","Herring",1976,0.8217317,85.84528,2.27249,159.2551815
"1828","Case-study_rcp85","Herring",1977,0.20984378,61.020586,1.40772,39.3143447
"1829","Case-study_rcp85","Herring",1978,0,72.91383,1.13919,0
"1830","Case-study_rcp85","Herring",1979,0,99.81087,4.2996,0
"1831","Case-study_rcp85","Herring",1980,0.12016436,127.81693,15.4957,73.4498774
"1832","Case-study_rcp85","Herring",1981,0.17640074,196.64405,20.8831,208.7451796
"1833","Case-study_rcp85","Herring",1982,0.14514714,350.2555,30.5954,277.06982
"1834","Case-study_rcp85","Herring",1983,0.32908226,619.4064,27.0698,430.2153877
"1835","Case-study_rcp85","Herring",1984,0.52961984,922.1063,31.0249,460.933687
"1836","Case-study_rcp85","Herring",1985,0.58612294,964.23796,46.2658,659.339468
"1837","Case-study_rcp85","Herring",1986,0.48184306,915.1545,52.6667,752.730421
"1838","Case-study_rcp85","Herring",1987,0.44578588,1041.9821,40.9552,1008.725363
"1839","Case-study_rcp85","Herring",1988,0.45439118,1388.755,22.2127,1140.872967
"1840","Case-study_rcp85","Herring",1989,0.38698212,1418.7947,19.8513,910.318178
"1841","Case-study_rcp85","Herring",1990,0.37990196,1447.7683,19.5452,739.05632
"1842","Case-study_rcp85","Herring",1991,0.39866822,1277.231,21.3652,685.045255
"1843","Case-study_rcp85","Herring",1992,0.54486654,1037.9571,31.067,764.4316
"1844","Case-study_rcp85","Herring",1993,0.73706082,739.9792,32.9629,687.90159
"1845","Case-study_rcp85","Herring",1994,0.69873378,745.5892,24.9279,597.20772
"1846","Case-study_rcp85","Herring",1995,0.81420278,717.5503,26.3676,595.416686
"1847","Case-study_rcp85","Herring",1996,0.32842296,613.8649,26.9955,274.3717617
"1848","Case-study_rcp85","Herring",1997,0.28901004,731.4918,17.2294,264.055839
"1849","Case-study_rcp85","Herring",1998,0.43480576,993.3717,13.0516,380.193317
"1850","Case-study_rcp85","Herring",1999,0.33357768,1051.398,38.7461,369.621777
"1851","Case-study_rcp85","Herring",2000,0.3329749,1080.7987,24.9031,421.77943
"1852","Case-study_rcp85","Herring",2001,0.26654598,1403.6539,67.4674,363.6912387
"1853","Case-study_rcp85","Herring",2002,0.23786614,1741.8249,27.1564,390.438144
"1854","Case-study_rcp85","Herring",2003,0.2481339,1976.9937,18.6826,487.43234
"1855","Case-study_rcp85","Herring",2004,0.26330118,2185.2915,21.3184,589.575669
"1856","Case-study_rcp85","Herring",2005,0.34292734,2156.3095,14.6768,665.39644
"1857","Case-study_rcp85","Herring",2006,0.27782698,1591.1039,17.0225,513.246729
"1858","Case-study_rcp85","Herring",2007,0.2450066,1244.5221,21.6824,406.368329
"1859","Case-study_rcp85","Herring",2008,0.17291617,1111.3688,19.6346,258.712891
"1860","Case-study_rcp85","Herring",2009,0.101812658,1248.4956,22.1427,168.588998
"1861","Case-study_rcp85","Herring",2010,0.11508248,1322.1095,22.2495,186.255103
"1862","Case-study_rcp85","Herring",2011,0.103211948,1772.3529,19.8325,224.0493293
"1863","Case-study_rcp85","Herring",2012,0.196455128,2088.1422,19.1553,434.509325
"1864","Case-study_rcp85","Herring",2013,0.22559307,1898.867,31.5267,511.21947
"1865","Case-study_rcp85","Herring",2014,0.21804767,1702.954,35.9912,518.0419736
"1866","Case-study_rcp85","Herring",2015,0.24194578,1629.382,9.70052,494.949169
"1867","Case-study_rcp85","Herring",2016,0.246371,1879.231,14.828,563.618342
"1868","Case-study_rcp85","Herring",2017,0.186973982,1712.107,7.49557,490.97533
"1869","Case-study_rcp85","Herring",2018,0.24780678,1520.7794,17.7671,591.79746
"1870","Case-study_rcp85","Herring",2019,0.223565024,1271.7445,14.1253,432.12261
"1871","Case-study_rcp85","Herring",2020,0.21,1124.0798,22.7139,289.637844
"1872","Case-study_rcp85","Herring",2022,0.3093195,1230.1224,21.7032,411.4035
"1873","Case-study_rcp85","Herring",2023,0.29435432,1170.6055,21.4579,335.62428
"1874","Case-study_rcp85","Herring",2024,0.24364796,968.9545,21.1343,224.483823
"1875","Case-study_rcp85","Herring",2025,0.1972558,784.4597,20.2211,159.507286
"1876","Case-study_rcp85","Herring",2026,0.189838114,754.9607,20.1432,153.917587
"1877","Case-study_rcp85","Herring",2027,0.20688739,822.7619,20.8816,184.5725
"1878","Case-study_rcp85","Herring",2028,0.236701622,941.3305,21.6841,239.682057
"1879","Case-study_rcp85","Herring",2029,0.26693142,1061.5487,22.0548,300.579564
"1880","Case-study_rcp85","Herring",2030,0.28899808,1149.3055,22.0233,344.960985
"1881","Case-study_rcp85","Herring",2031,0.2965714,1179.4236,21.8043,360.615675
"1882","Case-study_rcp85","Herring",2032,0.29631098,1178.3879,21.5074,361.106732
"1883","Case-study_rcp85","Herring",2033,0.29498396,1173.1127,21.1805,359.823205
"1884","Case-study_rcp85","Herring",2034,0.29522304,1174.063,20.8905,361.522975
"1885","Case-study_rcp85","Herring",2035,0.29624984,1178.1475,20.7016,364.254487
"1886","Case-study_rcp85","Herring",2036,0.29632094,1178.4298,20.6503,364.462155
"1887","Case-study_rcp85","Herring",2037,0.29484162,1172.5446,20.7305,361.266084
"1888","Case-study_rcp85","Herring",2038,0.2927261,1164.1333,20.8983,357.071802
"1889","Case-study_rcp85","Herring",2039,0.29159356,1159.6281,21.0918,355.52782
"1890","Case-study_rcp85","Herring",2040,0.29260328,1163.6453,21.2532,358.831568
"1891","Case-study_rcp85","Herring",2041,0.2956101,1175.6025,21.3438,366.366144
"1892","Case-study_rcp85","Herring",2042,0.29950614,1191.0949,21.3532,375.679545
"1893","Case-study_rcp85","Herring",2043,0.30303286,1205.1219,21.2998,383.883549
"1894","Case-study_rcp85","Herring",2044,0.30523922,1213.8934,21.2193,388.956674
"1895","Case-study_rcp85","Herring",2045,0.30596572,1216.7849,21.1446,390.695951
"1896","Case-study_rcp85","Herring",2046,0.30568664,1215.6741,21.0912,390.251
"1897","Case-study_rcp85","Herring",2047,0.30505182,1213.1496,21.0528,389.038837
"1898","Case-study_rcp85","Herring",2048,0.30448022,1210.8768,21.0052,387.98105
"1899","Case-study_rcp85","Herring",2049,0.30418512,1209.7023,20.9146,387.588924
"1900","Case-study_rcp85","Herring",2050,0.30415764,1209.5931,20.7515,387.607198
"1901","Case-study_rcp85","Nor.pout",1974,2.468944,289.16,296.519,732.53482
"1902","Case-study_rcp85","Nor.pout",1975,1.64387465,279.994857,437.039,508.26122
"1903","Case-study_rcp85","Nor.pout",1976,1.5224247,349.86366,324.145,472.6081
"1904","Case-study_rcp85","Nor.pout",1977,1.0906025,342.06122,170.41,383.9666
"1905","Case-study_rcp85","Nor.pout",1978,1.2317536,298.4487,210.768,253.75616
"1906","Case-study_rcp85","Nor.pout",1979,1.32269955,257.6187,238.073,339.89802
"1907","Case-study_rcp85","Nor.pout",1980,1.38928165,371.88192,125.229,534.6499
"1908","Case-study_rcp85","Nor.pout",1981,1.12269295,287.05,191.22,431.92782
"1909","Case-study_rcp85","Nor.pout",1982,1.21148445,158.147,224.416,390.19692
"1910","Case-study_rcp85","Nor.pout",1983,1.5412998,240.68174,149.705,475.747
"1911","Case-study_rcp85","Nor.pout",1984,1.79489345,264.03539,115.705,376.483903
"1912","Case-study_rcp85","Nor.pout",1985,2.247639,172.7521,94.6504,227.634972
"1913","Case-study_rcp85","Nor.pout",1986,1.3174862,89.14928,134.926,180.330076
"1914","Case-study_rcp85","Nor.pout",1987,1.7503282,122.57884,41.5738,148.92635
"1915","Case-study_rcp85","Nor.pout",1988,0.94258805,83.0002,88.6904,109.21943
"1916","Case-study_rcp85","Nor.pout",1989,1.07631695,75.1807,90.5653,166.74228
"1917","Case-study_rcp85","Nor.pout",1990,1.1923404,122.70078,109.104,138.8413
"1918","Case-study_rcp85","Nor.pout",1991,1.7090076,139.47559,129.943,189.81918
"1919","Case-study_rcp85","Nor.pout",1992,0.96790925,162.5858,89.6293,302.27539
"1920","Case-study_rcp85","Nor.pout",1993,1.65956005,203.9983,68.3101,181.097588
"1921","Case-study_rcp85","Nor.pout",1994,1.29326465,89.22873,173.415,183.61828
"1922","Case-study_rcp85","Nor.pout",1995,0.7277371,160.57614,88.3115,231.894454
"1923","Case-study_rcp85","Nor.pout",1996,0.82572245,245.01284,121.218,156.22424
"1924","Case-study_rcp85","Nor.pout",1997,0.74697155,166.1471,37.9921,156.781548
"1925","Case-study_rcp85","Nor.pout",1998,0.60588335,198.22325,79.2273,73.980497
"1926","Case-study_rcp85","Nor.pout",1999,0.86846575,105.3018,112.487,92.388104
"1927","Case-study_rcp85","Nor.pout",2000,0.7485117,139.67954,51.1592,185.103762
"1928","Case-study_rcp85","Nor.pout",2001,0.28780255,183.1745,72.9102,64.358235
"1929","Case-study_rcp85","Nor.pout",2002,0.7289192,106.6846,42.5673,77.13822
"1930","Case-study_rcp85","Nor.pout",2003,0.933536375,59.4979,19.3656,24.569144
"1931","Case-study_rcp85","Nor.pout",2004,0.65050853,36.292,25.2027,13.487771
"1932","Case-study_rcp85","Nor.pout",2005,0,23.86979,57.4175,0.04144
"1933","Case-study_rcp85","Nor.pout",2006,0.862815205,48.74232,38.2544,46.529024
"1934","Case-study_rcp85","Nor.pout",2007,0,60.06158,52.3778,5.799451
"1935","Case-study_rcp85","Nor.pout",2008,0.4841404425,73.3772,87.4364,34.84358
"1936","Case-study_rcp85","Nor.pout",2009,0.4917373605,98.91465,94.3184,45.821459
"1937","Case-study_rcp85","Nor.pout",2010,1.03404665,178.45056,24.7261,131.191062
"1938","Case-study_rcp85","Nor.pout",2011,0.051916797,148.28922,53.3982,6.839861
"1939","Case-study_rcp85","Nor.pout",2012,0.0778698,72.5022,103.849,26.946185
"1940","Case-study_rcp85","Nor.pout",2013,0.775380635,82.5971,36.3479,82.179503
"1941","Case-study_rcp85","Nor.pout",2014,0.835226515,92.21023,126.105,44.189139
"1942","Case-study_rcp85","Nor.pout",2015,0.72108428,93.34529,76.0954,57.351168
"1943","Case-study_rcp85","Nor.pout",2016,1.01592866,157.82236,97.7589,60.202685
"1944","Case-study_rcp85","Nor.pout",2017,0.4107002405,86.55916,48.2253,33.940902
"1945","Case-study_rcp85","Nor.pout",2018,0.77114776,98.43368,120.05,36.151546
"1946","Case-study_rcp85","Nor.pout",2019,0.989817885,90.77101,180.08,97.554556
"1947","Case-study_rcp85","Nor.pout",2020,0.54,252.72134,91.7016,145.7168764
"1948","Case-study_rcp85","Nor.pout",2022,0.7,423.0695,91.7016,139.075866
"1949","Case-study_rcp85","Nor.pout",2023,0.421980772,138.2891,91.7016,18.0588007
"1950","Case-study_rcp85","Nor.pout",2024,0,59.07238,91.7016,0
"1951","Case-study_rcp85","Nor.pout",2025,0,53.01776,91.7016,0
"1952","Case-study_rcp85","Nor.pout",2026,0.02506613785,62.32557,91.7016,0.80037392
"1953","Case-study_rcp85","Nor.pout",2027,0.168279826,78.28181,91.7016,7.43736071
"1954","Case-study_rcp85","Nor.pout",2028,0.28544716,93.81053,91.7016,15.1907529
"1955","Case-study_rcp85","Nor.pout",2029,0.3358611725,101.26964,91.7016,19.0093762
"1956","Case-study_rcp85","Nor.pout",2030,0.332826425,102.04006,91.7016,18.3790348
"1957","Case-study_rcp85","Nor.pout",2031,0.311289665,99.08868,91.7016,16.8580071
"1958","Case-study_rcp85","Nor.pout",2032,0.3146538665,99.16212,91.7016,17.3773805
"1959","Case-study_rcp85","Nor.pout",2033,0.333402963,101.40253,91.7016,19.1464923
"1960","Case-study_rcp85","Nor.pout",2034,0.3537810225,104.18377,91.7016,21.0235742
"1961","Case-study_rcp85","Nor.pout",2035,0.3645521795,105.96035,91.7016,22.0086258
"1962","Case-study_rcp85","Nor.pout",2036,0.364772844,106.32265,91.7016,22.0152536
"1963","Case-study_rcp85","Nor.pout",2037,0.359817547,105.86486,91.7016,21.5956664
"1964","Case-study_rcp85","Nor.pout",2038,0.357088689,105.50321,91.7016,21.4484174
"1965","Case-study_rcp85","Nor.pout",2039,0.3615017965,105.94646,91.7016,22.0087703
"1966","Case-study_rcp85","Nor.pout",2040,0.3727792905,107.31973,91.7016,23.1870626
"1967","Case-study_rcp85","Nor.pout",2041,0.3846694465,108.92977,91.7016,24.4060597
"1968","Case-study_rcp85","Nor.pout",2042,0.393330454,110.18162,91.7016,25.3023321
"1969","Case-study_rcp85","Nor.pout",2043,0.396709624,110.84453,91.7016,25.6433361
"1970","Case-study_rcp85","Nor.pout",2044,0.3946311345,110.79294,91.7016,25.4641926
"1971","Case-study_rcp85","Nor.pout",2045,0.3905383315,110.42539,91.7016,25.116309
"1972","Case-study_rcp85","Nor.pout",2046,0.3873352785,110.11793,91.7016,24.8672163
"1973","Case-study_rcp85","Nor.pout",2047,0.3853436015,109.96859,91.7016,24.7284103
"1974","Case-study_rcp85","Nor.pout",2048,0.3840681895,109.89453,91.7016,24.6697847
"1975","Case-study_rcp85","Nor.pout",2049,0.38454239,109.99484,91.7016,24.7847194
"1976","Case-study_rcp85","Nor.pout",2050,0.385487954,110.21968,91.7016,24.9069455
"1977","Case-study_rcp85","Sprat",1974,0.6744606,522.5234,382.893,365.135159
"1978","Case-study_rcp85","Sprat",1975,1.61232335,612.925,824.679,816.82028
"1979","Case-study_rcp85","Sprat",1976,1.42272665,754.7322,321.971,722.4646
"1980","Case-study_rcp85","Sprat",1977,1.3876328,406.19951,401.433,374.68172
"1981","Case-study_rcp85","Sprat",1978,1.03214915,364.0015,740.909,488.13318
"1982","Case-study_rcp85","Sprat",1979,0.62817475,542.63375,297.055,493.81966
"1983","Case-study_rcp85","Sprat",1980,1.73814005,613.5849,158.892,413.62074
"1984","Case-study_rcp85","Sprat",1981,1.1128358,164.8451,62.9174,293.229113
"1985","Case-study_rcp85","Sprat",1982,0.9052741,100.8944,39.0216,199.54564
"1986","Case-study_rcp85","Sprat",1983,1.82094,139.487,70.864,115.61963
"1987","Case-study_rcp85","Sprat",1984,1.0044931,94.51211,52.3474,112.831855
"1988","Case-study_rcp85","Sprat",1985,1.17112115,155.57215,31.5783,69.432199
"1989","Case-study_rcp85","Sprat",1986,1.70056505,71.88947,93.2776,30.00331
"1990","Case-study_rcp85","Sprat",1987,0.407073575,134.86996,36.066,46.6849459
"1991","Case-study_rcp85","Sprat",1988,1.4435744,136.83604,52.4912,97.12866
"1992","Case-study_rcp85","Sprat",1989,0.5104061,68.12847,106.846,75.02719427
"1993","Case-study_rcp85","Sprat",1990,1.36254675,139.53516,98.5642,83.02336716
"1994","Case-study_rcp85","Sprat",1991,1.25821,102.67541,63.3591,126.0227763
"1995","Case-study_rcp85","Sprat",1992,0.5362795,90.18058,90.913,134.7945403
"1996","Case-study_rcp85","Sprat",1993,1.26210915,118.6357,169.941,213.725999
"1997","Case-study_rcp85","Sprat",1994,0.5745747,142.76682,114.889,421.81738
"1998","Case-study_rcp85","Sprat",1995,1.40988155,217.67954,38.5201,419.477128
"1999","Case-study_rcp85","Sprat",1996,1.2560289,127.1778,35.0925,164.39906
"2000","Case-study_rcp85","Sprat",1997,0.87323425,66.19869,46.2967,120.7833717
"2001","Case-study_rcp85","Sprat",1998,1.46734285,135.51256,103.39,185.551833
"2002","Case-study_rcp85","Sprat",1999,0.9301348,116.75064,77.2089,221.48473622
"2003","Case-study_rcp85","Sprat",2000,1.1392344,117.89307,54.032,227.074004
"2004","Case-study_rcp85","Sprat",2001,1.5084958,113.01269,64.1184,221.366156
"2005","Case-study_rcp85","Sprat",2002,1.38264175,167.89607,55.5137,162.483392
"2006","Case-study_rcp85","Sprat",2003,1.24283465,90.02809,67.9539,198.528044
"2007","Case-study_rcp85","Sprat",2004,1.3113324,159.79608,187.738,218.197332
"2008","Case-study_rcp85","Sprat",2005,0.9400835,162.83359,55.8074,248.457882
"2009","Case-study_rcp85","Sprat",2006,1.6407843,183.28674,64.6815,129.55435
"2010","Case-study_rcp85","Sprat",2007,1.10297095,142.3944,52.9127,102.002382
"2011","Case-study_rcp85","Sprat",2008,0.95487275,81.72228,128.378,70.541546
"2012","Case-study_rcp85","Sprat",2009,0.6325217,247.4948,125.387,142.246271
"2013","Case-study_rcp85","Sprat",2010,0.6819491,224.419,143.356,160.2215481
"2014","Case-study_rcp85","Sprat",2011,0.7811661,238.6605,107.943,154.1318103
"2015","Case-study_rcp85","Sprat",2012,0.8419376,245.5465,62.6616,98.140065
"2016","Case-study_rcp85","Sprat",2013,1.1503497,92.7505,214.6,66.1693563
"2017","Case-study_rcp85","Sprat",2014,0.20748099,381.1958,160.056,158.83238882
"2018","Case-study_rcp85","Sprat",2015,0.98518425,421.2769,111.451,307.83893
"2019","Case-study_rcp85","Sprat",2016,2.00666625,227.9545,141.424,259.86144
"2020","Case-study_rcp85","Sprat",2017,0.8255969,106.68275,208.474,130.41525
"2021","Case-study_rcp85","Sprat",2018,0.90346995,188.87582,194.938,193.44501
"2022","Case-study_rcp85","Sprat",2019,0.4794628,226.9883,261.849,151.012749
"2023","Case-study_rcp85","Sprat",2020,0.5700285,373.9364,118.747,227.57419
"2024","Case-study_rcp85","Sprat",2022,0.900045,308.089,124.075,206.34628
"2025","Case-study_rcp85","Sprat",2023,0.23348788,137.015,102.293,30.721768
"2026","Case-study_rcp85","Sprat",2024,0.149200095,128.1488,98.7842,20.441932
"2027","Case-study_rcp85","Sprat",2025,0.24230599,145.2886,105.28,40.66027
"2028","Case-study_rcp85","Sprat",2026,0.389897185,169.4307,112.532,74.81134
"2029","Case-study_rcp85","Sprat",2027,0.503434,186.1777,116.404,103.09489
"2030","Case-study_rcp85","Sprat",2028,0.5536893,193.4773,117.824,113.75651
"2031","Case-study_rcp85","Sprat",2029,0.5483593,191.932,117.536,109.61991
"2032","Case-study_rcp85","Sprat",2030,0.5201352,187.0969,116.592,100.45727
"2033","Case-study_rcp85","Sprat",2031,0.493101,182.7296,115.679,93.84738
"2034","Case-study_rcp85","Sprat",2032,0.48713755,182.06,115.534,92.93294
"2035","Case-study_rcp85","Sprat",2033,0.48972685,182.5859,115.648,93.77977
"2036","Case-study_rcp85","Sprat",2034,0.4907753,182.7634,115.686,93.80976
"2037","Case-study_rcp85","Sprat",2035,0.48634455,182.0227,115.526,92.27719
"2038","Case-study_rcp85","Sprat",2036,0.47794625,180.6533,115.224,89.83573
"2039","Case-study_rcp85","Sprat",2037,0.46935079,179.2817,114.917,87.58392
"2040","Case-study_rcp85","Sprat",2038,0.463991165,178.4554,114.729,86.34399
"2041","Case-study_rcp85","Sprat",2039,0.46276912,178.3018,114.694,86.18611
"2042","Case-study_rcp85","Sprat",2040,0.464157745,178.5446,114.749,86.597
"2043","Case-study_rcp85","Sprat",2041,0.465522315,178.7567,114.798,86.88235
"2044","Case-study_rcp85","Sprat",2042,0.465392925,178.7134,114.788,86.72938
"2045","Case-study_rcp85","Sprat",2043,0.463444,178.3896,114.714,86.08893
"2046","Case-study_rcp85","Sprat",2044,0.459918725,177.8228,114.583,85.07659
"2047","Case-study_rcp85","Sprat",2045,0.45576377,177.1701,114.432,83.96299
"2048","Case-study_rcp85","Sprat",2046,0.45194353,176.5829,114.295,82.96953
"2049","Case-study_rcp85","Sprat",2047,0.44844492,176.0505,114.169,82.05135
"2050","Case-study_rcp85","Sprat",2048,0.44512441,175.5339,114.046,81.19294
"2051","Case-study_rcp85","Sprat",2049,0.4422729,175.0908,113.941,80.45365
"2052","Case-study_rcp85","Sprat",2050,0.43966212,174.68,113.842,79.77639
"2053","PGY-Min_rcp85","Herring",1974,0.7588798,231.55969,9.76504,266.0127707
"2054","PGY-Min_rcp85","Herring",1975,1.3042258,160.38451,4.1549,253.936978
"2055","PGY-Min_rcp85","Herring",1976,0.8217317,85.84528,2.27249,159.2551815
"2056","PGY-Min_rcp85","Herring",1977,0.20984378,61.020586,1.40772,39.3143447
"2057","PGY-Min_rcp85","Herring",1978,0,72.91383,1.13919,0
"2058","PGY-Min_rcp85","Herring",1979,0,99.81087,4.2996,0
"2059","PGY-Min_rcp85","Herring",1980,0.12016436,127.81693,15.4957,73.4498774
"2060","PGY-Min_rcp85","Herring",1981,0.17640074,196.64405,20.8831,208.7451796
"2061","PGY-Min_rcp85","Herring",1982,0.14514714,350.2555,30.5954,277.06982
"2062","PGY-Min_rcp85","Herring",1983,0.32908226,619.4064,27.0698,430.2153877
"2063","PGY-Min_rcp85","Herring",1984,0.52961984,922.1063,31.0249,460.933687
"2064","PGY-Min_rcp85","Herring",1985,0.58612294,964.23796,46.2658,659.339468
"2065","PGY-Min_rcp85","Herring",1986,0.48184306,915.1545,52.6667,752.730421
"2066","PGY-Min_rcp85","Herring",1987,0.44578588,1041.9821,40.9552,1008.725363
"2067","PGY-Min_rcp85","Herring",1988,0.45439118,1388.755,22.2127,1140.872967
"2068","PGY-Min_rcp85","Herring",1989,0.38698212,1418.7947,19.8513,910.318178
"2069","PGY-Min_rcp85","Herring",1990,0.37990196,1447.7683,19.5452,739.05632
"2070","PGY-Min_rcp85","Herring",1991,0.39866822,1277.231,21.3652,685.045255
"2071","PGY-Min_rcp85","Herring",1992,0.54486654,1037.9571,31.067,764.4316
"2072","PGY-Min_rcp85","Herring",1993,0.73706082,739.9792,32.9629,687.90159
"2073","PGY-Min_rcp85","Herring",1994,0.69873378,745.5892,24.9279,597.20772
"2074","PGY-Min_rcp85","Herring",1995,0.81420278,717.5503,26.3676,595.416686
"2075","PGY-Min_rcp85","Herring",1996,0.32842296,613.8649,26.9955,274.3717617
"2076","PGY-Min_rcp85","Herring",1997,0.28901004,731.4918,17.2294,264.055839
"2077","PGY-Min_rcp85","Herring",1998,0.43480576,993.3717,13.0516,380.193317
"2078","PGY-Min_rcp85","Herring",1999,0.33357768,1051.398,38.7461,369.621777
"2079","PGY-Min_rcp85","Herring",2000,0.3329749,1080.7987,24.9031,421.77943
"2080","PGY-Min_rcp85","Herring",2001,0.26654598,1403.6539,67.4674,363.6912387
"2081","PGY-Min_rcp85","Herring",2002,0.23786614,1741.8249,27.1564,390.438144
"2082","PGY-Min_rcp85","Herring",2003,0.2481339,1976.9937,18.6826,487.43234
"2083","PGY-Min_rcp85","Herring",2004,0.26330118,2185.2915,21.3184,589.575669
"2084","PGY-Min_rcp85","Herring",2005,0.34292734,2156.3095,14.6768,665.39644
"2085","PGY-Min_rcp85","Herring",2006,0.27782698,1591.1039,17.0225,513.246729
"2086","PGY-Min_rcp85","Herring",2007,0.2450066,1244.5221,21.6824,406.368329
"2087","PGY-Min_rcp85","Herring",2008,0.17291617,1111.3688,19.6346,258.712891
"2088","PGY-Min_rcp85","Herring",2009,0.101812658,1248.4956,22.1427,168.588998
"2089","PGY-Min_rcp85","Herring",2010,0.11508248,1322.1095,22.2495,186.255103
"2090","PGY-Min_rcp85","Herring",2011,0.103211948,1772.3529,19.8325,224.0493293
"2091","PGY-Min_rcp85","Herring",2012,0.196455128,2088.1422,19.1553,434.509325
"2092","PGY-Min_rcp85","Herring",2013,0.22559307,1898.867,31.5267,511.21947
"2093","PGY-Min_rcp85","Herring",2014,0.21804767,1702.954,35.9912,518.0419736
"2094","PGY-Min_rcp85","Herring",2015,0.24194578,1629.382,9.70052,494.949169
"2095","PGY-Min_rcp85","Herring",2016,0.246371,1879.231,14.828,563.618342
"2096","PGY-Min_rcp85","Herring",2017,0.186973982,1712.107,7.49557,490.97533
"2097","PGY-Min_rcp85","Herring",2018,0.24780678,1520.7794,17.7671,591.79746
"2098","PGY-Min_rcp85","Herring",2019,0.223565024,1271.7445,14.1253,432.12261
"2099","PGY-Min_rcp85","Herring",2020,0.21,1124.0798,22.7139,289.637844
"2100","PGY-Min_rcp85","Herring",2022,0.3093195,1230.1224,21.7032,411.37306
"2101","PGY-Min_rcp85","Herring",2023,0.2942864,1170.3369,21.4581,334.983423
"2102","PGY-Min_rcp85","Herring",2024,0.2426959,965.1694,21.1235,220.635439
"2103","PGY-Min_rcp85","Herring",2025,0.192492438,765.5171,20.0716,147.880504
"2104","PGY-Min_rcp85","Herring",2026,0.176300194,701.122,19.6341,127.545517
"2105","PGY-Min_rcp85","Herring",2027,0.17983297,715.1711,19.9937,134.363054
"2106","PGY-Min_rcp85","Herring",2028,0.195031748,775.616,20.736,159.02717
"2107","PGY-Min_rcp85","Herring",2029,0.215785064,858.1481,21.4049,195.751153
"2108","PGY-Min_rcp85","Herring",2030,0.24022516,955.3435,21.7927,241.007398
"2109","PGY-Min_rcp85","Herring",2031,0.26248168,1043.8548,21.7984,286.513658
"2110","PGY-Min_rcp85","Herring",2032,0.2812794,1118.6079,21.5432,326.938869
"2111","PGY-Min_rcp85","Herring",2033,0.2933501,1166.6131,21.1866,353.695083
"2112","PGY-Min_rcp85","Herring",2034,0.2978702,1184.5895,20.8793,364.378143
"2113","PGY-Min_rcp85","Herring",2035,0.29733578,1182.4642,20.697,364.244904
"2114","PGY-Min_rcp85","Herring",2036,0.294998,1173.1684,20.6555,360.296357
"2115","PGY-Min_rcp85","Herring",2037,0.29310586,1165.6439,20.7367,357.267739
"2116","PGY-Min_rcp85","Herring",2038,0.2925173,1163.3005,20.899,356.91562
"2117","PGY-Min_rcp85","Herring",2039,0.2932209,1166.0999,21.0865,359.281811
"2118","PGY-Min_rcp85","Herring",2040,0.2949589,1173.0108,21.2447,363.822242
"2119","PGY-Min_rcp85","Herring",2041,0.29736428,1182.5779,21.3363,369.771812
"2120","PGY-Min_rcp85","Herring",2042,0.30003562,1193.2002,21.3505,376.226286
"2121","PGY-Min_rcp85","Herring",2043,0.30251922,1203.0771,21.3028,382.173502
"2122","PGY-Min_rcp85","Herring",2044,0.30440436,1210.5741,21.2245,386.651833
"2123","PGY-Min_rcp85","Herring",2045,0.30539826,1214.527,21.1482,389.007417
"2124","PGY-Min_rcp85","Herring",2046,0.30549172,1214.899,21.0924,389.338085
"2125","PGY-Min_rcp85","Herring",2047,0.30502684,1213.0521,21.053,388.459484
"2126","PGY-Min_rcp85","Herring",2048,0.30441966,1210.6371,21.0056,387.268034
"2127","PGY-Min_rcp85","Herring",2049,0.30394704,1208.7574,20.9161,386.370221
"2128","PGY-Min_rcp85","Herring",2050,0.30367022,1207.6549,20.7544,385.805162
"2129","PGY-Min_rcp85","Nor.pout",1974,2.468944,289.16,296.519,732.53482
"2130","PGY-Min_rcp85","Nor.pout",1975,1.64387465,279.994857,437.039,508.26122
"2131","PGY-Min_rcp85","Nor.pout",1976,1.5224247,349.86366,324.145,472.6081
"2132","PGY-Min_rcp85","Nor.pout",1977,1.0906025,342.06122,170.41,383.9666
"2133","PGY-Min_rcp85","Nor.pout",1978,1.2317536,298.4487,210.768,253.75616
"2134","PGY-Min_rcp85","Nor.pout",1979,1.32269955,257.6187,238.073,339.89802
"2135","PGY-Min_rcp85","Nor.pout",1980,1.38928165,371.88192,125.229,534.6499
"2136","PGY-Min_rcp85","Nor.pout",1981,1.12269295,287.05,191.22,431.92782
"2137","PGY-Min_rcp85","Nor.pout",1982,1.21148445,158.147,224.416,390.19692
"2138","PGY-Min_rcp85","Nor.pout",1983,1.5412998,240.68174,149.705,475.747
"2139","PGY-Min_rcp85","Nor.pout",1984,1.79489345,264.03539,115.705,376.483903
"2140","PGY-Min_rcp85","Nor.pout",1985,2.247639,172.7521,94.6504,227.634972
"2141","PGY-Min_rcp85","Nor.pout",1986,1.3174862,89.14928,134.926,180.330076
"2142","PGY-Min_rcp85","Nor.pout",1987,1.7503282,122.57884,41.5738,148.92635
"2143","PGY-Min_rcp85","Nor.pout",1988,0.94258805,83.0002,88.6904,109.21943
"2144","PGY-Min_rcp85","Nor.pout",1989,1.07631695,75.1807,90.5653,166.74228
"2145","PGY-Min_rcp85","Nor.pout",1990,1.1923404,122.70078,109.104,138.8413
"2146","PGY-Min_rcp85","Nor.pout",1991,1.7090076,139.47559,129.943,189.81918
"2147","PGY-Min_rcp85","Nor.pout",1992,0.96790925,162.5858,89.6293,302.27539
"2148","PGY-Min_rcp85","Nor.pout",1993,1.65956005,203.9983,68.3101,181.097588
"2149","PGY-Min_rcp85","Nor.pout",1994,1.29326465,89.22873,173.415,183.61828
"2150","PGY-Min_rcp85","Nor.pout",1995,0.7277371,160.57614,88.3115,231.894454
"2151","PGY-Min_rcp85","Nor.pout",1996,0.82572245,245.01284,121.218,156.22424
"2152","PGY-Min_rcp85","Nor.pout",1997,0.74697155,166.1471,37.9921,156.781548
"2153","PGY-Min_rcp85","Nor.pout",1998,0.60588335,198.22325,79.2273,73.980497
"2154","PGY-Min_rcp85","Nor.pout",1999,0.86846575,105.3018,112.487,92.388104
"2155","PGY-Min_rcp85","Nor.pout",2000,0.7485117,139.67954,51.1592,185.103762
"2156","PGY-Min_rcp85","Nor.pout",2001,0.28780255,183.1745,72.9102,64.358235
"2157","PGY-Min_rcp85","Nor.pout",2002,0.7289192,106.6846,42.5673,77.13822
"2158","PGY-Min_rcp85","Nor.pout",2003,0.933536375,59.4979,19.3656,24.569144
"2159","PGY-Min_rcp85","Nor.pout",2004,0.65050853,36.292,25.2027,13.487771
"2160","PGY-Min_rcp85","Nor.pout",2005,0,23.86979,57.4175,0.04144
"2161","PGY-Min_rcp85","Nor.pout",2006,0.862815205,48.74232,38.2544,46.529024
"2162","PGY-Min_rcp85","Nor.pout",2007,0,60.06158,52.3778,5.799451
"2163","PGY-Min_rcp85","Nor.pout",2008,0.4841404425,73.3772,87.4364,34.84358
"2164","PGY-Min_rcp85","Nor.pout",2009,0.4917373605,98.91465,94.3184,45.821459
"2165","PGY-Min_rcp85","Nor.pout",2010,1.03404665,178.45056,24.7261,131.191062
"2166","PGY-Min_rcp85","Nor.pout",2011,0.051916797,148.28922,53.3982,6.839861
"2167","PGY-Min_rcp85","Nor.pout",2012,0.0778698,72.5022,103.849,26.946185
"2168","PGY-Min_rcp85","Nor.pout",2013,0.775380635,82.5971,36.3479,82.179503
"2169","PGY-Min_rcp85","Nor.pout",2014,0.835226515,92.21023,126.105,44.189139
"2170","PGY-Min_rcp85","Nor.pout",2015,0.72108428,93.34529,76.0954,57.351168
"2171","PGY-Min_rcp85","Nor.pout",2016,1.01592866,157.82236,97.7589,60.202685
"2172","PGY-Min_rcp85","Nor.pout",2017,0.4107002405,86.55916,48.2253,33.940902
"2173","PGY-Min_rcp85","Nor.pout",2018,0.77114776,98.43368,120.05,36.151546
"2174","PGY-Min_rcp85","Nor.pout",2019,0.989817885,90.77101,180.08,97.554556
"2175","PGY-Min_rcp85","Nor.pout",2020,0.54,252.72134,91.7016,145.7168764
"2176","PGY-Min_rcp85","Nor.pout",2022,0.7,423.0695,91.7016,138.99525
"2177","PGY-Min_rcp85","Nor.pout",2023,0.4204361995,138.1154,91.7016,17.8129161
"2178","PGY-Min_rcp85","Nor.pout",2024,0,58.19724,91.7016,0
"2179","PGY-Min_rcp85","Nor.pout",2025,0,48.99685,89.8619,0
"2180","PGY-Min_rcp85","Nor.pout",2026,0,49.65173,91.0629,0
"2181","PGY-Min_rcp85","Nor.pout",2027,0,54.15034,91.7016,0
"2182","PGY-Min_rcp85","Nor.pout",2028,0.0367153486,63.05736,91.7016,1.094693136
"2183","PGY-Min_rcp85","Nor.pout",2029,0.1209521545,72.81739,91.7016,4.40866518
"2184","PGY-Min_rcp85","Nor.pout",2030,0.197692223,81.6528,91.7016,8.39721355
"2185","PGY-Min_rcp85","Nor.pout",2031,0.2655688305,89.48377,91.7016,13.0012645
"2186","PGY-Min_rcp85","Nor.pout",2032,0.317359937,97.14608,91.7016,17.1182392
"2187","PGY-Min_rcp85","Nor.pout",2033,0.3429014615,101.36372,91.7016,19.4050026
"2188","PGY-Min_rcp85","Nor.pout",2034,0.353428232,103.3623,91.7016,20.500986
"2189","PGY-Min_rcp85","Nor.pout",2035,0.3594720185,104.52582,91.7016,21.2273162
"2190","PGY-Min_rcp85","Nor.pout",2036,0.365855342,105.6009,91.7016,21.9739537
"2191","PGY-Min_rcp85","Nor.pout",2037,0.372702167,106.69034,91.7016,22.7337752
"2192","PGY-Min_rcp85","Nor.pout",2038,0.378514339,107.62766,91.7016,23.3726698
"2193","PGY-Min_rcp85","Nor.pout",2039,0.383062604,108.34775,91.7016,23.8966964
"2194","PGY-Min_rcp85","Nor.pout",2040,0.387297833,108.99561,91.7016,24.3821066
"2195","PGY-Min_rcp85","Nor.pout",2041,0.3910449525,109.58102,91.7016,24.8255995
"2196","PGY-Min_rcp85","Nor.pout",2042,0.394102487,110.09968,91.7016,25.1934595
"2197","PGY-Min_rcp85","Nor.pout",2043,0.3958437765,110.46751,91.7016,25.4257828
"2198","PGY-Min_rcp85","Nor.pout",2044,0.3957913115,110.63292,91.7016,25.460941
"2199","PGY-Min_rcp85","Nor.pout",2045,0.3933616135,110.50689,91.7016,25.2544946
"2200","PGY-Min_rcp85","Nor.pout",2046,0.389662184,110.1743,91.7016,24.9395823
"2201","PGY-Min_rcp85","Nor.pout",2047,0.3865407135,109.8747,91.7016,24.6884363
"2202","PGY-Min_rcp85","Nor.pout",2048,0.38444213,109.69316,91.7016,24.5344254
"2203","PGY-Min_rcp85","Nor.pout",2049,0.3834910465,109.6286,91.7016,24.4955365
"2204","PGY-Min_rcp85","Nor.pout",2050,0.3835647715,109.69653,91.7016,24.5442995
"2205","PGY-Min_rcp85","Sprat",1974,0.6744606,522.5234,382.893,365.135159
"2206","PGY-Min_rcp85","Sprat",1975,1.61232335,612.925,824.679,816.82028
"2207","PGY-Min_rcp85","Sprat",1976,1.42272665,754.7322,321.971,722.4646
"2208","PGY-Min_rcp85","Sprat",1977,1.3876328,406.19951,401.433,374.68172
"2209","PGY-Min_rcp85","Sprat",1978,1.03214915,364.0015,740.909,488.13318
"2210","PGY-Min_rcp85","Sprat",1979,0.62817475,542.63375,297.055,493.81966
"2211","PGY-Min_rcp85","Sprat",1980,1.73814005,613.5849,158.892,413.62074
"2212","PGY-Min_rcp85","Sprat",1981,1.1128358,164.8451,62.9174,293.229113
"2213","PGY-Min_rcp85","Sprat",1982,0.9052741,100.8944,39.0216,199.54564
"2214","PGY-Min_rcp85","Sprat",1983,1.82094,139.487,70.864,115.61963
"2215","PGY-Min_rcp85","Sprat",1984,1.0044931,94.51211,52.3474,112.831855
"2216","PGY-Min_rcp85","Sprat",1985,1.17112115,155.57215,31.5783,69.432199
"2217","PGY-Min_rcp85","Sprat",1986,1.70056505,71.88947,93.2776,30.00331
"2218","PGY-Min_rcp85","Sprat",1987,0.407073575,134.86996,36.066,46.6849459
"2219","PGY-Min_rcp85","Sprat",1988,1.4435744,136.83604,52.4912,97.12866
"2220","PGY-Min_rcp85","Sprat",1989,0.5104061,68.12847,106.846,75.02719427
"2221","PGY-Min_rcp85","Sprat",1990,1.36254675,139.53516,98.5642,83.02336716
"2222","PGY-Min_rcp85","Sprat",1991,1.25821,102.67541,63.3591,126.0227763
"2223","PGY-Min_rcp85","Sprat",1992,0.5362795,90.18058,90.913,134.7945403
"2224","PGY-Min_rcp85","Sprat",1993,1.26210915,118.6357,169.941,213.725999
"2225","PGY-Min_rcp85","Sprat",1994,0.5745747,142.76682,114.889,421.81738
"2226","PGY-Min_rcp85","Sprat",1995,1.40988155,217.67954,38.5201,419.477128
"2227","PGY-Min_rcp85","Sprat",1996,1.2560289,127.1778,35.0925,164.39906
"2228","PGY-Min_rcp85","Sprat",1997,0.87323425,66.19869,46.2967,120.7833717
"2229","PGY-Min_rcp85","Sprat",1998,1.46734285,135.51256,103.39,185.551833
"2230","PGY-Min_rcp85","Sprat",1999,0.9301348,116.75064,77.2089,221.48473622
"2231","PGY-Min_rcp85","Sprat",2000,1.1392344,117.89307,54.032,227.074004
"2232","PGY-Min_rcp85","Sprat",2001,1.5084958,113.01269,64.1184,221.366156
"2233","PGY-Min_rcp85","Sprat",2002,1.38264175,167.89607,55.5137,162.483392
"2234","PGY-Min_rcp85","Sprat",2003,1.24283465,90.02809,67.9539,198.528044
"2235","PGY-Min_rcp85","Sprat",2004,1.3113324,159.79608,187.738,218.197332
"2236","PGY-Min_rcp85","Sprat",2005,0.9400835,162.83359,55.8074,248.457882
"2237","PGY-Min_rcp85","Sprat",2006,1.6407843,183.28674,64.6815,129.55435
"2238","PGY-Min_rcp85","Sprat",2007,1.10297095,142.3944,52.9127,102.002382
"2239","PGY-Min_rcp85","Sprat",2008,0.95487275,81.72228,128.378,70.541546
"2240","PGY-Min_rcp85","Sprat",2009,0.6325217,247.4948,125.387,142.246271
"2241","PGY-Min_rcp85","Sprat",2010,0.6819491,224.419,143.356,160.2215481
"2242","PGY-Min_rcp85","Sprat",2011,0.7811661,238.6605,107.943,154.1318103
"2243","PGY-Min_rcp85","Sprat",2012,0.8419376,245.5465,62.6616,98.140065
"2244","PGY-Min_rcp85","Sprat",2013,1.1503497,92.7505,214.6,66.1693563
"2245","PGY-Min_rcp85","Sprat",2014,0.20748099,381.1958,160.056,158.83238882
"2246","PGY-Min_rcp85","Sprat",2015,0.98518425,421.2769,111.451,307.83893
"2247","PGY-Min_rcp85","Sprat",2016,2.00666625,227.9545,141.424,259.86144
"2248","PGY-Min_rcp85","Sprat",2017,0.8255969,106.68275,208.474,130.41525
"2249","PGY-Min_rcp85","Sprat",2018,0.90346995,188.87582,194.938,193.44501
"2250","PGY-Min_rcp85","Sprat",2019,0.4794628,226.9883,261.849,151.012749
"2251","PGY-Min_rcp85","Sprat",2020,0.5700285,373.9364,118.747,227.57419
"2252","PGY-Min_rcp85","Sprat",2022,0.900045,308.089,124.075,206.33612
"2253","PGY-Min_rcp85","Sprat",2023,0.233343635,136.9929,102.285,30.676495
"2254","PGY-Min_rcp85","Sprat",2024,0.14785386,127.9316,98.6941,20.149108
"2255","PGY-Min_rcp85","Sprat",2025,0.23494203,144.0718,104.858,38.889186
"2256","PGY-Min_rcp85","Sprat",2026,0.37457369,166.9005,111.868,70.84441
"2257","PGY-Min_rcp85","Sprat",2027,0.4953415,184.7351,116.105,102.10862
"2258","PGY-Min_rcp85","Sprat",2028,0.5851915,198.0763,118.64,126.63444
"2259","PGY-Min_rcp85","Sprat",2029,0.6238048,204.2068,119.636,136.02278
"2260","PGY-Min_rcp85","Sprat",2030,0.61539225,202.6727,119.396,130.36335
"2261","PGY-Min_rcp85","Sprat",2031,0.5818692,196.9017,118.437,119.52335
"2262","PGY-Min_rcp85","Sprat",2032,0.5541879,192.6227,117.666,111.07282
"2263","PGY-Min_rcp85","Sprat",2033,0.5296715,188.7089,116.914,104.00191
"2264","PGY-Min_rcp85","Sprat",2034,0.5106458,185.7261,116.311,98.78397
"2265","PGY-Min_rcp85","Sprat",2035,0.49745635,183.6941,115.885,95.31314
"2266","PGY-Min_rcp85","Sprat",2036,0.4888668,182.3873,115.605,93.07595
"2267","PGY-Min_rcp85","Sprat",2037,0.482941595,181.4795,115.407,91.50695
"2268","PGY-Min_rcp85","Sprat",2038,0.478451875,180.777,115.252,90.29802
"2269","PGY-Min_rcp85","Sprat",2039,0.474963125,180.2235,115.129,89.36468
"2270","PGY-Min_rcp85","Sprat",2040,0.47254904,179.8379,115.042,88.72928
"2271","PGY-Min_rcp85","Sprat",2041,0.4711107,179.6088,114.991,88.34794
"2272","PGY-Min_rcp85","Sprat",2042,0.470193305,179.4638,114.958,88.0781
"2273","PGY-Min_rcp85","Sprat",2043,0.46902092,179.2789,114.916,87.70441
"2274","PGY-Min_rcp85","Sprat",2044,0.466959535,178.9521,114.842,87.07621
"2275","PGY-Min_rcp85","Sprat",2045,0.463803825,178.4548,114.729,86.17148
"2276","PGY-Min_rcp85","Sprat",2046,0.46005685,177.8675,114.594,85.15017
"2277","PGY-Min_rcp85","Sprat",2047,0.45629841,177.2861,114.459,84.15264
"2278","PGY-Min_rcp85","Sprat",2048,0.452883865,176.7569,114.335,83.26478
"2279","PGY-Min_rcp85","Sprat",2049,0.45003781,176.3153,114.232,82.53283
"2280","PGY-Min_rcp85","Sprat",2050,0.44781859,175.967,114.149,81.97067
"2281","FMSY-Min_rcp85","Herring",1974,0.7588798,231.55969,9.76504,266.0127707
"2282","FMSY-Min_rcp85","Herring",1975,1.3042258,160.38451,4.1549,253.936978
"2283","FMSY-Min_rcp85","Herring",1976,0.8217317,85.84528,2.27249,159.2551815
"2284","FMSY-Min_rcp85","Herring",1977,0.20984378,61.020586,1.40772,39.3143447
"2285","FMSY-Min_rcp85","Herring",1978,0,72.91383,1.13919,0
"2286","FMSY-Min_rcp85","Herring",1979,0,99.81087,4.2996,0
"2287","FMSY-Min_rcp85","Herring",1980,0.12016436,127.81693,15.4957,73.4498774
"2288","FMSY-Min_rcp85","Herring",1981,0.17640074,196.64405,20.8831,208.7451796
"2289","FMSY-Min_rcp85","Herring",1982,0.14514714,350.2555,30.5954,277.06982
"2290","FMSY-Min_rcp85","Herring",1983,0.32908226,619.4064,27.0698,430.2153877
"2291","FMSY-Min_rcp85","Herring",1984,0.52961984,922.1063,31.0249,460.933687
"2292","FMSY-Min_rcp85","Herring",1985,0.58612294,964.23796,46.2658,659.339468
"2293","FMSY-Min_rcp85","Herring",1986,0.48184306,915.1545,52.6667,752.730421
"2294","FMSY-Min_rcp85","Herring",1987,0.44578588,1041.9821,40.9552,1008.725363
"2295","FMSY-Min_rcp85","Herring",1988,0.45439118,1388.755,22.2127,1140.872967
"2296","FMSY-Min_rcp85","Herring",1989,0.38698212,1418.7947,19.8513,910.318178
"2297","FMSY-Min_rcp85","Herring",1990,0.37990196,1447.7683,19.5452,739.05632
"2298","FMSY-Min_rcp85","Herring",1991,0.39866822,1277.231,21.3652,685.045255
"2299","FMSY-Min_rcp85","Herring",1992,0.54486654,1037.9571,31.067,764.4316
"2300","FMSY-Min_rcp85","Herring",1993,0.73706082,739.9792,32.9629,687.90159
"2301","FMSY-Min_rcp85","Herring",1994,0.69873378,745.5892,24.9279,597.20772
"2302","FMSY-Min_rcp85","Herring",1995,0.81420278,717.5503,26.3676,595.416686
"2303","FMSY-Min_rcp85","Herring",1996,0.32842296,613.8649,26.9955,274.3717617
"2304","FMSY-Min_rcp85","Herring",1997,0.28901004,731.4918,17.2294,264.055839
"2305","FMSY-Min_rcp85","Herring",1998,0.43480576,993.3717,13.0516,380.193317
"2306","FMSY-Min_rcp85","Herring",1999,0.33357768,1051.398,38.7461,369.621777
"2307","FMSY-Min_rcp85","Herring",2000,0.3329749,1080.7987,24.9031,421.77943
"2308","FMSY-Min_rcp85","Herring",2001,0.26654598,1403.6539,67.4674,363.6912387
"2309","FMSY-Min_rcp85","Herring",2002,0.23786614,1741.8249,27.1564,390.438144
"2310","FMSY-Min_rcp85","Herring",2003,0.2481339,1976.9937,18.6826,487.43234
"2311","FMSY-Min_rcp85","Herring",2004,0.26330118,2185.2915,21.3184,589.575669
"2312","FMSY-Min_rcp85","Herring",2005,0.34292734,2156.3095,14.6768,665.39644
"2313","FMSY-Min_rcp85","Herring",2006,0.27782698,1591.1039,17.0225,513.246729
"2314","FMSY-Min_rcp85","Herring",2007,0.2450066,1244.5221,21.6824,406.368329
"2315","FMSY-Min_rcp85","Herring",2008,0.17291617,1111.3688,19.6346,258.712891
"2316","FMSY-Min_rcp85","Herring",2009,0.101812658,1248.4956,22.1427,168.588998
"2317","FMSY-Min_rcp85","Herring",2010,0.11508248,1322.1095,22.2495,186.255103
"2318","FMSY-Min_rcp85","Herring",2011,0.103211948,1772.3529,19.8325,224.0493293
"2319","FMSY-Min_rcp85","Herring",2012,0.196455128,2088.1422,19.1553,434.509325
"2320","FMSY-Min_rcp85","Herring",2013,0.22559307,1898.867,31.5267,511.21947
"2321","FMSY-Min_rcp85","Herring",2014,0.21804767,1702.954,35.9912,518.0419736
"2322","FMSY-Min_rcp85","Herring",2015,0.24194578,1629.382,9.70052,494.949169
"2323","FMSY-Min_rcp85","Herring",2016,0.246371,1879.231,14.828,563.618342
"2324","FMSY-Min_rcp85","Herring",2017,0.186973982,1712.107,7.49557,490.97533
"2325","FMSY-Min_rcp85","Herring",2018,0.24780678,1520.7794,17.7671,591.79746
"2326","FMSY-Min_rcp85","Herring",2019,0.223565024,1271.7445,14.1253,432.12261
"2327","FMSY-Min_rcp85","Herring",2020,0.21,1124.0798,22.7139,289.637844
"2328","FMSY-Min_rcp85","Herring",2022,0.3093195,1230.1224,21.7032,411.37306
"2329","FMSY-Min_rcp85","Herring",2023,0.2942864,1170.3369,21.4581,334.742883
"2330","FMSY-Min_rcp85","Herring",2024,0.24217924,963.1132,21.1174,219.132645
"2331","FMSY-Min_rcp85","Herring",2025,0.191539572,761.726,20.0404,147.195712
"2332","FMSY-Min_rcp85","Herring",2026,0.17744189,705.6637,19.6808,130.802303
"2333","FMSY-Min_rcp85","Herring",2027,0.185094538,736.0962,20.1953,144.241722
"2334","FMSY-Min_rcp85","Herring",2028,0.205048832,815.4514,21.0343,177.173258
"2335","FMSY-Min_rcp85","Herring",2029,0.22888977,910.2637,21.666,220.092189
"2336","FMSY-Min_rcp85","Herring",2030,0.25225086,1003.1673,21.9209,263.274427
"2337","FMSY-Min_rcp85","Herring",2031,0.26791182,1065.4495,21.8217,294.001836
"2338","FMSY-Min_rcp85","Herring",2032,0.27646322,1099.4577,21.5419,311.75378
"2339","FMSY-Min_rcp85","Herring",2033,0.27989548,1113.1044,21.2107,319.330209
"2340","FMSY-Min_rcp85","Herring",2034,0.28029328,1114.6878,20.9211,320.791398
"2341","FMSY-Min_rcp85","Herring",2035,0.27947942,1111.452,20.7361,319.817416
"2342","FMSY-Min_rcp85","Herring",2036,0.27842554,1107.2605,20.6847,318.349075
"2343","FMSY-Min_rcp85","Herring",2037,0.2775989,1103.9738,20.7588,317.352857
"2344","FMSY-Min_rcp85","Herring",2038,0.27735146,1102.9896,20.9191,317.606569
"2345","FMSY-Min_rcp85","Herring",2039,0.27803212,1105.6971,21.1096,319.905188
"2346","FMSY-Min_rcp85","Herring",2040,0.27992382,1113.2191,21.2748,324.788191
"2347","FMSY-Min_rcp85","Herring",2041,0.28291414,1125.1111,21.3754,331.915471
"2348","FMSY-Min_rcp85","Herring",2042,0.2864291,1139.0895,21.398,340.031996
"2349","FMSY-Min_rcp85","Herring",2043,0.28974604,1152.279,21.3564,347.658155
"2350","FMSY-Min_rcp85","Herring",2044,0.29231902,1162.5119,21.2815,353.540865
"2351","FMSY-Min_rcp85","Herring",2045,0.29378338,1168.3364,21.2062,356.893377
"2352","FMSY-Min_rcp85","Herring",2046,0.2941726,1169.8851,21.1494,357.942191
"2353","FMSY-Min_rcp85","Herring",2047,0.29394024,1168.9624,21.1078,357.681884
"2354","FMSY-Min_rcp85","Herring",2048,0.29354602,1167.3913,21.058,357.08413
"2355","FMSY-Min_rcp85","Herring",2049,0.29330194,1166.4214,20.9662,356.817623
"2356","FMSY-Min_rcp85","Herring",2050,0.2932754,1166.3165,20.8026,356.896855
"2357","FMSY-Min_rcp85","Nor.pout",1974,2.468944,289.16,296.519,732.53482
"2358","FMSY-Min_rcp85","Nor.pout",1975,1.64387465,279.994857,437.039,508.26122
"2359","FMSY-Min_rcp85","Nor.pout",1976,1.5224247,349.86366,324.145,472.6081
"2360","FMSY-Min_rcp85","Nor.pout",1977,1.0906025,342.06122,170.41,383.9666
"2361","FMSY-Min_rcp85","Nor.pout",1978,1.2317536,298.4487,210.768,253.75616
"2362","FMSY-Min_rcp85","Nor.pout",1979,1.32269955,257.6187,238.073,339.89802
"2363","FMSY-Min_rcp85","Nor.pout",1980,1.38928165,371.88192,125.229,534.6499
"2364","FMSY-Min_rcp85","Nor.pout",1981,1.12269295,287.05,191.22,431.92782
"2365","FMSY-Min_rcp85","Nor.pout",1982,1.21148445,158.147,224.416,390.19692
"2366","FMSY-Min_rcp85","Nor.pout",1983,1.5412998,240.68174,149.705,475.747
"2367","FMSY-Min_rcp85","Nor.pout",1984,1.79489345,264.03539,115.705,376.483903
"2368","FMSY-Min_rcp85","Nor.pout",1985,2.247639,172.7521,94.6504,227.634972
"2369","FMSY-Min_rcp85","Nor.pout",1986,1.3174862,89.14928,134.926,180.330076
"2370","FMSY-Min_rcp85","Nor.pout",1987,1.7503282,122.57884,41.5738,148.92635
"2371","FMSY-Min_rcp85","Nor.pout",1988,0.94258805,83.0002,88.6904,109.21943
"2372","FMSY-Min_rcp85","Nor.pout",1989,1.07631695,75.1807,90.5653,166.74228
"2373","FMSY-Min_rcp85","Nor.pout",1990,1.1923404,122.70078,109.104,138.8413
"2374","FMSY-Min_rcp85","Nor.pout",1991,1.7090076,139.47559,129.943,189.81918
"2375","FMSY-Min_rcp85","Nor.pout",1992,0.96790925,162.5858,89.6293,302.27539
"2376","FMSY-Min_rcp85","Nor.pout",1993,1.65956005,203.9983,68.3101,181.097588
"2377","FMSY-Min_rcp85","Nor.pout",1994,1.29326465,89.22873,173.415,183.61828
"2378","FMSY-Min_rcp85","Nor.pout",1995,0.7277371,160.57614,88.3115,231.894454
"2379","FMSY-Min_rcp85","Nor.pout",1996,0.82572245,245.01284,121.218,156.22424
"2380","FMSY-Min_rcp85","Nor.pout",1997,0.74697155,166.1471,37.9921,156.781548
"2381","FMSY-Min_rcp85","Nor.pout",1998,0.60588335,198.22325,79.2273,73.980497
"2382","FMSY-Min_rcp85","Nor.pout",1999,0.86846575,105.3018,112.487,92.388104
"2383","FMSY-Min_rcp85","Nor.pout",2000,0.7485117,139.67954,51.1592,185.103762
"2384","FMSY-Min_rcp85","Nor.pout",2001,0.28780255,183.1745,72.9102,64.358235
"2385","FMSY-Min_rcp85","Nor.pout",2002,0.7289192,106.6846,42.5673,77.13822
"2386","FMSY-Min_rcp85","Nor.pout",2003,0.933536375,59.4979,19.3656,24.569144
"2387","FMSY-Min_rcp85","Nor.pout",2004,0.65050853,36.292,25.2027,13.487771
"2388","FMSY-Min_rcp85","Nor.pout",2005,0,23.86979,57.4175,0.04144
"2389","FMSY-Min_rcp85","Nor.pout",2006,0.862815205,48.74232,38.2544,46.529024
"2390","FMSY-Min_rcp85","Nor.pout",2007,0,60.06158,52.3778,5.799451
"2391","FMSY-Min_rcp85","Nor.pout",2008,0.4841404425,73.3772,87.4364,34.84358
"2392","FMSY-Min_rcp85","Nor.pout",2009,0.4917373605,98.91465,94.3184,45.821459
"2393","FMSY-Min_rcp85","Nor.pout",2010,1.03404665,178.45056,24.7261,131.191062
"2394","FMSY-Min_rcp85","Nor.pout",2011,0.051916797,148.28922,53.3982,6.839861
"2395","FMSY-Min_rcp85","Nor.pout",2012,0.0778698,72.5022,103.849,26.946185
"2396","FMSY-Min_rcp85","Nor.pout",2013,0.775380635,82.5971,36.3479,82.179503
"2397","FMSY-Min_rcp85","Nor.pout",2014,0.835226515,92.21023,126.105,44.189139
"2398","FMSY-Min_rcp85","Nor.pout",2015,0.72108428,93.34529,76.0954,57.351168
"2399","FMSY-Min_rcp85","Nor.pout",2016,1.01592866,157.82236,97.7589,60.202685
"2400","FMSY-Min_rcp85","Nor.pout",2017,0.4107002405,86.55916,48.2253,33.940902
"2401","FMSY-Min_rcp85","Nor.pout",2018,0.77114776,98.43368,120.05,36.151546
"2402","FMSY-Min_rcp85","Nor.pout",2019,0.989817885,90.77101,180.08,97.554556
"2403","FMSY-Min_rcp85","Nor.pout",2020,0.54,252.72134,91.7016,145.7168764
"2404","FMSY-Min_rcp85","Nor.pout",2022,0.7,423.0695,91.7016,138.99525
"2405","FMSY-Min_rcp85","Nor.pout",2023,0.4204361995,138.1154,91.7016,17.7317706
"2406","FMSY-Min_rcp85","Nor.pout",2024,0,57.6778,91.7016,0
"2407","FMSY-Min_rcp85","Nor.pout",2025,0,48.49027,88.9327,0
"2408","FMSY-Min_rcp85","Nor.pout",2026,0,50.58825,91.7016,0
"2409","FMSY-Min_rcp85","Nor.pout",2027,0,58.59964,91.7016,0
"2410","FMSY-Min_rcp85","Nor.pout",2028,0.1053181705,71.24467,91.7016,3.7475376
"2411","FMSY-Min_rcp85","Nor.pout",2029,0.17291085,79.90003,91.7016,7.01179907
"2412","FMSY-Min_rcp85","Nor.pout",2030,0.2153352335,84.95089,91.7016,9.2626683
"2413","FMSY-Min_rcp85","Nor.pout",2031,0.230843221,87.08258,91.7016,10.2904975
"2414","FMSY-Min_rcp85","Nor.pout",2032,0.2418364245,88.71259,91.7016,11.0831811
"2415","FMSY-Min_rcp85","Nor.pout",2033,0.251422957,90.09049,91.7016,11.8090346
"2416","FMSY-Min_rcp85","Nor.pout",2034,0.260756614,91.41646,91.7016,12.5266432
"2417","FMSY-Min_rcp85","Nor.pout",2035,0.2693328465,92.63936,91.7016,13.2046151
"2418","FMSY-Min_rcp85","Nor.pout",2036,0.2771069065,93.75051,91.7016,13.8289695
"2419","FMSY-Min_rcp85","Nor.pout",2037,0.284039117,94.72708,91.7016,14.3970675
"2420","FMSY-Min_rcp85","Nor.pout",2038,0.290859962,95.63869,91.7016,14.9748652
"2421","FMSY-Min_rcp85","Nor.pout",2039,0.299072704,96.66751,91.7016,15.6824494
"2422","FMSY-Min_rcp85","Nor.pout",2040,0.309036535,97.92559,91.7016,16.5473471
"2423","FMSY-Min_rcp85","Nor.pout",2041,0.3194388815,99.29512,91.7016,17.4566604
"2424","FMSY-Min_rcp85","Nor.pout",2042,0.3280923425,100.51324,91.7016,18.2307209
"2425","FMSY-Min_rcp85","Nor.pout",2043,0.334345223,101.44173,91.7016,18.8176102
"2426","FMSY-Min_rcp85","Nor.pout",2044,0.338124208,102.09675,91.7016,19.1787446
"2427","FMSY-Min_rcp85","Nor.pout",2045,0.338646304,102.35623,91.7016,19.2573771
"2428","FMSY-Min_rcp85","Nor.pout",2046,0.337553456,102.34667,91.7016,19.2148069
"2429","FMSY-Min_rcp85","Nor.pout",2047,0.33686869,102.35662,91.7016,19.2063244
"2430","FMSY-Min_rcp85","Nor.pout",2048,0.3368888845,102.43653,91.7016,19.2610943
"2431","FMSY-Min_rcp85","Nor.pout",2049,0.3382108205,102.64448,91.7016,19.4294464
"2432","FMSY-Min_rcp85","Nor.pout",2050,0.3403242685,102.97293,91.7016,19.6520237
"2433","FMSY-Min_rcp85","Sprat",1974,0.6744606,522.5234,382.893,365.135159
"2434","FMSY-Min_rcp85","Sprat",1975,1.61232335,612.925,824.679,816.82028
"2435","FMSY-Min_rcp85","Sprat",1976,1.42272665,754.7322,321.971,722.4646
"2436","FMSY-Min_rcp85","Sprat",1977,1.3876328,406.19951,401.433,374.68172
"2437","FMSY-Min_rcp85","Sprat",1978,1.03214915,364.0015,740.909,488.13318
"2438","FMSY-Min_rcp85","Sprat",1979,0.62817475,542.63375,297.055,493.81966
"2439","FMSY-Min_rcp85","Sprat",1980,1.73814005,613.5849,158.892,413.62074
"2440","FMSY-Min_rcp85","Sprat",1981,1.1128358,164.8451,62.9174,293.229113
"2441","FMSY-Min_rcp85","Sprat",1982,0.9052741,100.8944,39.0216,199.54564
"2442","FMSY-Min_rcp85","Sprat",1983,1.82094,139.487,70.864,115.61963
"2443","FMSY-Min_rcp85","Sprat",1984,1.0044931,94.51211,52.3474,112.831855
"2444","FMSY-Min_rcp85","Sprat",1985,1.17112115,155.57215,31.5783,69.432199
"2445","FMSY-Min_rcp85","Sprat",1986,1.70056505,71.88947,93.2776,30.00331
"2446","FMSY-Min_rcp85","Sprat",1987,0.407073575,134.86996,36.066,46.6849459
"2447","FMSY-Min_rcp85","Sprat",1988,1.4435744,136.83604,52.4912,97.12866
"2448","FMSY-Min_rcp85","Sprat",1989,0.5104061,68.12847,106.846,75.02719427
"2449","FMSY-Min_rcp85","Sprat",1990,1.36254675,139.53516,98.5642,83.02336716
"2450","FMSY-Min_rcp85","Sprat",1991,1.25821,102.67541,63.3591,126.0227763
"2451","FMSY-Min_rcp85","Sprat",1992,0.5362795,90.18058,90.913,134.7945403
"2452","FMSY-Min_rcp85","Sprat",1993,1.26210915,118.6357,169.941,213.725999
"2453","FMSY-Min_rcp85","Sprat",1994,0.5745747,142.76682,114.889,421.81738
"2454","FMSY-Min_rcp85","Sprat",1995,1.40988155,217.67954,38.5201,419.477128
"2455","FMSY-Min_rcp85","Sprat",1996,1.2560289,127.1778,35.0925,164.39906
"2456","FMSY-Min_rcp85","Sprat",1997,0.87323425,66.19869,46.2967,120.7833717
"2457","FMSY-Min_rcp85","Sprat",1998,1.46734285,135.51256,103.39,185.551833
"2458","FMSY-Min_rcp85","Sprat",1999,0.9301348,116.75064,77.2089,221.48473622
"2459","FMSY-Min_rcp85","Sprat",2000,1.1392344,117.89307,54.032,227.074004
"2460","FMSY-Min_rcp85","Sprat",2001,1.5084958,113.01269,64.1184,221.366156
"2461","FMSY-Min_rcp85","Sprat",2002,1.38264175,167.89607,55.5137,162.483392
"2462","FMSY-Min_rcp85","Sprat",2003,1.24283465,90.02809,67.9539,198.528044
"2463","FMSY-Min_rcp85","Sprat",2004,1.3113324,159.79608,187.738,218.197332
"2464","FMSY-Min_rcp85","Sprat",2005,0.9400835,162.83359,55.8074,248.457882
"2465","FMSY-Min_rcp85","Sprat",2006,1.6407843,183.28674,64.6815,129.55435
"2466","FMSY-Min_rcp85","Sprat",2007,1.10297095,142.3944,52.9127,102.002382
"2467","FMSY-Min_rcp85","Sprat",2008,0.95487275,81.72228,128.378,70.541546
"2468","FMSY-Min_rcp85","Sprat",2009,0.6325217,247.4948,125.387,142.246271
"2469","FMSY-Min_rcp85","Sprat",2010,0.6819491,224.419,143.356,160.2215481
"2470","FMSY-Min_rcp85","Sprat",2011,0.7811661,238.6605,107.943,154.1318103
"2471","FMSY-Min_rcp85","Sprat",2012,0.8419376,245.5465,62.6616,98.140065
"2472","FMSY-Min_rcp85","Sprat",2013,1.1503497,92.7505,214.6,66.1693563
"2473","FMSY-Min_rcp85","Sprat",2014,0.20748099,381.1958,160.056,158.83238882
"2474","FMSY-Min_rcp85","Sprat",2015,0.98518425,421.2769,111.451,307.83893
"2475","FMSY-Min_rcp85","Sprat",2016,2.00666625,227.9545,141.424,259.86144
"2476","FMSY-Min_rcp85","Sprat",2017,0.8255969,106.68275,208.474,130.41525
"2477","FMSY-Min_rcp85","Sprat",2018,0.90346995,188.87582,194.938,193.44501
"2478","FMSY-Min_rcp85","Sprat",2019,0.4794628,226.9883,261.849,151.012749
"2479","FMSY-Min_rcp85","Sprat",2020,0.5700285,373.9364,118.747,227.57419
"2480","FMSY-Min_rcp85","Sprat",2022,0.900045,308.089,124.075,206.33612
"2481","FMSY-Min_rcp85","Sprat",2023,0.233343635,136.9929,102.285,30.662135
"2482","FMSY-Min_rcp85","Sprat",2024,0.146846285,127.7721,98.6278,19.983057
"2483","FMSY-Min_rcp85","Sprat",2025,0.235186105,144.091,104.864,39.056555
"2484","FMSY-Min_rcp85","Sprat",2026,0.379397565,167.7469,112.093,72.24484
"2485","FMSY-Min_rcp85","Sprat",2027,0.50203065,185.827,116.332,103.81731
"2486","FMSY-Min_rcp85","Sprat",2028,0.5810305,197.5787,118.554,124.4289
"2487","FMSY-Min_rcp85","Sprat",2029,0.6011669,200.802,119.095,127.56071
"2488","FMSY-Min_rcp85","Sprat",2030,0.5844204,197.443,118.531,120.3242
"2489","FMSY-Min_rcp85","Sprat",2031,0.5556885,192.7255,117.685,111.9589
"2490","FMSY-Min_rcp85","Sprat",2032,0.54044255,190.4817,117.26,107.8955
"2491","FMSY-Min_rcp85","Sprat",2033,0.5320698,189.2061,117.012,105.66299
"2492","FMSY-Min_rcp85","Sprat",2034,0.5265716,188.372,116.848,104.11407
"2493","FMSY-Min_rcp85","Sprat",2035,0.52167835,187.6156,116.696,102.68215
"2494","FMSY-Min_rcp85","Sprat",2036,0.5166213,186.8246,116.537,101.18397
"2495","FMSY-Min_rcp85","Sprat",2037,0.51148945,186.0122,116.37,99.71263
"2496","FMSY-Min_rcp85","Sprat",2038,0.50720345,185.3366,116.231,98.53614
"2497","FMSY-Min_rcp85","Sprat",2039,0.5044017,184.9004,116.14,97.81143
"2498","FMSY-Min_rcp85","Sprat",2040,0.5031572,184.7115,116.1,97.49054
"2499","FMSY-Min_rcp85","Sprat",2041,0.5024981,184.6068,116.078,97.27845
"2500","FMSY-Min_rcp85","Sprat",2042,0.50155125,184.4494,116.045,96.94945
"2501","FMSY-Min_rcp85","Sprat",2043,0.4997771,184.1634,115.985,96.36445
"2502","FMSY-Min_rcp85","Sprat",2044,0.49680925,183.6912,115.885,95.44793
"2503","FMSY-Min_rcp85","Sprat",2045,0.4928056,183.0596,115.75,94.2838
"2504","FMSY-Min_rcp85","Sprat",2046,0.48855675,182.3969,115.607,93.10002
"2505","FMSY-Min_rcp85","Sprat",2047,0.4845546,181.7802,115.473,92.00311
"2506","FMSY-Min_rcp85","Sprat",2048,0.480966505,181.2244,115.351,91.03602
"2507","FMSY-Min_rcp85","Sprat",2049,0.477986105,180.7613,115.248,90.23824
"2508","FMSY-Min_rcp85","Sprat",2050,0.47559875,180.3864,115.165,89.60506
"2509","Status-quo_rcp85","Herring",1974,0.7588798,231.55969,9.76504,266.0127707
"2510","Status-quo_rcp85","Herring",1975,1.3042258,160.38451,4.1549,253.936978
"2511","Status-quo_rcp85","Herring",1976,0.8217317,85.84528,2.27249,159.2551815
"2512","Status-quo_rcp85","Herring",1977,0.20984378,61.020586,1.40772,39.3143447
"2513","Status-quo_rcp85","Herring",1978,0,72.91383,1.13919,0
"2514","Status-quo_rcp85","Herring",1979,0,99.81087,4.2996,0
"2515","Status-quo_rcp85","Herring",1980,0.12016436,127.81693,15.4957,73.4498774
"2516","Status-quo_rcp85","Herring",1981,0.17640074,196.64405,20.8831,208.7451796
"2517","Status-quo_rcp85","Herring",1982,0.14514714,350.2555,30.5954,277.06982
"2518","Status-quo_rcp85","Herring",1983,0.32908226,619.4064,27.0698,430.2153877
"2519","Status-quo_rcp85","Herring",1984,0.52961984,922.1063,31.0249,460.933687
"2520","Status-quo_rcp85","Herring",1985,0.58612294,964.23796,46.2658,659.339468
"2521","Status-quo_rcp85","Herring",1986,0.48184306,915.1545,52.6667,752.730421
"2522","Status-quo_rcp85","Herring",1987,0.44578588,1041.9821,40.9552,1008.725363
"2523","Status-quo_rcp85","Herring",1988,0.45439118,1388.755,22.2127,1140.872967
"2524","Status-quo_rcp85","Herring",1989,0.38698212,1418.7947,19.8513,910.318178
"2525","Status-quo_rcp85","Herring",1990,0.37990196,1447.7683,19.5452,739.05632
"2526","Status-quo_rcp85","Herring",1991,0.39866822,1277.231,21.3652,685.045255
"2527","Status-quo_rcp85","Herring",1992,0.54486654,1037.9571,31.067,764.4316
"2528","Status-quo_rcp85","Herring",1993,0.73706082,739.9792,32.9629,687.90159
"2529","Status-quo_rcp85","Herring",1994,0.69873378,745.5892,24.9279,597.20772
"2530","Status-quo_rcp85","Herring",1995,0.81420278,717.5503,26.3676,595.416686
"2531","Status-quo_rcp85","Herring",1996,0.32842296,613.8649,26.9955,274.3717617
"2532","Status-quo_rcp85","Herring",1997,0.28901004,731.4918,17.2294,264.055839
"2533","Status-quo_rcp85","Herring",1998,0.43480576,993.3717,13.0516,380.193317
"2534","Status-quo_rcp85","Herring",1999,0.33357768,1051.398,38.7461,369.621777
"2535","Status-quo_rcp85","Herring",2000,0.3329749,1080.7987,24.9031,421.77943
"2536","Status-quo_rcp85","Herring",2001,0.26654598,1403.6539,67.4674,363.6912387
"2537","Status-quo_rcp85","Herring",2002,0.23786614,1741.8249,27.1564,390.438144
"2538","Status-quo_rcp85","Herring",2003,0.2481339,1976.9937,18.6826,487.43234
"2539","Status-quo_rcp85","Herring",2004,0.26330118,2185.2915,21.3184,589.575669
"2540","Status-quo_rcp85","Herring",2005,0.34292734,2156.3095,14.6768,665.39644
"2541","Status-quo_rcp85","Herring",2006,0.27782698,1591.1039,17.0225,513.246729
"2542","Status-quo_rcp85","Herring",2007,0.2450066,1244.5221,21.6824,406.368329
"2543","Status-quo_rcp85","Herring",2008,0.17291617,1111.3688,19.6346,258.712891
"2544","Status-quo_rcp85","Herring",2009,0.101812658,1248.4956,22.1427,168.588998
"2545","Status-quo_rcp85","Herring",2010,0.11508248,1322.1095,22.2495,186.255103
"2546","Status-quo_rcp85","Herring",2011,0.103211948,1772.3529,19.8325,224.0493293
"2547","Status-quo_rcp85","Herring",2012,0.196455128,2088.1422,19.1553,434.509325
"2548","Status-quo_rcp85","Herring",2013,0.22559307,1898.867,31.5267,511.21947
"2549","Status-quo_rcp85","Herring",2014,0.21804767,1702.954,35.9912,518.0419736
"2550","Status-quo_rcp85","Herring",2015,0.24194578,1629.382,9.70052,494.949169
"2551","Status-quo_rcp85","Herring",2016,0.246371,1879.231,14.828,563.618342
"2552","Status-quo_rcp85","Herring",2017,0.186973982,1712.107,7.49557,490.97533
"2553","Status-quo_rcp85","Herring",2018,0.24780678,1520.7794,17.7671,591.79746
"2554","Status-quo_rcp85","Herring",2019,0.223565024,1271.7445,14.1253,432.12261
"2555","Status-quo_rcp85","Herring",2020,0.21,1124.0798,22.7139,289.637844
"2556","Status-quo_rcp85","Herring",2022,0.3093195,1230.1224,21.7032,413.14369
"2557","Status-quo_rcp85","Herring",2023,0.29846848,1186.9687,21.4402,358.109889
"2558","Status-quo_rcp85","Herring",2024,0.26710548,1062.2419,21.3058,288.753534
"2559","Status-quo_rcp85","Herring",2025,0.24486934,973.8102,21.1741,261.109086
"2560","Status-quo_rcp85","Herring",2026,0.25935218,1031.4086,21.4652,298.418271
"2561","Status-quo_rcp85","Herring",2027,0.2927667,1164.2932,21.7395,370.867529
"2562","Status-quo_rcp85","Herring",2028,0.31,1278.5587,21.7519,421.10849
"2563","Status-quo_rcp85","Herring",2029,0.31,1327.2659,21.7175,433.26145
"2564","Status-quo_rcp85","Herring",2030,0.31,1323.0694,21.6874,432.52802
"2565","Status-quo_rcp85","Herring",2031,0.31,1302.1419,21.5592,429.59971
"2566","Status-quo_rcp85","Herring",2032,0.31,1299.6054,21.2715,431.51707
"2567","Status-quo_rcp85","Herring",2033,0.31,1318.0045,20.8911,437.59684
"2568","Status-quo_rcp85","Herring",2034,0.31,1338.7017,20.5438,442.852685
"2569","Status-quo_rcp85","Herring",2035,0.31,1343.3717,20.3476,443.23596
"2570","Status-quo_rcp85","Herring",2036,0.31,1328.6832,20.3422,438.726691
"2571","Status-quo_rcp85","Herring",2037,0.31,1305.4585,20.4817,432.554146
"2572","Status-quo_rcp85","Herring",2038,0.31,1287.5908,20.6871,428.248176
"2573","Status-quo_rcp85","Herring",2039,0.31,1282.412,20.8881,427.471165
"2574","Status-quo_rcp85","Herring",2040,0.31,1288.9944,21.0344,429.849216
"2575","Status-quo_rcp85","Herring",2041,0.31,1302.0994,21.1,434.010391
"2576","Status-quo_rcp85","Herring",2042,0.31,1316.6806,21.0854,438.674266
"2577","Status-quo_rcp85","Herring",2043,0.31,1330.0265,21.0114,443.109298
"2578","Status-quo_rcp85","Herring",2044,0.31,1341.3252,20.9097,447.0161
"2579","Status-quo_rcp85","Herring",2045,0.31,1350.2281,20.8118,450.165636
"2580","Status-quo_rcp85","Herring",2046,0.31,1356.1846,20.7377,452.37755
"2581","Status-quo_rcp85","Herring",2047,0.31,1359.0675,20.6864,453.653263
"2582","Status-quo_rcp85","Herring",2048,0.31,1359.6289,20.6343,454.22064
"2583","Status-quo_rcp85","Herring",2049,0.31,1359.1351,20.5452,454.440736
"2584","Status-quo_rcp85","Herring",2050,0.31,1358.7538,20.3861,454.65756
"2585","Status-quo_rcp85","Nor.pout",1974,2.468944,289.16,296.519,732.53482
"2586","Status-quo_rcp85","Nor.pout",1975,1.64387465,279.994857,437.039,508.26122
"2587","Status-quo_rcp85","Nor.pout",1976,1.5224247,349.86366,324.145,472.6081
"2588","Status-quo_rcp85","Nor.pout",1977,1.0906025,342.06122,170.41,383.9666
"2589","Status-quo_rcp85","Nor.pout",1978,1.2317536,298.4487,210.768,253.75616
"2590","Status-quo_rcp85","Nor.pout",1979,1.32269955,257.6187,238.073,339.89802
"2591","Status-quo_rcp85","Nor.pout",1980,1.38928165,371.88192,125.229,534.6499
"2592","Status-quo_rcp85","Nor.pout",1981,1.12269295,287.05,191.22,431.92782
"2593","Status-quo_rcp85","Nor.pout",1982,1.21148445,158.147,224.416,390.19692
"2594","Status-quo_rcp85","Nor.pout",1983,1.5412998,240.68174,149.705,475.747
"2595","Status-quo_rcp85","Nor.pout",1984,1.79489345,264.03539,115.705,376.483903
"2596","Status-quo_rcp85","Nor.pout",1985,2.247639,172.7521,94.6504,227.634972
"2597","Status-quo_rcp85","Nor.pout",1986,1.3174862,89.14928,134.926,180.330076
"2598","Status-quo_rcp85","Nor.pout",1987,1.7503282,122.57884,41.5738,148.92635
"2599","Status-quo_rcp85","Nor.pout",1988,0.94258805,83.0002,88.6904,109.21943
"2600","Status-quo_rcp85","Nor.pout",1989,1.07631695,75.1807,90.5653,166.74228
"2601","Status-quo_rcp85","Nor.pout",1990,1.1923404,122.70078,109.104,138.8413
"2602","Status-quo_rcp85","Nor.pout",1991,1.7090076,139.47559,129.943,189.81918
"2603","Status-quo_rcp85","Nor.pout",1992,0.96790925,162.5858,89.6293,302.27539
"2604","Status-quo_rcp85","Nor.pout",1993,1.65956005,203.9983,68.3101,181.097588
"2605","Status-quo_rcp85","Nor.pout",1994,1.29326465,89.22873,173.415,183.61828
"2606","Status-quo_rcp85","Nor.pout",1995,0.7277371,160.57614,88.3115,231.894454
"2607","Status-quo_rcp85","Nor.pout",1996,0.82572245,245.01284,121.218,156.22424
"2608","Status-quo_rcp85","Nor.pout",1997,0.74697155,166.1471,37.9921,156.781548
"2609","Status-quo_rcp85","Nor.pout",1998,0.60588335,198.22325,79.2273,73.980497
"2610","Status-quo_rcp85","Nor.pout",1999,0.86846575,105.3018,112.487,92.388104
"2611","Status-quo_rcp85","Nor.pout",2000,0.7485117,139.67954,51.1592,185.103762
"2612","Status-quo_rcp85","Nor.pout",2001,0.28780255,183.1745,72.9102,64.358235
"2613","Status-quo_rcp85","Nor.pout",2002,0.7289192,106.6846,42.5673,77.13822
"2614","Status-quo_rcp85","Nor.pout",2003,0.933536375,59.4979,19.3656,24.569144
"2615","Status-quo_rcp85","Nor.pout",2004,0.65050853,36.292,25.2027,13.487771
"2616","Status-quo_rcp85","Nor.pout",2005,0,23.86979,57.4175,0.04144
"2617","Status-quo_rcp85","Nor.pout",2006,0.862815205,48.74232,38.2544,46.529024
"2618","Status-quo_rcp85","Nor.pout",2007,0,60.06158,52.3778,5.799451
"2619","Status-quo_rcp85","Nor.pout",2008,0.4841404425,73.3772,87.4364,34.84358
"2620","Status-quo_rcp85","Nor.pout",2009,0.4917373605,98.91465,94.3184,45.821459
"2621","Status-quo_rcp85","Nor.pout",2010,1.03404665,178.45056,24.7261,131.191062
"2622","Status-quo_rcp85","Nor.pout",2011,0.051916797,148.28922,53.3982,6.839861
"2623","Status-quo_rcp85","Nor.pout",2012,0.0778698,72.5022,103.849,26.946185
"2624","Status-quo_rcp85","Nor.pout",2013,0.775380635,82.5971,36.3479,82.179503
"2625","Status-quo_rcp85","Nor.pout",2014,0.835226515,92.21023,126.105,44.189139
"2626","Status-quo_rcp85","Nor.pout",2015,0.72108428,93.34529,76.0954,57.351168
"2627","Status-quo_rcp85","Nor.pout",2016,1.01592866,157.82236,97.7589,60.202685
"2628","Status-quo_rcp85","Nor.pout",2017,0.4107002405,86.55916,48.2253,33.940902
"2629","Status-quo_rcp85","Nor.pout",2018,0.77114776,98.43368,120.05,36.151546
"2630","Status-quo_rcp85","Nor.pout",2019,0.989817885,90.77101,180.08,97.554556
"2631","Status-quo_rcp85","Nor.pout",2020,0.54,252.72134,91.7016,145.7168764
"2632","Status-quo_rcp85","Nor.pout",2022,0.7,423.0695,91.7016,143.610198
"2633","Status-quo_rcp85","Nor.pout",2023,0.5139931535,148.5694,91.7016,28.9441039
"2634","Status-quo_rcp85","Nor.pout",2024,0.13146847,79.48604,91.7016,5.69224312
"2635","Status-quo_rcp85","Nor.pout",2025,0.2861374955,92.33001,91.7016,17.5277468
"2636","Status-quo_rcp85","Nor.pout",2026,0.50644741,121.22959,91.7016,40.9659646
"2637","Status-quo_rcp85","Nor.pout",2027,0.598280585,136.81873,91.7016,51.3159162
"2638","Status-quo_rcp85","Nor.pout",2028,0.54332356,131.97399,91.7016,42.5995613
"2639","Status-quo_rcp85","Nor.pout",2029,0.456383835,120.77563,91.7016,32.5899182
"2640","Status-quo_rcp85","Nor.pout",2030,0.4274770935,115.90446,91.7016,30.1489375
"2641","Status-quo_rcp85","Nor.pout",2031,0.4572345625,118.66907,91.7016,34.180868
"2642","Status-quo_rcp85","Nor.pout",2032,0.508541024,125.26772,91.7016,40.4827283
"2643","Status-quo_rcp85","Nor.pout",2033,0.53549541,129.49065,91.7016,43.5579963
"2644","Status-quo_rcp85","Nor.pout",2034,0.52675692,129.06476,91.7016,42.0875156
"2645","Status-quo_rcp85","Nor.pout",2035,0.5027497075,126.18987,91.7016,39.0704918
"2646","Status-quo_rcp85","Nor.pout",2036,0.4873245685,124.05228,91.7016,37.4328554
"2647","Status-quo_rcp85","Nor.pout",2037,0.489025469,124.03798,91.7016,37.9195584
"2648","Status-quo_rcp85","Nor.pout",2038,0.501898479,125.60262,91.7016,39.6702816
"2649","Status-quo_rcp85","Nor.pout",2039,0.5147055205,127.35665,91.7016,41.3141662
"2650","Status-quo_rcp85","Nor.pout",2040,0.5208969075,128.33006,91.7016,42.0885045
"2651","Status-quo_rcp85","Nor.pout",2041,0.521217622,128.50706,91.7016,42.1564153
"2652","Status-quo_rcp85","Nor.pout",2042,0.520416861,128.45823,91.7016,42.1653408
"2653","Status-quo_rcp85","Nor.pout",2043,0.522096957,128.71717,91.7016,42.5312261
"2654","Status-quo_rcp85","Nor.pout",2044,0.5259173965,129.29164,91.7016,43.1495909
"2655","Status-quo_rcp85","Nor.pout",2045,0.52919539,129.85564,91.7016,43.6655868
"2656","Status-quo_rcp85","Nor.pout",2046,0.53059247,130.17837,91.7016,43.93989
"2657","Status-quo_rcp85","Nor.pout",2047,0.531286215,130.37539,91.7016,44.1482608
"2658","Status-quo_rcp85","Nor.pout",2048,0.532946075,130.66425,91.7016,44.5021577
"2659","Status-quo_rcp85","Nor.pout",2049,0.536416455,131.16187,91.7016,45.1183269
"2660","Status-quo_rcp85","Nor.pout",2050,0.54219714,131.93992,91.7016,46.0616943
"2661","Status-quo_rcp85","Sprat",1974,0.6744606,522.5234,382.893,365.135159
"2662","Status-quo_rcp85","Sprat",1975,1.61232335,612.925,824.679,816.82028
"2663","Status-quo_rcp85","Sprat",1976,1.42272665,754.7322,321.971,722.4646
"2664","Status-quo_rcp85","Sprat",1977,1.3876328,406.19951,401.433,374.68172
"2665","Status-quo_rcp85","Sprat",1978,1.03214915,364.0015,740.909,488.13318
"2666","Status-quo_rcp85","Sprat",1979,0.62817475,542.63375,297.055,493.81966
"2667","Status-quo_rcp85","Sprat",1980,1.73814005,613.5849,158.892,413.62074
"2668","Status-quo_rcp85","Sprat",1981,1.1128358,164.8451,62.9174,293.229113
"2669","Status-quo_rcp85","Sprat",1982,0.9052741,100.8944,39.0216,199.54564
"2670","Status-quo_rcp85","Sprat",1983,1.82094,139.487,70.864,115.61963
"2671","Status-quo_rcp85","Sprat",1984,1.0044931,94.51211,52.3474,112.831855
"2672","Status-quo_rcp85","Sprat",1985,1.17112115,155.57215,31.5783,69.432199
"2673","Status-quo_rcp85","Sprat",1986,1.70056505,71.88947,93.2776,30.00331
"2674","Status-quo_rcp85","Sprat",1987,0.407073575,134.86996,36.066,46.6849459
"2675","Status-quo_rcp85","Sprat",1988,1.4435744,136.83604,52.4912,97.12866
"2676","Status-quo_rcp85","Sprat",1989,0.5104061,68.12847,106.846,75.02719427
"2677","Status-quo_rcp85","Sprat",1990,1.36254675,139.53516,98.5642,83.02336716
"2678","Status-quo_rcp85","Sprat",1991,1.25821,102.67541,63.3591,126.0227763
"2679","Status-quo_rcp85","Sprat",1992,0.5362795,90.18058,90.913,134.7945403
"2680","Status-quo_rcp85","Sprat",1993,1.26210915,118.6357,169.941,213.725999
"2681","Status-quo_rcp85","Sprat",1994,0.5745747,142.76682,114.889,421.81738
"2682","Status-quo_rcp85","Sprat",1995,1.40988155,217.67954,38.5201,419.477128
"2683","Status-quo_rcp85","Sprat",1996,1.2560289,127.1778,35.0925,164.39906
"2684","Status-quo_rcp85","Sprat",1997,0.87323425,66.19869,46.2967,120.7833717
"2685","Status-quo_rcp85","Sprat",1998,1.46734285,135.51256,103.39,185.551833
"2686","Status-quo_rcp85","Sprat",1999,0.9301348,116.75064,77.2089,221.48473622
"2687","Status-quo_rcp85","Sprat",2000,1.1392344,117.89307,54.032,227.074004
"2688","Status-quo_rcp85","Sprat",2001,1.5084958,113.01269,64.1184,221.366156
"2689","Status-quo_rcp85","Sprat",2002,1.38264175,167.89607,55.5137,162.483392
"2690","Status-quo_rcp85","Sprat",2003,1.24283465,90.02809,67.9539,198.528044
"2691","Status-quo_rcp85","Sprat",2004,1.3113324,159.79608,187.738,218.197332
"2692","Status-quo_rcp85","Sprat",2005,0.9400835,162.83359,55.8074,248.457882
"2693","Status-quo_rcp85","Sprat",2006,1.6407843,183.28674,64.6815,129.55435
"2694","Status-quo_rcp85","Sprat",2007,1.10297095,142.3944,52.9127,102.002382
"2695","Status-quo_rcp85","Sprat",2008,0.95487275,81.72228,128.378,70.541546
"2696","Status-quo_rcp85","Sprat",2009,0.6325217,247.4948,125.387,142.246271
"2697","Status-quo_rcp85","Sprat",2010,0.6819491,224.419,143.356,160.2215481
"2698","Status-quo_rcp85","Sprat",2011,0.7811661,238.6605,107.943,154.1318103
"2699","Status-quo_rcp85","Sprat",2012,0.8419376,245.5465,62.6616,98.140065
"2700","Status-quo_rcp85","Sprat",2013,1.1503497,92.7505,214.6,66.1693563
"2701","Status-quo_rcp85","Sprat",2014,0.20748099,381.1958,160.056,158.83238882
"2702","Status-quo_rcp85","Sprat",2015,0.98518425,421.2769,111.451,307.83893
"2703","Status-quo_rcp85","Sprat",2016,2.00666625,227.9545,141.424,259.86144
"2704","Status-quo_rcp85","Sprat",2017,0.8255969,106.68275,208.474,130.41525
"2705","Status-quo_rcp85","Sprat",2018,0.90346995,188.87582,194.938,193.44501
"2706","Status-quo_rcp85","Sprat",2019,0.4794628,226.9883,261.849,151.012749
"2707","Status-quo_rcp85","Sprat",2020,0.5700285,373.9364,118.747,227.57419
"2708","Status-quo_rcp85","Sprat",2022,0.900045,308.089,124.075,207.45691
"2709","Status-quo_rcp85","Sprat",2023,0.249292195,139.4207,103.19,34.33448
"2710","Status-quo_rcp85","Sprat",2024,0.194882935,135.7296,101.805,28.955153
"2711","Status-quo_rcp85","Sprat",2025,0.31337876,156.8704,109.02,56.3841
"2712","Status-quo_rcp85","Sprat",2026,0.44605973,178.0133,114.627,86.96508
"2713","Status-quo_rcp85","Sprat",2027,0.4917976,183.7152,115.89,94.62239
"2714","Status-quo_rcp85","Sprat",2028,0.46916456,179.2539,114.911,86.06959
"2715","Status-quo_rcp85","Sprat",2029,0.434145385,173.3505,113.519,77.29241
"2716","Status-quo_rcp85","Sprat",2030,0.420950925,171.3736,113.027,75.0809
"2717","Status-quo_rcp85","Sprat",2031,0.43061454,173.1867,113.478,78.29453
"2718","Status-quo_rcp85","Sprat",2032,0.4471819,175.9639,114.149,82.34209
"2719","Status-quo_rcp85","Sprat",2033,0.452543645,176.7207,114.327,82.99939
"2720","Status-quo_rcp85","Sprat",2034,0.444115265,175.2488,113.978,80.28745
"2721","Status-quo_rcp85","Sprat",2035,0.430372635,173.0093,113.435,76.76366
"2722","Status-quo_rcp85","Sprat",2036,0.42046444,171.4788,113.054,74.57183
"2723","Status-quo_rcp85","Sprat",2037,0.417683865,171.1261,112.965,74.17114
"2724","Status-quo_rcp85","Sprat",2038,0.419611965,171.4922,113.057,74.75577
"2725","Status-quo_rcp85","Sprat",2039,0.42202883,171.8776,113.154,75.29179
"2726","Status-quo_rcp85","Sprat",2040,0.422595085,171.9336,113.168,75.32298
"2727","Status-quo_rcp85","Sprat",2041,0.42165481,171.7536,113.123,75.03031
"2728","Status-quo_rcp85","Sprat",2042,0.4205136,171.5641,113.075,74.74347
"2729","Status-quo_rcp85","Sprat",2043,0.41978617,171.459,113.049,74.56482
"2730","Status-quo_rcp85","Sprat",2044,0.41897038,171.3453,113.02,74.3262
"2731","Status-quo_rcp85","Sprat",2045,0.41714115,171.0653,112.95,73.80027
"2732","Status-quo_rcp85","Sprat",2046,0.41387292,170.5521,112.82,72.92137
"2733","Status-quo_rcp85","Sprat",2047,0.409595095,169.8805,112.648,71.83069
"2734","Status-quo_rcp85","Sprat",2048,0.40515181,169.1873,112.469,70.74272
"2735","Status-quo_rcp85","Sprat",2049,0.401276005,168.5864,112.313,69.82394
"2736","Status-quo_rcp85","Sprat",2050,0.398360525,168.1359,112.195,69.14594
"2737","ICES-AR_noCC","Herring",1974,0.7588798,231.55969,9.76504,266.0127707
"2738","ICES-AR_noCC","Herring",1975,1.3042258,160.38451,4.1549,253.936978
"2739","ICES-AR_noCC","Herring",1976,0.8217317,85.84528,2.27249,159.2551815
"2740","ICES-AR_noCC","Herring",1977,0.20984378,61.020586,1.40772,39.3143447
"2741","ICES-AR_noCC","Herring",1978,0,72.91383,1.13919,0
"2742","ICES-AR_noCC","Herring",1979,0,99.81087,4.2996,0
"2743","ICES-AR_noCC","Herring",1980,0.12016436,127.81693,15.4957,73.4498774
"2744","ICES-AR_noCC","Herring",1981,0.17640074,196.64405,20.8831,208.7451796
"2745","ICES-AR_noCC","Herring",1982,0.14514714,350.2555,30.5954,277.06982
"2746","ICES-AR_noCC","Herring",1983,0.32908226,619.4064,27.0698,430.2153877
"2747","ICES-AR_noCC","Herring",1984,0.52961984,922.1063,31.0249,460.933687
"2748","ICES-AR_noCC","Herring",1985,0.58612294,964.23796,46.2658,659.339468
"2749","ICES-AR_noCC","Herring",1986,0.48184306,915.1545,52.6667,752.730421
"2750","ICES-AR_noCC","Herring",1987,0.44578588,1041.9821,40.9552,1008.725363
"2751","ICES-AR_noCC","Herring",1988,0.45439118,1388.755,22.2127,1140.872967
"2752","ICES-AR_noCC","Herring",1989,0.38698212,1418.7947,19.8513,910.318178
"2753","ICES-AR_noCC","Herring",1990,0.37990196,1447.7683,19.5452,739.05632
"2754","ICES-AR_noCC","Herring",1991,0.39866822,1277.231,21.3652,685.045255
"2755","ICES-AR_noCC","Herring",1992,0.54486654,1037.9571,31.067,764.4316
"2756","ICES-AR_noCC","Herring",1993,0.73706082,739.9792,32.9629,687.90159
"2757","ICES-AR_noCC","Herring",1994,0.69873378,745.5892,24.9279,597.20772
"2758","ICES-AR_noCC","Herring",1995,0.81420278,717.5503,26.3676,595.416686
"2759","ICES-AR_noCC","Herring",1996,0.32842296,613.8649,26.9955,274.3717617
"2760","ICES-AR_noCC","Herring",1997,0.28901004,731.4918,17.2294,264.055839
"2761","ICES-AR_noCC","Herring",1998,0.43480576,993.3717,13.0516,380.193317
"2762","ICES-AR_noCC","Herring",1999,0.33357768,1051.398,38.7461,369.621777
"2763","ICES-AR_noCC","Herring",2000,0.3329749,1080.7987,24.9031,421.77943
"2764","ICES-AR_noCC","Herring",2001,0.26654598,1403.6539,67.4674,363.6912387
"2765","ICES-AR_noCC","Herring",2002,0.23786614,1741.8249,27.1564,390.438144
"2766","ICES-AR_noCC","Herring",2003,0.2481339,1976.9937,18.6826,487.43234
"2767","ICES-AR_noCC","Herring",2004,0.26330118,2185.2915,21.3184,589.575669
"2768","ICES-AR_noCC","Herring",2005,0.34292734,2156.3095,14.6768,665.39644
"2769","ICES-AR_noCC","Herring",2006,0.27782698,1591.1039,17.0225,513.246729
"2770","ICES-AR_noCC","Herring",2007,0.2450066,1244.5221,21.6824,406.368329
"2771","ICES-AR_noCC","Herring",2008,0.17291617,1111.3688,19.6346,258.712891
"2772","ICES-AR_noCC","Herring",2009,0.101812658,1248.4956,22.1427,168.588998
"2773","ICES-AR_noCC","Herring",2010,0.11508248,1322.1095,22.2495,186.255103
"2774","ICES-AR_noCC","Herring",2011,0.103211948,1772.3529,19.8325,224.0493293
"2775","ICES-AR_noCC","Herring",2012,0.196455128,2088.1422,19.1553,434.509325
"2776","ICES-AR_noCC","Herring",2013,0.22559307,1898.867,31.5267,511.21947
"2777","ICES-AR_noCC","Herring",2014,0.21804767,1702.954,35.9912,518.0419736
"2778","ICES-AR_noCC","Herring",2015,0.24194578,1629.382,9.70052,494.949169
"2779","ICES-AR_noCC","Herring",2016,0.246371,1879.231,14.828,563.618342
"2780","ICES-AR_noCC","Herring",2017,0.186973982,1712.107,7.49557,490.97533
"2781","ICES-AR_noCC","Herring",2018,0.24780678,1520.7794,17.7671,591.79746
"2782","ICES-AR_noCC","Herring",2019,0.223565024,1271.7445,14.1253,432.12261
"2783","ICES-AR_noCC","Herring",2020,0.21,1124.0798,23.3562,289.816234
"2784","ICES-AR_noCC","Herring",2022,0.30936244,1230.2944,23.2358,413.85382
"2785","ICES-AR_noCC","Herring",2023,0.29906158,1189.3271,23.3045,357.854766
"2786","ICES-AR_noCC","Herring",2024,0.2671981,1062.6113,23.333,285.787292
"2787","ICES-AR_noCC","Herring",2025,0.24507278,974.6207,23.162,256.919323
"2788","ICES-AR_noCC","Herring",2026,0.25855178,1028.2255,23.2866,289.691506
"2789","ICES-AR_noCC","Herring",2027,0.2878615,1144.7852,23.3479,350.76492
"2790","ICES-AR_noCC","Herring",2028,0.31,1239.6239,23.2165,398.5136
"2791","ICES-AR_noCC","Herring",2029,0.31,1265.5144,23.1563,402.24731
"2792","ICES-AR_noCC","Herring",2030,0.31,1242.7692,23.2097,394.03366
"2793","ICES-AR_noCC","Herring",2031,0.3027644,1204.0515,23.2829,376.84316
"2794","ICES-AR_noCC","Herring",2032,0.2994648,1190.9331,23.3023,371.90685
"2795","ICES-AR_noCC","Herring",2033,0.30286602,1204.4581,23.2822,380.52935
"2796","ICES-AR_noCC","Herring",2034,0.30796648,1224.7404,23.2467,391.42669
"2797","ICES-AR_noCC","Herring",2035,0.31,1234.0098,23.2283,395.09789
"2798","ICES-AR_noCC","Herring",2036,0.3090794,1229.1646,23.238,391.86596
"2799","ICES-AR_noCC","Herring",2037,0.30638056,1218.4346,23.2584,385.92509
"2800","ICES-AR_noCC","Herring",2038,0.3048743,1212.4434,23.269,383.19675
"2801","ICES-AR_noCC","Herring",2039,0.30533722,1214.2856,23.2658,384.7363
"2802","ICES-AR_noCC","Herring",2040,0.30680212,1220.1093,23.2553,388.06043
"2803","ICES-AR_noCC","Herring",2041,0.30785934,1224.3144,23.2475,390.14361
"2804","ICES-AR_noCC","Herring",2042,0.30786622,1224.3408,23.2474,389.86238
"2805","ICES-AR_noCC","Herring",2043,0.3071783,1221.6057,23.2526,388.24528
"2806","ICES-AR_noCC","Herring",2044,0.3065557,1219.1301,23.2571,386.98451
"2807","ICES-AR_noCC","Herring",2045,0.30645384,1218.7253,23.2579,386.92748
"2808","ICES-AR_noCC","Herring",2046,0.3067813,1220.0286,23.2555,387.73014
"2809","ICES-AR_noCC","Herring",2047,0.30715338,1221.5088,23.2527,388.51417
"2810","ICES-AR_noCC","Herring",2048,0.30727842,1222.0058,23.2518,388.70287
"2811","ICES-AR_noCC","Herring",2049,0.30714634,1221.4792,23.2528,388.35707
"2812","ICES-AR_noCC","Herring",2050,0.30694394,1220.674,23.2543,387.91895
"2813","ICES-AR_noCC","Nor.pout",1974,2.468944,289.16,296.519,732.53482
"2814","ICES-AR_noCC","Nor.pout",1975,1.64387465,279.994857,437.039,508.26122
"2815","ICES-AR_noCC","Nor.pout",1976,1.5224247,349.86366,324.145,472.6081
"2816","ICES-AR_noCC","Nor.pout",1977,1.0906025,342.06122,170.41,383.9666
"2817","ICES-AR_noCC","Nor.pout",1978,1.2317536,298.4487,210.768,253.75616
"2818","ICES-AR_noCC","Nor.pout",1979,1.32269955,257.6187,238.073,339.89802
"2819","ICES-AR_noCC","Nor.pout",1980,1.38928165,371.88192,125.229,534.6499
"2820","ICES-AR_noCC","Nor.pout",1981,1.12269295,287.05,191.22,431.92782
"2821","ICES-AR_noCC","Nor.pout",1982,1.21148445,158.147,224.416,390.19692
"2822","ICES-AR_noCC","Nor.pout",1983,1.5412998,240.68174,149.705,475.747
"2823","ICES-AR_noCC","Nor.pout",1984,1.79489345,264.03539,115.705,376.483903
"2824","ICES-AR_noCC","Nor.pout",1985,2.247639,172.7521,94.6504,227.634972
"2825","ICES-AR_noCC","Nor.pout",1986,1.3174862,89.14928,134.926,180.330076
"2826","ICES-AR_noCC","Nor.pout",1987,1.7503282,122.57884,41.5738,148.92635
"2827","ICES-AR_noCC","Nor.pout",1988,0.94258805,83.0002,88.6904,109.21943
"2828","ICES-AR_noCC","Nor.pout",1989,1.07631695,75.1807,90.5653,166.74228
"2829","ICES-AR_noCC","Nor.pout",1990,1.1923404,122.70078,109.104,138.8413
"2830","ICES-AR_noCC","Nor.pout",1991,1.7090076,139.47559,129.943,189.81918
"2831","ICES-AR_noCC","Nor.pout",1992,0.96790925,162.5858,89.6293,302.27539
"2832","ICES-AR_noCC","Nor.pout",1993,1.65956005,203.9983,68.3101,181.097588
"2833","ICES-AR_noCC","Nor.pout",1994,1.29326465,89.22873,173.415,183.61828
"2834","ICES-AR_noCC","Nor.pout",1995,0.7277371,160.57614,88.3115,231.894454
"2835","ICES-AR_noCC","Nor.pout",1996,0.82572245,245.01284,121.218,156.22424
"2836","ICES-AR_noCC","Nor.pout",1997,0.74697155,166.1471,37.9921,156.781548
"2837","ICES-AR_noCC","Nor.pout",1998,0.60588335,198.22325,79.2273,73.980497
"2838","ICES-AR_noCC","Nor.pout",1999,0.86846575,105.3018,112.487,92.388104
"2839","ICES-AR_noCC","Nor.pout",2000,0.7485117,139.67954,51.1592,185.103762
"2840","ICES-AR_noCC","Nor.pout",2001,0.28780255,183.1745,72.9102,64.358235
"2841","ICES-AR_noCC","Nor.pout",2002,0.7289192,106.6846,42.5673,77.13822
"2842","ICES-AR_noCC","Nor.pout",2003,0.933536375,59.4979,19.3656,24.569144
"2843","ICES-AR_noCC","Nor.pout",2004,0.65050853,36.292,25.2027,13.487771
"2844","ICES-AR_noCC","Nor.pout",2005,0,23.86979,57.4175,0.04144
"2845","ICES-AR_noCC","Nor.pout",2006,0.862815205,48.74232,38.2544,46.529024
"2846","ICES-AR_noCC","Nor.pout",2007,0,60.06158,52.3778,5.799451
"2847","ICES-AR_noCC","Nor.pout",2008,0.4841404425,73.3772,87.4364,34.84358
"2848","ICES-AR_noCC","Nor.pout",2009,0.4917373605,98.91465,94.3184,45.821459
"2849","ICES-AR_noCC","Nor.pout",2010,1.03404665,178.45056,24.7261,131.191062
"2850","ICES-AR_noCC","Nor.pout",2011,0.051916797,148.28922,53.3982,6.839861
"2851","ICES-AR_noCC","Nor.pout",2012,0.0778698,72.5022,103.849,26.946185
"2852","ICES-AR_noCC","Nor.pout",2013,0.775380635,82.5971,36.3479,82.179503
"2853","ICES-AR_noCC","Nor.pout",2014,0.835226515,92.21023,126.105,44.189139
"2854","ICES-AR_noCC","Nor.pout",2015,0.72108428,93.34529,76.0954,57.351168
"2855","ICES-AR_noCC","Nor.pout",2016,1.01592866,157.82236,97.7589,60.202685
"2856","ICES-AR_noCC","Nor.pout",2017,0.4107002405,86.55916,48.2253,33.940902
"2857","ICES-AR_noCC","Nor.pout",2018,0.77114776,98.43368,120.05,36.151546
"2858","ICES-AR_noCC","Nor.pout",2019,0.989817885,90.77101,180.08,97.554556
"2859","ICES-AR_noCC","Nor.pout",2020,0.54,252.72134,91.7016,145.7945209
"2860","ICES-AR_noCC","Nor.pout",2022,0.7,423.5827,91.7016,142.666327
"2861","ICES-AR_noCC","Nor.pout",2023,0.4949823485,146.1215,91.7016,26.2544072
"2862","ICES-AR_noCC","Nor.pout",2024,0.089527651,75.02997,91.7016,3.33979556
"2863","ICES-AR_noCC","Nor.pout",2025,0.1852612035,81.23594,91.7016,8.7774795
"2864","ICES-AR_noCC","Nor.pout",2026,0.323833377,98.55066,91.7016,18.9852902
"2865","ICES-AR_noCC","Nor.pout",2027,0.3830378955,108.24288,91.7016,23.7047158
"2866","ICES-AR_noCC","Nor.pout",2028,0.352735304,106.18925,91.7016,20.2736054
"2867","ICES-AR_noCC","Nor.pout",2029,0.288997002,98.46067,91.7016,14.9874297
"2868","ICES-AR_noCC","Nor.pout",2030,0.250963465,92.96815,91.7016,12.3219291
"2869","ICES-AR_noCC","Nor.pout",2031,0.2507363095,91.91296,91.7016,12.5022473
"2870","ICES-AR_noCC","Nor.pout",2032,0.2762844955,94.59278,91.7016,14.4310054
"2871","ICES-AR_noCC","Nor.pout",2033,0.298771067,97.55074,91.7016,16.095741
"2872","ICES-AR_noCC","Nor.pout",2034,0.302712622,98.50032,91.7016,16.2778647
"2873","ICES-AR_noCC","Nor.pout",2035,0.2916591465,97.39968,91.7016,15.3413916
"2874","ICES-AR_noCC","Nor.pout",2036,0.2792881935,95.80912,91.7016,14.4180214
"2875","ICES-AR_noCC","Nor.pout",2037,0.2756101245,95.10736,91.7016,14.2015177
"2876","ICES-AR_noCC","Nor.pout",2038,0.2808929435,95.55959,91.7016,14.6390176
"2877","ICES-AR_noCC","Nor.pout",2039,0.2884890645,96.48285,91.7016,15.2169246
"2878","ICES-AR_noCC","Nor.pout",2040,0.2921508935,97.05274,91.7016,15.4687233
"2879","ICES-AR_noCC","Nor.pout",2041,0.290614694,96.97677,91.7016,15.322254
"2880","ICES-AR_noCC","Nor.pout",2042,0.286928812,96.54651,91.7016,15.0344943
"2881","ICES-AR_noCC","Nor.pout",2043,0.284695871,96.2178,91.7016,14.8778022
"2882","ICES-AR_noCC","Nor.pout",2044,0.285200676,96.2138,91.7016,14.931614
"2883","ICES-AR_noCC","Nor.pout",2045,0.2872227415,96.43786,91.7016,15.0910967
"2884","ICES-AR_noCC","Nor.pout",2046,0.2887847155,96.65168,91.7016,15.2050586
"2885","ICES-AR_noCC","Nor.pout",2047,0.2888998395,96.70176,91.7016,15.2051073
"2886","ICES-AR_noCC","Nor.pout",2048,0.287990766,96.60824,91.7016,15.1311706
"2887","ICES-AR_noCC","Nor.pout",2049,0.2871024425,96.49185,91.7016,15.0652212
"2888","ICES-AR_noCC","Nor.pout",2050,0.286911516,96.44931,91.7016,15.0551672
"2889","ICES-AR_noCC","Sprat",1974,0.6744606,522.5234,382.893,365.135159
"2890","ICES-AR_noCC","Sprat",1975,1.61232335,612.925,824.679,816.82028
"2891","ICES-AR_noCC","Sprat",1976,1.42272665,754.7322,321.971,722.4646
"2892","ICES-AR_noCC","Sprat",1977,1.3876328,406.19951,401.433,374.68172
"2893","ICES-AR_noCC","Sprat",1978,1.03214915,364.0015,740.909,488.13318
"2894","ICES-AR_noCC","Sprat",1979,0.62817475,542.63375,297.055,493.81966
"2895","ICES-AR_noCC","Sprat",1980,1.73814005,613.5849,158.892,413.62074
"2896","ICES-AR_noCC","Sprat",1981,1.1128358,164.8451,62.9174,293.229113
"2897","ICES-AR_noCC","Sprat",1982,0.9052741,100.8944,39.0216,199.54564
"2898","ICES-AR_noCC","Sprat",1983,1.82094,139.487,70.864,115.61963
"2899","ICES-AR_noCC","Sprat",1984,1.0044931,94.51211,52.3474,112.831855
"2900","ICES-AR_noCC","Sprat",1985,1.17112115,155.57215,31.5783,69.432199
"2901","ICES-AR_noCC","Sprat",1986,1.70056505,71.88947,93.2776,30.00331
"2902","ICES-AR_noCC","Sprat",1987,0.407073575,134.86996,36.066,46.6849459
"2903","ICES-AR_noCC","Sprat",1988,1.4435744,136.83604,52.4912,97.12866
"2904","ICES-AR_noCC","Sprat",1989,0.5104061,68.12847,106.846,75.02719427
"2905","ICES-AR_noCC","Sprat",1990,1.36254675,139.53516,98.5642,83.02336716
"2906","ICES-AR_noCC","Sprat",1991,1.25821,102.67541,63.3591,126.0227763
"2907","ICES-AR_noCC","Sprat",1992,0.5362795,90.18058,90.913,134.7945403
"2908","ICES-AR_noCC","Sprat",1993,1.26210915,118.6357,169.941,213.725999
"2909","ICES-AR_noCC","Sprat",1994,0.5745747,142.76682,114.889,421.81738
"2910","ICES-AR_noCC","Sprat",1995,1.40988155,217.67954,38.5201,419.477128
"2911","ICES-AR_noCC","Sprat",1996,1.2560289,127.1778,35.0925,164.39906
"2912","ICES-AR_noCC","Sprat",1997,0.87323425,66.19869,46.2967,120.7833717
"2913","ICES-AR_noCC","Sprat",1998,1.46734285,135.51256,103.39,185.551833
"2914","ICES-AR_noCC","Sprat",1999,0.9301348,116.75064,77.2089,221.48473622
"2915","ICES-AR_noCC","Sprat",2000,1.1392344,117.89307,54.032,227.074004
"2916","ICES-AR_noCC","Sprat",2001,1.5084958,113.01269,64.1184,221.366156
"2917","ICES-AR_noCC","Sprat",2002,1.38264175,167.89607,55.5137,162.483392
"2918","ICES-AR_noCC","Sprat",2003,1.24283465,90.02809,67.9539,198.528044
"2919","ICES-AR_noCC","Sprat",2004,1.3113324,159.79608,187.738,218.197332
"2920","ICES-AR_noCC","Sprat",2005,0.9400835,162.83359,55.8074,248.457882
"2921","ICES-AR_noCC","Sprat",2006,1.6407843,183.28674,64.6815,129.55435
"2922","ICES-AR_noCC","Sprat",2007,1.10297095,142.3944,52.9127,102.002382
"2923","ICES-AR_noCC","Sprat",2008,0.95487275,81.72228,128.378,70.541546
"2924","ICES-AR_noCC","Sprat",2009,0.6325217,247.4948,125.387,142.246271
"2925","ICES-AR_noCC","Sprat",2010,0.6819491,224.419,143.356,160.2215481
"2926","ICES-AR_noCC","Sprat",2011,0.7811661,238.6605,107.943,154.1318103
"2927","ICES-AR_noCC","Sprat",2012,0.8419376,245.5465,62.6616,98.140065
"2928","ICES-AR_noCC","Sprat",2013,1.1503497,92.7505,214.6,66.1693563
"2929","ICES-AR_noCC","Sprat",2014,0.20748099,381.1958,160.056,158.83238882
"2930","ICES-AR_noCC","Sprat",2015,0.98518425,421.2769,111.451,307.83893
"2931","ICES-AR_noCC","Sprat",2016,2.00666625,227.9545,141.424,259.86144
"2932","ICES-AR_noCC","Sprat",2017,0.8255969,106.68275,208.474,130.41525
"2933","ICES-AR_noCC","Sprat",2018,0.90346995,188.87582,194.938,193.44501
"2934","ICES-AR_noCC","Sprat",2019,0.4794628,226.9883,261.849,151.012749
"2935","ICES-AR_noCC","Sprat",2020,0.5700285,373.9364,118.747,227.66889
"2936","ICES-AR_noCC","Sprat",2022,0.900045,308.2124,124.069,207.75051
"2937","ICES-AR_noCC","Sprat",2023,0.25720448,140.4933,103.582,36.31124
"2938","ICES-AR_noCC","Sprat",2024,0.224759795,140.5278,103.595,34.969703
"2939","ICES-AR_noCC","Sprat",2025,0.356965505,163.7303,111.006,66.97358
"2940","ICES-AR_noCC","Sprat",2026,0.4896488,184.5237,116.061,99.25766
"2941","ICES-AR_noCC","Sprat",2027,0.54227405,191.4001,117.436,110.09353
"2942","ICES-AR_noCC","Sprat",2028,0.5378651,189.9923,117.166,106.44328
"2943","ICES-AR_noCC","Sprat",2029,0.5194182,186.7337,116.518,101.08712
"2944","ICES-AR_noCC","Sprat",2030,0.51393855,185.8523,116.337,100.38648
"2945","ICES-AR_noCC","Sprat",2031,0.5251731,187.792,116.732,104.45503
"2946","ICES-AR_noCC","Sprat",2032,0.5439969,190.9093,117.342,109.87646
"2947","ICES-AR_noCC","Sprat",2033,0.5549049,192.5639,117.655,112.44485
"2948","ICES-AR_noCC","Sprat",2034,0.55420755,192.3251,117.61,111.63567
"2949","ICES-AR_noCC","Sprat",2035,0.54752385,191.1727,117.393,109.5146
"2950","ICES-AR_noCC","Sprat",2036,0.5425247,190.3668,117.238,108.27972
"2951","ICES-AR_noCC","Sprat",2037,0.54275835,190.4516,117.254,108.6519
"2952","ICES-AR_noCC","Sprat",2038,0.5466065,191.1129,117.381,109.89628
"2953","ICES-AR_noCC","Sprat",2039,0.5501045,191.6779,117.488,110.82238
"2954","ICES-AR_noCC","Sprat",2040,0.5508051,191.7643,117.505,110.85484
"2955","ICES-AR_noCC","Sprat",2041,0.54917235,191.4758,117.45,110.28268
"2956","ICES-AR_noCC","Sprat",2042,0.54724635,191.1589,117.39,109.74763
"2957","ICES-AR_noCC","Sprat",2043,0.5465846,191.0631,117.372,109.64238
"2958","ICES-AR_noCC","Sprat",2044,0.547276,191.1891,117.396,109.90618
"2959","ICES-AR_noCC","Sprat",2045,0.5483582,191.369,117.43,110.21997
"2960","ICES-AR_noCC","Sprat",2046,0.54888625,191.4497,117.445,110.33087
"2961","ICES-AR_noCC","Sprat",2047,0.5486487,191.4037,117.437,110.22338
"2962","ICES-AR_noCC","Sprat",2048,0.54808025,191.308,117.418,110.05121
"2963","ICES-AR_noCC","Sprat",2049,0.54771825,191.251,117.407,109.96591
"2964","ICES-AR_noCC","Sprat",2050,0.5477668,191.2628,117.41,110.00209
"2965","ICES-AR_rcp45","Herring",1974,0.7588798,231.55969,9.76504,266.0127707
"2966","ICES-AR_rcp45","Herring",1975,1.3042258,160.38451,4.1549,253.936978
"2967","ICES-AR_rcp45","Herring",1976,0.8217317,85.84528,2.27249,159.2551815
"2968","ICES-AR_rcp45","Herring",1977,0.20984378,61.020586,1.40772,39.3143447
"2969","ICES-AR_rcp45","Herring",1978,0,72.91383,1.13919,0
"2970","ICES-AR_rcp45","Herring",1979,0,99.81087,4.2996,0
"2971","ICES-AR_rcp45","Herring",1980,0.12016436,127.81693,15.4957,73.4498774
"2972","ICES-AR_rcp45","Herring",1981,0.17640074,196.64405,20.8831,208.7451796
"2973","ICES-AR_rcp45","Herring",1982,0.14514714,350.2555,30.5954,277.06982
"2974","ICES-AR_rcp45","Herring",1983,0.32908226,619.4064,27.0698,430.2153877
"2975","ICES-AR_rcp45","Herring",1984,0.52961984,922.1063,31.0249,460.933687
"2976","ICES-AR_rcp45","Herring",1985,0.58612294,964.23796,46.2658,659.339468
"2977","ICES-AR_rcp45","Herring",1986,0.48184306,915.1545,52.6667,752.730421
"2978","ICES-AR_rcp45","Herring",1987,0.44578588,1041.9821,40.9552,1008.725363
"2979","ICES-AR_rcp45","Herring",1988,0.45439118,1388.755,22.2127,1140.872967
"2980","ICES-AR_rcp45","Herring",1989,0.38698212,1418.7947,19.8513,910.318178
"2981","ICES-AR_rcp45","Herring",1990,0.37990196,1447.7683,19.5452,739.05632
"2982","ICES-AR_rcp45","Herring",1991,0.39866822,1277.231,21.3652,685.045255
"2983","ICES-AR_rcp45","Herring",1992,0.54486654,1037.9571,31.067,764.4316
"2984","ICES-AR_rcp45","Herring",1993,0.73706082,739.9792,32.9629,687.90159
"2985","ICES-AR_rcp45","Herring",1994,0.69873378,745.5892,24.9279,597.20772
"2986","ICES-AR_rcp45","Herring",1995,0.81420278,717.5503,26.3676,595.416686
"2987","ICES-AR_rcp45","Herring",1996,0.32842296,613.8649,26.9955,274.3717617
"2988","ICES-AR_rcp45","Herring",1997,0.28901004,731.4918,17.2294,264.055839
"2989","ICES-AR_rcp45","Herring",1998,0.43480576,993.3717,13.0516,380.193317
"2990","ICES-AR_rcp45","Herring",1999,0.33357768,1051.398,38.7461,369.621777
"2991","ICES-AR_rcp45","Herring",2000,0.3329749,1080.7987,24.9031,421.77943
"2992","ICES-AR_rcp45","Herring",2001,0.26654598,1403.6539,67.4674,363.6912387
"2993","ICES-AR_rcp45","Herring",2002,0.23786614,1741.8249,27.1564,390.438144
"2994","ICES-AR_rcp45","Herring",2003,0.2481339,1976.9937,18.6826,487.43234
"2995","ICES-AR_rcp45","Herring",2004,0.26330118,2185.2915,21.3184,589.575669
"2996","ICES-AR_rcp45","Herring",2005,0.34292734,2156.3095,14.6768,665.39644
"2997","ICES-AR_rcp45","Herring",2006,0.27782698,1591.1039,17.0225,513.246729
"2998","ICES-AR_rcp45","Herring",2007,0.2450066,1244.5221,21.6824,406.368329
"2999","ICES-AR_rcp45","Herring",2008,0.17291617,1111.3688,19.6346,258.712891
"3000","ICES-AR_rcp45","Herring",2009,0.101812658,1248.4956,22.1427,168.588998
"3001","ICES-AR_rcp45","Herring",2010,0.11508248,1322.1095,22.2495,186.255103
"3002","ICES-AR_rcp45","Herring",2011,0.103211948,1772.3529,19.8325,224.0493293
"3003","ICES-AR_rcp45","Herring",2012,0.196455128,2088.1422,19.1553,434.509325
"3004","ICES-AR_rcp45","Herring",2013,0.22559307,1898.867,31.5267,511.21947
"3005","ICES-AR_rcp45","Herring",2014,0.21804767,1702.954,35.9912,518.0419736
"3006","ICES-AR_rcp45","Herring",2015,0.24194578,1629.382,9.70052,494.949169
"3007","ICES-AR_rcp45","Herring",2016,0.246371,1879.231,14.828,563.618342
"3008","ICES-AR_rcp45","Herring",2017,0.186973982,1712.107,7.49557,490.97533
"3009","ICES-AR_rcp45","Herring",2018,0.24780678,1520.7794,17.7671,591.79746
"3010","ICES-AR_rcp45","Herring",2019,0.223565024,1271.7445,14.1253,432.12261
"3011","ICES-AR_rcp45","Herring",2020,0.21,1124.0798,23.2721,289.790864
"3012","ICES-AR_rcp45","Herring",2022,0.30934886,1230.2397,22.2585,413.38265
"3013","ICES-AR_rcp45","Herring",2023,0.29883356,1188.4206,21.9956,356.270499
"3014","ICES-AR_rcp45","Herring",2024,0.26521898,1054.7399,21.856,280.303701
"3015","ICES-AR_rcp45","Herring",2025,0.23976458,953.5107,21.6665,245.58571
"3016","ICES-AR_rcp45","Herring",2026,0.24956152,992.4724,21.9453,270.970612
"3017","ICES-AR_rcp45","Herring",2027,0.27648166,1099.5306,22.319,326.495386
"3018","ICES-AR_rcp45","Herring",2028,0.3013458,1198.4111,22.4679,378.92587
"3019","ICES-AR_rcp45","Herring",2029,0.31,1241.5719,22.4967,399.04852
"3020","ICES-AR_rcp45","Herring",2030,0.31,1239.5965,22.4571,397.95328
"3021","ICES-AR_rcp45","Herring",2031,0.30821968,1225.7477,22.2923,394.35916
"3022","ICES-AR_rcp45","Herring",2032,0.3090589,1229.087,21.989,398.93702
"3023","ICES-AR_rcp45","Herring",2033,0.31,1249.0165,21.6185,406.9796
"3024","ICES-AR_rcp45","Herring",2034,0.31,1270.3592,21.2832,412.90846
"3025","ICES-AR_rcp45","Herring",2035,0.31,1278.3302,21.0807,414.49757
"3026","ICES-AR_rcp45","Herring",2036,0.31,1268.9776,21.0524,411.571163
"3027","ICES-AR_rcp45","Herring",2037,0.31,1250.893,21.1664,406.943393
"3028","ICES-AR_rcp45","Herring",2038,0.31,1236.532,21.3548,403.85994
"3029","ICES-AR_rcp45","Herring",2039,0.31,1233.3106,21.55,403.96077
"3030","ICES-AR_rcp45","Herring",2040,0.31,1241.2163,21.6983,407.00665
"3031","ICES-AR_rcp45","Herring",2041,0.31,1255.7426,21.7686,411.74337
"3032","ICES-AR_rcp45","Herring",2042,0.31,1271.9074,21.7578,416.88026
"3033","ICES-AR_rcp45","Herring",2043,0.31,1286.4934,21.6868,421.5775
"3034","ICES-AR_rcp45","Herring",2044,0.31,1298.1026,21.5888,425.41712
"3035","ICES-AR_rcp45","Herring",2045,0.31,1306.2583,21.4964,428.19633
"3036","ICES-AR_rcp45","Herring",2046,0.31,1310.8172,21.4286,429.83777
"3037","ICES-AR_rcp45","Herring",2047,0.31,1312.0545,21.3831,430.43764
"3038","ICES-AR_rcp45","Herring",2048,0.31,1310.8843,21.3359,430.29357
"3039","ICES-AR_rcp45","Herring",2049,0.31,1308.6456,21.2509,429.80214
"3040","ICES-AR_rcp45","Herring",2050,0.31,1306.441,21.0956,429.2537
"3041","ICES-AR_rcp45","Nor.pout",1974,2.468944,289.16,296.519,732.53482
"3042","ICES-AR_rcp45","Nor.pout",1975,1.64387465,279.994857,437.039,508.26122
"3043","ICES-AR_rcp45","Nor.pout",1976,1.5224247,349.86366,324.145,472.6081
"3044","ICES-AR_rcp45","Nor.pout",1977,1.0906025,342.06122,170.41,383.9666
"3045","ICES-AR_rcp45","Nor.pout",1978,1.2317536,298.4487,210.768,253.75616
"3046","ICES-AR_rcp45","Nor.pout",1979,1.32269955,257.6187,238.073,339.89802
"3047","ICES-AR_rcp45","Nor.pout",1980,1.38928165,371.88192,125.229,534.6499
"3048","ICES-AR_rcp45","Nor.pout",1981,1.12269295,287.05,191.22,431.92782
"3049","ICES-AR_rcp45","Nor.pout",1982,1.21148445,158.147,224.416,390.19692
"3050","ICES-AR_rcp45","Nor.pout",1983,1.5412998,240.68174,149.705,475.747
"3051","ICES-AR_rcp45","Nor.pout",1984,1.79489345,264.03539,115.705,376.483903
"3052","ICES-AR_rcp45","Nor.pout",1985,2.247639,172.7521,94.6504,227.634972
"3053","ICES-AR_rcp45","Nor.pout",1986,1.3174862,89.14928,134.926,180.330076
"3054","ICES-AR_rcp45","Nor.pout",1987,1.7503282,122.57884,41.5738,148.92635
"3055","ICES-AR_rcp45","Nor.pout",1988,0.94258805,83.0002,88.6904,109.21943
"3056","ICES-AR_rcp45","Nor.pout",1989,1.07631695,75.1807,90.5653,166.74228
"3057","ICES-AR_rcp45","Nor.pout",1990,1.1923404,122.70078,109.104,138.8413
"3058","ICES-AR_rcp45","Nor.pout",1991,1.7090076,139.47559,129.943,189.81918
"3059","ICES-AR_rcp45","Nor.pout",1992,0.96790925,162.5858,89.6293,302.27539
"3060","ICES-AR_rcp45","Nor.pout",1993,1.65956005,203.9983,68.3101,181.097588
"3061","ICES-AR_rcp45","Nor.pout",1994,1.29326465,89.22873,173.415,183.61828
"3062","ICES-AR_rcp45","Nor.pout",1995,0.7277371,160.57614,88.3115,231.894454
"3063","ICES-AR_rcp45","Nor.pout",1996,0.82572245,245.01284,121.218,156.22424
"3064","ICES-AR_rcp45","Nor.pout",1997,0.74697155,166.1471,37.9921,156.781548
"3065","ICES-AR_rcp45","Nor.pout",1998,0.60588335,198.22325,79.2273,73.980497
"3066","ICES-AR_rcp45","Nor.pout",1999,0.86846575,105.3018,112.487,92.388104
"3067","ICES-AR_rcp45","Nor.pout",2000,0.7485117,139.67954,51.1592,185.103762
"3068","ICES-AR_rcp45","Nor.pout",2001,0.28780255,183.1745,72.9102,64.358235
"3069","ICES-AR_rcp45","Nor.pout",2002,0.7289192,106.6846,42.5673,77.13822
"3070","ICES-AR_rcp45","Nor.pout",2003,0.933536375,59.4979,19.3656,24.569144
"3071","ICES-AR_rcp45","Nor.pout",2004,0.65050853,36.292,25.2027,13.487771
"3072","ICES-AR_rcp45","Nor.pout",2005,0,23.86979,57.4175,0.04144
"3073","ICES-AR_rcp45","Nor.pout",2006,0.862815205,48.74232,38.2544,46.529024
"3074","ICES-AR_rcp45","Nor.pout",2007,0,60.06158,52.3778,5.799451
"3075","ICES-AR_rcp45","Nor.pout",2008,0.4841404425,73.3772,87.4364,34.84358
"3076","ICES-AR_rcp45","Nor.pout",2009,0.4917373605,98.91465,94.3184,45.821459
"3077","ICES-AR_rcp45","Nor.pout",2010,1.03404665,178.45056,24.7261,131.191062
"3078","ICES-AR_rcp45","Nor.pout",2011,0.051916797,148.28922,53.3982,6.839861
"3079","ICES-AR_rcp45","Nor.pout",2012,0.0778698,72.5022,103.849,26.946185
"3080","ICES-AR_rcp45","Nor.pout",2013,0.775380635,82.5971,36.3479,82.179503
"3081","ICES-AR_rcp45","Nor.pout",2014,0.835226515,92.21023,126.105,44.189139
"3082","ICES-AR_rcp45","Nor.pout",2015,0.72108428,93.34529,76.0954,57.351168
"3083","ICES-AR_rcp45","Nor.pout",2016,1.01592866,157.82236,97.7589,60.202685
"3084","ICES-AR_rcp45","Nor.pout",2017,0.4107002405,86.55916,48.2253,33.940902
"3085","ICES-AR_rcp45","Nor.pout",2018,0.77114776,98.43368,120.05,36.151546
"3086","ICES-AR_rcp45","Nor.pout",2019,0.989817885,90.77101,180.08,97.554556
"3087","ICES-AR_rcp45","Nor.pout",2020,0.54,252.72134,91.7016,145.7728507
"3088","ICES-AR_rcp45","Nor.pout",2022,0.7,423.517,91.7016,142.85546
"3089","ICES-AR_rcp45","Nor.pout",2023,0.4978749315,146.6849,91.7016,26.4916516
"3090","ICES-AR_rcp45","Nor.pout",2024,0.0869294515,74.91656,91.7016,3.22248819
"3091","ICES-AR_rcp45","Nor.pout",2025,0.179898018,80.76165,91.7016,8.49429225
"3092","ICES-AR_rcp45","Nor.pout",2026,0.324528287,98.63575,91.7016,19.3076124
"3093","ICES-AR_rcp45","Nor.pout",2027,0.4001229365,110.2607,91.7016,25.8835853
"3094","ICES-AR_rcp45","Nor.pout",2028,0.390293008,110.74262,91.7016,24.3280188
"3095","ICES-AR_rcp45","Nor.pout",2029,0.346311581,105.39371,91.7016,20.2991043
"3096","ICES-AR_rcp45","Nor.pout",2030,0.327611651,102.25593,91.7016,18.9155273
"3097","ICES-AR_rcp45","Nor.pout",2031,0.345658786,103.57472,91.7016,20.8922624
"3098","ICES-AR_rcp45","Nor.pout",2032,0.3859402835,108.42423,91.7016,24.8432909
"3099","ICES-AR_rcp45","Nor.pout",2033,0.4153572545,112.62548,91.7016,27.7165139
"3100","ICES-AR_rcp45","Nor.pout",2034,0.419367199,113.78898,91.7016,27.974472
"3101","ICES-AR_rcp45","Nor.pout",2035,0.406794254,112.54021,91.7016,26.6566586
"3102","ICES-AR_rcp45","Nor.pout",2036,0.3951669785,111.04423,91.7016,25.6064269
"3103","ICES-AR_rcp45","Nor.pout",2037,0.394802683,110.80179,91.7016,25.744282
"3104","ICES-AR_rcp45","Nor.pout",2038,0.404719824,111.92411,91.7016,26.8830279
"3105","ICES-AR_rcp45","Nor.pout",2039,0.417278955,113.55634,91.7016,28.2497905
"3106","ICES-AR_rcp45","Nor.pout",2040,0.426061188,114.82393,91.7016,29.2022374
"3107","ICES-AR_rcp45","Nor.pout",2041,0.4297061705,115.44558,91.7016,29.6209972
"3108","ICES-AR_rcp45","Nor.pout",2042,0.4305086585,115.66226,91.7016,29.7618037
"3109","ICES-AR_rcp45","Nor.pout",2043,0.430920139,115.80154,91.7016,29.8742267
"3110","ICES-AR_rcp45","Nor.pout",2044,0.4315528955,115.97826,91.7016,30.0025379
"3111","ICES-AR_rcp45","Nor.pout",2045,0.431573134,116.10172,91.7016,30.0479164
"3112","ICES-AR_rcp45","Nor.pout",2046,0.430249127,116.0616,91.7016,29.9394516
"3113","ICES-AR_rcp45","Nor.pout",2047,0.4279408835,115.87411,91.7016,29.7299025
"3114","ICES-AR_rcp45","Nor.pout",2048,0.425831555,115.67461,91.7016,29.553566
"3115","ICES-AR_rcp45","Nor.pout",2049,0.425006446,115.60685,91.7016,29.5221577
"3116","ICES-AR_rcp45","Nor.pout",2050,0.425755743,115.72675,91.7016,29.6570601
"3117","ICES-AR_rcp45","Sprat",1974,0.6744606,522.5234,382.893,365.135159
"3118","ICES-AR_rcp45","Sprat",1975,1.61232335,612.925,824.679,816.82028
"3119","ICES-AR_rcp45","Sprat",1976,1.42272665,754.7322,321.971,722.4646
"3120","ICES-AR_rcp45","Sprat",1977,1.3876328,406.19951,401.433,374.68172
"3121","ICES-AR_rcp45","Sprat",1978,1.03214915,364.0015,740.909,488.13318
"3122","ICES-AR_rcp45","Sprat",1979,0.62817475,542.63375,297.055,493.81966
"3123","ICES-AR_rcp45","Sprat",1980,1.73814005,613.5849,158.892,413.62074
"3124","ICES-AR_rcp45","Sprat",1981,1.1128358,164.8451,62.9174,293.229113
"3125","ICES-AR_rcp45","Sprat",1982,0.9052741,100.8944,39.0216,199.54564
"3126","ICES-AR_rcp45","Sprat",1983,1.82094,139.487,70.864,115.61963
"3127","ICES-AR_rcp45","Sprat",1984,1.0044931,94.51211,52.3474,112.831855
"3128","ICES-AR_rcp45","Sprat",1985,1.17112115,155.57215,31.5783,69.432199
"3129","ICES-AR_rcp45","Sprat",1986,1.70056505,71.88947,93.2776,30.00331
"3130","ICES-AR_rcp45","Sprat",1987,0.407073575,134.86996,36.066,46.6849459
"3131","ICES-AR_rcp45","Sprat",1988,1.4435744,136.83604,52.4912,97.12866
"3132","ICES-AR_rcp45","Sprat",1989,0.5104061,68.12847,106.846,75.02719427
"3133","ICES-AR_rcp45","Sprat",1990,1.36254675,139.53516,98.5642,83.02336716
"3134","ICES-AR_rcp45","Sprat",1991,1.25821,102.67541,63.3591,126.0227763
"3135","ICES-AR_rcp45","Sprat",1992,0.5362795,90.18058,90.913,134.7945403
"3136","ICES-AR_rcp45","Sprat",1993,1.26210915,118.6357,169.941,213.725999
"3137","ICES-AR_rcp45","Sprat",1994,0.5745747,142.76682,114.889,421.81738
"3138","ICES-AR_rcp45","Sprat",1995,1.40988155,217.67954,38.5201,419.477128
"3139","ICES-AR_rcp45","Sprat",1996,1.2560289,127.1778,35.0925,164.39906
"3140","ICES-AR_rcp45","Sprat",1997,0.87323425,66.19869,46.2967,120.7833717
"3141","ICES-AR_rcp45","Sprat",1998,1.46734285,135.51256,103.39,185.551833
"3142","ICES-AR_rcp45","Sprat",1999,0.9301348,116.75064,77.2089,221.48473622
"3143","ICES-AR_rcp45","Sprat",2000,1.1392344,117.89307,54.032,227.074004
"3144","ICES-AR_rcp45","Sprat",2001,1.5084958,113.01269,64.1184,221.366156
"3145","ICES-AR_rcp45","Sprat",2002,1.38264175,167.89607,55.5137,162.483392
"3146","ICES-AR_rcp45","Sprat",2003,1.24283465,90.02809,67.9539,198.528044
"3147","ICES-AR_rcp45","Sprat",2004,1.3113324,159.79608,187.738,218.197332
"3148","ICES-AR_rcp45","Sprat",2005,0.9400835,162.83359,55.8074,248.457882
"3149","ICES-AR_rcp45","Sprat",2006,1.6407843,183.28674,64.6815,129.55435
"3150","ICES-AR_rcp45","Sprat",2007,1.10297095,142.3944,52.9127,102.002382
"3151","ICES-AR_rcp45","Sprat",2008,0.95487275,81.72228,128.378,70.541546
"3152","ICES-AR_rcp45","Sprat",2009,0.6325217,247.4948,125.387,142.246271
"3153","ICES-AR_rcp45","Sprat",2010,0.6819491,224.419,143.356,160.2215481
"3154","ICES-AR_rcp45","Sprat",2011,0.7811661,238.6605,107.943,154.1318103
"3155","ICES-AR_rcp45","Sprat",2012,0.8419376,245.5465,62.6616,98.140065
"3156","ICES-AR_rcp45","Sprat",2013,1.1503497,92.7505,214.6,66.1693563
"3157","ICES-AR_rcp45","Sprat",2014,0.20748099,381.1958,160.056,158.83238882
"3158","ICES-AR_rcp45","Sprat",2015,0.98518425,421.2769,111.451,307.83893
"3159","ICES-AR_rcp45","Sprat",2016,2.00666625,227.9545,141.424,259.86144
"3160","ICES-AR_rcp45","Sprat",2017,0.8255969,106.68275,208.474,130.41525
"3161","ICES-AR_rcp45","Sprat",2018,0.90346995,188.87582,194.938,193.44501
"3162","ICES-AR_rcp45","Sprat",2019,0.4794628,226.9883,261.849,151.012749
"3163","ICES-AR_rcp45","Sprat",2020,0.5700285,373.9364,118.747,227.64877
"3164","ICES-AR_rcp45","Sprat",2022,0.900045,308.3009,124.065,208.2035
"3165","ICES-AR_rcp45","Sprat",2023,0.25842097,140.8203,103.701,36.53489
"3166","ICES-AR_rcp45","Sprat",2024,0.222418765,140.2529,103.495,34.447828
"3167","ICES-AR_rcp45","Sprat",2025,0.348210495,162.4679,110.653,64.66051
"3168","ICES-AR_rcp45","Sprat",2026,0.473900525,182.2154,115.568,94.6921
"3169","ICES-AR_rcp45","Sprat",2027,0.5221567,188.452,116.863,104.18402
"3170","ICES-AR_rcp45","Sprat",2028,0.51467735,186.5747,116.486,99.77965
"3171","ICES-AR_rcp45","Sprat",2029,0.4932162,182.8476,115.704,93.73776
"3172","ICES-AR_rcp45","Sprat",2030,0.48441815,181.4632,115.403,92.08776
"3173","ICES-AR_rcp45","Sprat",2031,0.49127605,182.7297,115.679,94.67961
"3174","ICES-AR_rcp45","Sprat",2032,0.504186,184.9264,116.145,98.11959
"3175","ICES-AR_rcp45","Sprat",2033,0.5083644,185.5351,116.272,98.64372
"3176","ICES-AR_rcp45","Sprat",2034,0.50124485,184.3067,116.015,96.13743
"3177","ICES-AR_rcp45","Sprat",2035,0.4892218,182.3456,115.596,92.7498
"3178","ICES-AR_rcp45","Sprat",2036,0.47995903,180.8991,115.279,90.47895
"3179","ICES-AR_rcp45","Sprat",2037,0.476737785,180.4568,115.181,89.89969
"3180","ICES-AR_rcp45","Sprat",2038,0.477974585,180.7092,115.237,90.36231
"3181","ICES-AR_rcp45","Sprat",2039,0.480084015,181.0522,115.313,90.88455
"3182","ICES-AR_rcp45","Sprat",2040,0.480767755,181.1342,115.331,90.95558
"3183","ICES-AR_rcp45","Sprat",2041,0.479977515,180.9786,115.296,90.66393
"3184","ICES-AR_rcp45","Sprat",2042,0.47875708,180.7725,115.251,90.31429
"3185","ICES-AR_rcp45","Sprat",2043,0.47777366,180.6229,115.218,90.04688
"3186","ICES-AR_rcp45","Sprat",2044,0.47680387,180.4836,115.187,89.75987
"3187","ICES-AR_rcp45","Sprat",2045,0.47519684,180.2417,115.133,89.27249
"3188","ICES-AR_rcp45","Sprat",2046,0.472605215,179.8395,115.043,88.51926
"3189","ICES-AR_rcp45","Sprat",2047,0.469304915,179.3236,114.926,87.60545
"3190","ICES-AR_rcp45","Sprat",2048,0.46597995,178.8054,114.809,86.72431
"3191","ICES-AR_rcp45","Sprat",2049,0.46328188,178.3875,114.713,86.03765
"3192","ICES-AR_rcp45","Sprat",2050,0.461541565,178.119,114.652,85.6119
"3193","ICES-AR_rcp85","Herring",1974,0.7588798,231.55969,9.76504,266.0127707
"3194","ICES-AR_rcp85","Herring",1975,1.3042258,160.38451,4.1549,253.936978
"3195","ICES-AR_rcp85","Herring",1976,0.8217317,85.84528,2.27249,159.2551815
"3196","ICES-AR_rcp85","Herring",1977,0.20984378,61.020586,1.40772,39.3143447
"3197","ICES-AR_rcp85","Herring",1978,0,72.91383,1.13919,0
"3198","ICES-AR_rcp85","Herring",1979,0,99.81087,4.2996,0
"3199","ICES-AR_rcp85","Herring",1980,0.12016436,127.81693,15.4957,73.4498774
"3200","ICES-AR_rcp85","Herring",1981,0.17640074,196.64405,20.8831,208.7451796
"3201","ICES-AR_rcp85","Herring",1982,0.14514714,350.2555,30.5954,277.06982
"3202","ICES-AR_rcp85","Herring",1983,0.32908226,619.4064,27.0698,430.2153877
"3203","ICES-AR_rcp85","Herring",1984,0.52961984,922.1063,31.0249,460.933687
"3204","ICES-AR_rcp85","Herring",1985,0.58612294,964.23796,46.2658,659.339468
"3205","ICES-AR_rcp85","Herring",1986,0.48184306,915.1545,52.6667,752.730421
"3206","ICES-AR_rcp85","Herring",1987,0.44578588,1041.9821,40.9552,1008.725363
"3207","ICES-AR_rcp85","Herring",1988,0.45439118,1388.755,22.2127,1140.872967
"3208","ICES-AR_rcp85","Herring",1989,0.38698212,1418.7947,19.8513,910.318178
"3209","ICES-AR_rcp85","Herring",1990,0.37990196,1447.7683,19.5452,739.05632
"3210","ICES-AR_rcp85","Herring",1991,0.39866822,1277.231,21.3652,685.045255
"3211","ICES-AR_rcp85","Herring",1992,0.54486654,1037.9571,31.067,764.4316
"3212","ICES-AR_rcp85","Herring",1993,0.73706082,739.9792,32.9629,687.90159
"3213","ICES-AR_rcp85","Herring",1994,0.69873378,745.5892,24.9279,597.20772
"3214","ICES-AR_rcp85","Herring",1995,0.81420278,717.5503,26.3676,595.416686
"3215","ICES-AR_rcp85","Herring",1996,0.32842296,613.8649,26.9955,274.3717617
"3216","ICES-AR_rcp85","Herring",1997,0.28901004,731.4918,17.2294,264.055839
"3217","ICES-AR_rcp85","Herring",1998,0.43480576,993.3717,13.0516,380.193317
"3218","ICES-AR_rcp85","Herring",1999,0.33357768,1051.398,38.7461,369.621777
"3219","ICES-AR_rcp85","Herring",2000,0.3329749,1080.7987,24.9031,421.77943
"3220","ICES-AR_rcp85","Herring",2001,0.26654598,1403.6539,67.4674,363.6912387
"3221","ICES-AR_rcp85","Herring",2002,0.23786614,1741.8249,27.1564,390.438144
"3222","ICES-AR_rcp85","Herring",2003,0.2481339,1976.9937,18.6826,487.43234
"3223","ICES-AR_rcp85","Herring",2004,0.26330118,2185.2915,21.3184,589.575669
"3224","ICES-AR_rcp85","Herring",2005,0.34292734,2156.3095,14.6768,665.39644
"3225","ICES-AR_rcp85","Herring",2006,0.27782698,1591.1039,17.0225,513.246729
"3226","ICES-AR_rcp85","Herring",2007,0.2450066,1244.5221,21.6824,406.368329
"3227","ICES-AR_rcp85","Herring",2008,0.17291617,1111.3688,19.6346,258.712891
"3228","ICES-AR_rcp85","Herring",2009,0.101812658,1248.4956,22.1427,168.588998
"3229","ICES-AR_rcp85","Herring",2010,0.11508248,1322.1095,22.2495,186.255103
"3230","ICES-AR_rcp85","Herring",2011,0.103211948,1772.3529,19.8325,224.0493293
"3231","ICES-AR_rcp85","Herring",2012,0.196455128,2088.1422,19.1553,434.509325
"3232","ICES-AR_rcp85","Herring",2013,0.22559307,1898.867,31.5267,511.21947
"3233","ICES-AR_rcp85","Herring",2014,0.21804767,1702.954,35.9912,518.0419736
"3234","ICES-AR_rcp85","Herring",2015,0.24194578,1629.382,9.70052,494.949169
"3235","ICES-AR_rcp85","Herring",2016,0.246371,1879.231,14.828,563.618342
"3236","ICES-AR_rcp85","Herring",2017,0.186973982,1712.107,7.49557,490.97533
"3237","ICES-AR_rcp85","Herring",2018,0.24780678,1520.7794,17.7671,591.79746
"3238","ICES-AR_rcp85","Herring",2019,0.223565024,1271.7445,14.1253,432.12261
"3239","ICES-AR_rcp85","Herring",2020,0.21,1124.0798,22.7139,289.637844
"3240","ICES-AR_rcp85","Herring",2022,0.3093195,1230.1224,21.7032,412.55569
"3241","ICES-AR_rcp85","Herring",2023,0.2974009,1182.7225,21.4452,352.868388
"3242","ICES-AR_rcp85","Herring",2024,0.26326138,1046.9557,21.2896,277.176892
"3243","ICES-AR_rcp85","Herring",2025,0.23842588,948.1891,21.0972,243.753004
"3244","ICES-AR_rcp85","Herring",2026,0.2488543,989.6599,21.3838,270.478281
"3245","ICES-AR_rcp85","Herring",2027,0.27681086,1100.8386,21.761,328.62577
"3246","ICES-AR_rcp85","Herring",2028,0.30310984,1205.4268,21.9009,385.20162
"3247","ICES-AR_rcp85","Herring",2029,0.31,1255.3891,21.9121,406.09448
"3248","ICES-AR_rcp85","Herring",2030,0.31,1262.0403,21.8534,407.78008
"3249","ICES-AR_rcp85","Herring",2031,0.31,1253.5007,21.6812,407.64018
"3250","ICES-AR_rcp85","Herring",2032,0.31,1255.9822,21.3795,410.87808
"3251","ICES-AR_rcp85","Herring",2033,0.31,1272.9909,21.0107,417.02461
"3252","ICES-AR_rcp85","Herring",2034,0.31,1291.8787,20.6773,422.47071
"3253","ICES-AR_rcp85","Herring",2035,0.31,1298.9271,20.4762,424.035216
"3254","ICES-AR_rcp85","Herring",2036,0.31,1290.2761,20.448,421.385355
"3255","ICES-AR_rcp85","Herring",2037,0.31,1272.9866,20.5637,416.862722
"3256","ICES-AR_rcp85","Herring",2038,0.31,1258.0626,20.7562,413.419414
"3257","ICES-AR_rcp85","Herring",2039,0.31,1252.8425,20.956,412.81601
"3258","ICES-AR_rcp85","Herring",2040,0.31,1258.3982,21.1076,415.174162
"3259","ICES-AR_rcp85","Herring",2041,0.31,1271.3952,21.1789,419.53261
"3260","ICES-AR_rcp85","Herring",2042,0.31,1287.2426,21.1666,424.63528
"3261","ICES-AR_rcp85","Herring",2043,0.31,1302.203,21.0927,429.44642
"3262","ICES-AR_rcp85","Herring",2044,0.31,1314.0098,20.993,433.30251
"3263","ICES-AR_rcp85","Herring",2045,0.31,1321.6218,20.9014,435.875188
"3264","ICES-AR_rcp85","Herring",2046,0.31,1324.9227,20.8369,437.116397
"3265","ICES-AR_rcp85","Herring",2047,0.31,1324.58,20.7961,437.230171
"3266","ICES-AR_rcp85","Herring",2048,0.31,1321.8713,20.7537,436.60057
"3267","ICES-AR_rcp85","Herring",2049,0.31,1318.239,20.673,435.642705
"3268","ICES-AR_rcp85","Herring",2050,0.31,1314.676,20.5218,434.617371
"3269","ICES-AR_rcp85","Nor.pout",1974,2.468944,289.16,296.519,732.53482
"3270","ICES-AR_rcp85","Nor.pout",1975,1.64387465,279.994857,437.039,508.26122
"3271","ICES-AR_rcp85","Nor.pout",1976,1.5224247,349.86366,324.145,472.6081
"3272","ICES-AR_rcp85","Nor.pout",1977,1.0906025,342.06122,170.41,383.9666
"3273","ICES-AR_rcp85","Nor.pout",1978,1.2317536,298.4487,210.768,253.75616
"3274","ICES-AR_rcp85","Nor.pout",1979,1.32269955,257.6187,238.073,339.89802
"3275","ICES-AR_rcp85","Nor.pout",1980,1.38928165,371.88192,125.229,534.6499
"3276","ICES-AR_rcp85","Nor.pout",1981,1.12269295,287.05,191.22,431.92782
"3277","ICES-AR_rcp85","Nor.pout",1982,1.21148445,158.147,224.416,390.19692
"3278","ICES-AR_rcp85","Nor.pout",1983,1.5412998,240.68174,149.705,475.747
"3279","ICES-AR_rcp85","Nor.pout",1984,1.79489345,264.03539,115.705,376.483903
"3280","ICES-AR_rcp85","Nor.pout",1985,2.247639,172.7521,94.6504,227.634972
"3281","ICES-AR_rcp85","Nor.pout",1986,1.3174862,89.14928,134.926,180.330076
"3282","ICES-AR_rcp85","Nor.pout",1987,1.7503282,122.57884,41.5738,148.92635
"3283","ICES-AR_rcp85","Nor.pout",1988,0.94258805,83.0002,88.6904,109.21943
"3284","ICES-AR_rcp85","Nor.pout",1989,1.07631695,75.1807,90.5653,166.74228
"3285","ICES-AR_rcp85","Nor.pout",1990,1.1923404,122.70078,109.104,138.8413
"3286","ICES-AR_rcp85","Nor.pout",1991,1.7090076,139.47559,129.943,189.81918
"3287","ICES-AR_rcp85","Nor.pout",1992,0.96790925,162.5858,89.6293,302.27539
"3288","ICES-AR_rcp85","Nor.pout",1993,1.65956005,203.9983,68.3101,181.097588
"3289","ICES-AR_rcp85","Nor.pout",1994,1.29326465,89.22873,173.415,183.61828
"3290","ICES-AR_rcp85","Nor.pout",1995,0.7277371,160.57614,88.3115,231.894454
"3291","ICES-AR_rcp85","Nor.pout",1996,0.82572245,245.01284,121.218,156.22424
"3292","ICES-AR_rcp85","Nor.pout",1997,0.74697155,166.1471,37.9921,156.781548
"3293","ICES-AR_rcp85","Nor.pout",1998,0.60588335,198.22325,79.2273,73.980497
"3294","ICES-AR_rcp85","Nor.pout",1999,0.86846575,105.3018,112.487,92.388104
"3295","ICES-AR_rcp85","Nor.pout",2000,0.7485117,139.67954,51.1592,185.103762
"3296","ICES-AR_rcp85","Nor.pout",2001,0.28780255,183.1745,72.9102,64.358235
"3297","ICES-AR_rcp85","Nor.pout",2002,0.7289192,106.6846,42.5673,77.13822
"3298","ICES-AR_rcp85","Nor.pout",2003,0.933536375,59.4979,19.3656,24.569144
"3299","ICES-AR_rcp85","Nor.pout",2004,0.65050853,36.292,25.2027,13.487771
"3300","ICES-AR_rcp85","Nor.pout",2005,0,23.86979,57.4175,0.04144
"3301","ICES-AR_rcp85","Nor.pout",2006,0.862815205,48.74232,38.2544,46.529024
"3302","ICES-AR_rcp85","Nor.pout",2007,0,60.06158,52.3778,5.799451
"3303","ICES-AR_rcp85","Nor.pout",2008,0.4841404425,73.3772,87.4364,34.84358
"3304","ICES-AR_rcp85","Nor.pout",2009,0.4917373605,98.91465,94.3184,45.821459
"3305","ICES-AR_rcp85","Nor.pout",2010,1.03404665,178.45056,24.7261,131.191062
"3306","ICES-AR_rcp85","Nor.pout",2011,0.051916797,148.28922,53.3982,6.839861
"3307","ICES-AR_rcp85","Nor.pout",2012,0.0778698,72.5022,103.849,26.946185
"3308","ICES-AR_rcp85","Nor.pout",2013,0.775380635,82.5971,36.3479,82.179503
"3309","ICES-AR_rcp85","Nor.pout",2014,0.835226515,92.21023,126.105,44.189139
"3310","ICES-AR_rcp85","Nor.pout",2015,0.72108428,93.34529,76.0954,57.351168
"3311","ICES-AR_rcp85","Nor.pout",2016,1.01592866,157.82236,97.7589,60.202685
"3312","ICES-AR_rcp85","Nor.pout",2017,0.4107002405,86.55916,48.2253,33.940902
"3313","ICES-AR_rcp85","Nor.pout",2018,0.77114776,98.43368,120.05,36.151546
"3314","ICES-AR_rcp85","Nor.pout",2019,0.989817885,90.77101,180.08,97.554556
"3315","ICES-AR_rcp85","Nor.pout",2020,0.54,252.72134,91.7016,145.7168764
"3316","ICES-AR_rcp85","Nor.pout",2022,0.7,423.0695,91.7016,142.623406
"3317","ICES-AR_rcp85","Nor.pout",2023,0.499360853,146.8217,91.7016,26.7526915
"3318","ICES-AR_rcp85","Nor.pout",2024,0.0934661105,75.55124,91.7016,3.5404538
"3319","ICES-AR_rcp85","Nor.pout",2025,0.1959316,82.40903,91.7016,9.65368967
"3320","ICES-AR_rcp85","Nor.pout",2026,0.3559142985,102.28975,91.7016,22.4932279
"3321","ICES-AR_rcp85","Nor.pout",2027,0.4430990945,115.62878,91.7016,30.7608304
"3322","ICES-AR_rcp85","Nor.pout",2028,0.4358358695,116.60334,91.7016,29.2926544
"3323","ICES-AR_rcp85","Nor.pout",2029,0.389223497,110.99434,91.7016,24.6245722
"3324","ICES-AR_rcp85","Nor.pout",2030,0.3672053455,107.51658,91.7016,22.8265871
"3325","ICES-AR_rcp85","Nor.pout",2031,0.3822195435,108.55799,91.7016,24.73213
"3326","ICES-AR_rcp85","Nor.pout",2032,0.419662234,113.15418,91.7016,28.7392169
"3327","ICES-AR_rcp85","Nor.pout",2033,0.44660551,117.09656,91.7016,31.5747751
"3328","ICES-AR_rcp85","Nor.pout",2034,0.4492634855,118.08225,91.7016,31.7216209
"3329","ICES-AR_rcp85","Nor.pout",2035,0.4359404335,116.75346,91.7016,30.2404534
"3330","ICES-AR_rcp85","Nor.pout",2036,0.422649197,115.10994,91.7016,28.9389583
"3331","ICES-AR_rcp85","Nor.pout",2037,0.4191413595,114.55203,91.7016,28.7498659
"3332","ICES-AR_rcp85","Nor.pout",2038,0.425291792,115.25352,91.7016,29.5565815
"3333","ICES-AR_rcp85","Nor.pout",2039,0.4347943045,116.51507,91.7016,30.6749729
"3334","ICES-AR_rcp85","Nor.pout",2040,0.441833682,117.5643,91.7016,31.4954876
"3335","ICES-AR_rcp85","Nor.pout",2041,0.4444584205,118.07761,91.7016,31.8272705
"3336","ICES-AR_rcp85","Nor.pout",2042,0.4438164255,118.1605,91.7016,31.8102919
"3337","ICES-AR_rcp85","Nor.pout",2043,0.441654722,118.03767,91.7016,31.6336452
"3338","ICES-AR_rcp85","Nor.pout",2044,0.438753105,117.82498,91.7016,31.3708842
"3339","ICES-AR_rcp85","Nor.pout",2045,0.4349794505,117.51078,91.7016,31.002791
"3340","ICES-AR_rcp85","Nor.pout",2046,0.43019941,117.06588,91.7016,30.521993
"3341","ICES-AR_rcp85","Nor.pout",2047,0.424886142,116.53241,91.7016,29.9911836
"3342","ICES-AR_rcp85","Nor.pout",2048,0.4199513935,116.01876,91.7016,29.513941
"3343","ICES-AR_rcp85","Nor.pout",2049,0.4161558235,115.6276,91.7016,29.1674853
"3344","ICES-AR_rcp85","Nor.pout",2050,0.4136572645,115.39366,91.7016,28.9591084
"3345","ICES-AR_rcp85","Sprat",1974,0.6744606,522.5234,382.893,365.135159
"3346","ICES-AR_rcp85","Sprat",1975,1.61232335,612.925,824.679,816.82028
"3347","ICES-AR_rcp85","Sprat",1976,1.42272665,754.7322,321.971,722.4646
"3348","ICES-AR_rcp85","Sprat",1977,1.3876328,406.19951,401.433,374.68172
"3349","ICES-AR_rcp85","Sprat",1978,1.03214915,364.0015,740.909,488.13318
"3350","ICES-AR_rcp85","Sprat",1979,0.62817475,542.63375,297.055,493.81966
"3351","ICES-AR_rcp85","Sprat",1980,1.73814005,613.5849,158.892,413.62074
"3352","ICES-AR_rcp85","Sprat",1981,1.1128358,164.8451,62.9174,293.229113
"3353","ICES-AR_rcp85","Sprat",1982,0.9052741,100.8944,39.0216,199.54564
"3354","ICES-AR_rcp85","Sprat",1983,1.82094,139.487,70.864,115.61963
"3355","ICES-AR_rcp85","Sprat",1984,1.0044931,94.51211,52.3474,112.831855
"3356","ICES-AR_rcp85","Sprat",1985,1.17112115,155.57215,31.5783,69.432199
"3357","ICES-AR_rcp85","Sprat",1986,1.70056505,71.88947,93.2776,30.00331
"3358","ICES-AR_rcp85","Sprat",1987,0.407073575,134.86996,36.066,46.6849459
"3359","ICES-AR_rcp85","Sprat",1988,1.4435744,136.83604,52.4912,97.12866
"3360","ICES-AR_rcp85","Sprat",1989,0.5104061,68.12847,106.846,75.02719427
"3361","ICES-AR_rcp85","Sprat",1990,1.36254675,139.53516,98.5642,83.02336716
"3362","ICES-AR_rcp85","Sprat",1991,1.25821,102.67541,63.3591,126.0227763
"3363","ICES-AR_rcp85","Sprat",1992,0.5362795,90.18058,90.913,134.7945403
"3364","ICES-AR_rcp85","Sprat",1993,1.26210915,118.6357,169.941,213.725999
"3365","ICES-AR_rcp85","Sprat",1994,0.5745747,142.76682,114.889,421.81738
"3366","ICES-AR_rcp85","Sprat",1995,1.40988155,217.67954,38.5201,419.477128
"3367","ICES-AR_rcp85","Sprat",1996,1.2560289,127.1778,35.0925,164.39906
"3368","ICES-AR_rcp85","Sprat",1997,0.87323425,66.19869,46.2967,120.7833717
"3369","ICES-AR_rcp85","Sprat",1998,1.46734285,135.51256,103.39,185.551833
"3370","ICES-AR_rcp85","Sprat",1999,0.9301348,116.75064,77.2089,221.48473622
"3371","ICES-AR_rcp85","Sprat",2000,1.1392344,117.89307,54.032,227.074004
"3372","ICES-AR_rcp85","Sprat",2001,1.5084958,113.01269,64.1184,221.366156
"3373","ICES-AR_rcp85","Sprat",2002,1.38264175,167.89607,55.5137,162.483392
"3374","ICES-AR_rcp85","Sprat",2003,1.24283465,90.02809,67.9539,198.528044
"3375","ICES-AR_rcp85","Sprat",2004,1.3113324,159.79608,187.738,218.197332
"3376","ICES-AR_rcp85","Sprat",2005,0.9400835,162.83359,55.8074,248.457882
"3377","ICES-AR_rcp85","Sprat",2006,1.6407843,183.28674,64.6815,129.55435
"3378","ICES-AR_rcp85","Sprat",2007,1.10297095,142.3944,52.9127,102.002382
"3379","ICES-AR_rcp85","Sprat",2008,0.95487275,81.72228,128.378,70.541546
"3380","ICES-AR_rcp85","Sprat",2009,0.6325217,247.4948,125.387,142.246271
"3381","ICES-AR_rcp85","Sprat",2010,0.6819491,224.419,143.356,160.2215481
"3382","ICES-AR_rcp85","Sprat",2011,0.7811661,238.6605,107.943,154.1318103
"3383","ICES-AR_rcp85","Sprat",2012,0.8419376,245.5465,62.6616,98.140065
"3384","ICES-AR_rcp85","Sprat",2013,1.1503497,92.7505,214.6,66.1693563
"3385","ICES-AR_rcp85","Sprat",2014,0.20748099,381.1958,160.056,158.83238882
"3386","ICES-AR_rcp85","Sprat",2015,0.98518425,421.2769,111.451,307.83893
"3387","ICES-AR_rcp85","Sprat",2016,2.00666625,227.9545,141.424,259.86144
"3388","ICES-AR_rcp85","Sprat",2017,0.8255969,106.68275,208.474,130.41525
"3389","ICES-AR_rcp85","Sprat",2018,0.90346995,188.87582,194.938,193.44501
"3390","ICES-AR_rcp85","Sprat",2019,0.4794628,226.9883,261.849,151.012749
"3391","ICES-AR_rcp85","Sprat",2020,0.5700285,373.9364,118.747,227.57419
"3392","ICES-AR_rcp85","Sprat",2022,0.900045,308.089,124.075,208.36826
"3393","ICES-AR_rcp85","Sprat",2023,0.261818735,141.3213,103.882,37.3053
"3394","ICES-AR_rcp85","Sprat",2024,0.23039194,141.5564,103.966,36.139573
"3395","ICES-AR_rcp85","Sprat",2025,0.36025172,164.4085,111.193,67.73629
"3396","ICES-AR_rcp85","Sprat",2026,0.48611795,184.1202,115.976,98.10129
"3397","ICES-AR_rcp85","Sprat",2027,0.53258045,190.0618,117.179,107.11158
"3398","ICES-AR_rcp85","Sprat",2028,0.52334985,187.9141,116.756,102.12865
"3399","ICES-AR_rcp85","Sprat",2029,0.50016535,183.9153,115.932,95.51361
"3400","ICES-AR_rcp85","Sprat",2030,0.4892737,182.1942,115.563,93.21705
"3401","ICES-AR_rcp85","Sprat",2031,0.4934669,183.027,115.743,95.04544
"3402","ICES-AR_rcp85","Sprat",2032,0.50399155,184.8371,116.127,97.84737
"3403","ICES-AR_rcp85","Sprat",2033,0.50709915,185.2826,116.22,98.14327
"3404","ICES-AR_rcp85","Sprat",2034,0.5003428,184.1254,115.977,95.79023
"3405","ICES-AR_rcp85","Sprat",2035,0.48906945,182.2905,115.584,92.59349
"3406","ICES-AR_rcp85","Sprat",2036,0.47983938,180.8441,115.267,90.27404
"3407","ICES-AR_rcp85","Sprat",2037,0.47571778,180.2466,115.134,89.40621
"3408","ICES-AR_rcp85","Sprat",2038,0.47576477,180.3013,115.146,89.54487
"3409","ICES-AR_rcp85","Sprat",2039,0.477204725,180.5394,115.199,89.91654
"3410","ICES-AR_rcp85","Sprat",2040,0.477997575,180.6451,115.223,90.04562
"3411","ICES-AR_rcp85","Sprat",2041,0.47770111,180.5729,115.207,89.88896
"3412","ICES-AR_rcp85","Sprat",2042,0.476784215,180.4138,115.171,89.59599
"3413","ICES-AR_rcp85","Sprat",2043,0.475621685,180.2303,115.13,89.24914
"3414","ICES-AR_rcp85","Sprat",2044,0.474107465,179.999,115.078,88.79733
"3415","ICES-AR_rcp85","Sprat",2045,0.471901385,179.6597,115.002,88.14741
"3416","ICES-AR_rcp85","Sprat",2046,0.468868595,179.1881,114.896,87.28223
"3417","ICES-AR_rcp85","Sprat",2047,0.46528052,178.6281,114.768,86.29474
"3418","ICES-AR_rcp85","Sprat",2048,0.46168626,178.0671,114.64,85.33768
"3419","ICES-AR_rcp85","Sprat",2049,0.458622965,177.59,114.529,84.5457
"3420","ICES-AR_rcp85","Sprat",2050,0.45641521,177.2458,114.45,83.98771
"3421","Case-study_noCC","sandeel",1974,0.239616875,654.11897,429.377,429.377
"3422","Case-study_noCC","sandeel",1975,0.318198875,671.6277,278.2511,278.2511
"3423","Case-study_noCC","sandeel",1976,0.411147975,692.21136,345.153,345.153
"3424","Case-study_noCC","sandeel",1977,0.6464619,477.67839,415.521,415.521
"3425","Case-study_noCC","sandeel",1978,0.6174545,494.3359,302.17,302.17
"3426","Case-study_noCC","sandeel",1979,0.514504025,698.963,483.313,483.313
"3427","Case-study_noCC","sandeel",1980,0.59736235,651.1572,308.7615,308.7615
"3428","Case-study_noCC","sandeel",1981,0.52464935,675.8582,680.818,680.818
"3429","Case-study_noCC","sandeel",1982,0.626914325,326.7016,262.1924,262.1924
"3430","Case-study_noCC","sandeel",1983,0.343489975,512.12704,511.518,511.518
"3431","Case-study_noCC","sandeel",1984,0.41566115,429.093,203.81,203.81
"3432","Case-study_noCC","sandeel",1985,0.53423045,691.01513,598.063,598.063
"3433","Case-study_noCC","sandeel",1986,0.401254475,392.89711,379.4183,379.4183
"3434","Case-study_noCC","sandeel",1987,0.277452725,914.91873,194.8828,194.8828
"3435","Case-study_noCC","sandeel",1988,0.443108225,845.9041,641.91,641.91
"3436","Case-study_noCC","sandeel",1989,0.7858518,362.0659,256.593,256.593
"3437","Case-study_noCC","sandeel",1990,0.75121865,453.56787,356.814,356.814
"3438","Case-study_noCC","sandeel",1991,0.497038075,516.1497,495.104,495.104
"3439","Case-study_noCC","sandeel",1992,0.431977575,410.7653,345.881,345.881
"3440","Case-study_noCC","sandeel",1993,0.367030325,675.03457,745.05,745.05
"3441","Case-study_noCC","sandeel",1994,0.64708685,530.4534,836.136,836.136
"3442","Case-study_noCC","sandeel",1995,0.3261393,674.0849,358.5956,358.5956
"3443","Case-study_noCC","sandeel",1996,0.48904755,863.76128,1413.768,1413.768
"3444","Case-study_noCC","sandeel",1997,0.331339225,502.4734,277.516,277.516
"3445","Case-study_noCC","sandeel",1998,0.469849575,1278.52573,371.685,371.685
"3446","Case-study_noCC","sandeel",1999,0.6782352,613.81786,465.112,465.112
"3447","Case-study_noCC","sandeel",2000,0.50942525,365.2175,604.486,604.486
"3448","Case-study_noCC","sandeel",2001,0.642590325,381.7742,555.46,555.46
"3449","Case-study_noCC","sandeel",2002,0.474407375,351.86518,121.2822,121.2822
"3450","Case-study_noCC","sandeel",2003,0.4650221,471.45422,309.27,309.27
"3451","Case-study_noCC","sandeel",2004,0.647919825,155.73753,158.4411,158.4411
"3452","Case-study_noCC","sandeel",2005,0.536286405,172.7005,298.741,298.741
"3453","Case-study_noCC","sandeel",2006,0.472318225,125.56957,326.514,326.514
"3454","Case-study_noCC","sandeel",2007,0.365223,232.08322,464.812,464.812
"3455","Case-study_noCC","sandeel",2008,0.44695525,315.53848,294.719,294.719
"3456","Case-study_noCC","sandeel",2009,0.41318825,367.18984,1008.644,1008.644
"3457","Case-study_noCC","sandeel",2010,0.169075,533.64634,127.7074,127.7074
"3458","Case-study_noCC","sandeel",2011,0.174045125,1240.67453,149.3815,149.3815
"3459","Case-study_noCC","sandeel",2012,0.05450655275,694.56183,407.694,407.694
"3460","Case-study_noCC","sandeel",2013,0.46332359,326.95462,284.6111,284.6111
"3461","Case-study_noCC","sandeel",2014,0.4742912175,367.97474,462.213,462.213
"3462","Case-study_noCC","sandeel",2015,0.42292525,385.31139,99.0129,99.0129
"3463","Case-study_noCC","sandeel",2016,0.069568775,596.27706,1120.397,1120.397
"3464","Case-study_noCC","sandeel",2017,0.308664835,411.1487,95.0365,95.0365
"3465","Case-study_noCC","sandeel",2018,0.32873345,938.25087,446.031,446.031
"3466","Case-study_noCC","sandeel",2019,0.17326695,535.86178,878.813,878.813
"3467","Case-study_noCC","sandeel",2020,0.095,862.02603,346.722,346.722
"3468","Case-study_noCC","sandeel",2022,0.45,1628.24353,267.9181,267.9181
"3469","Case-study_noCC","sandeel",2023,0.343453175,798.66969,429.332,429.332
"3470","Case-study_noCC","sandeel",2024,0.308626475,404.18881,442.782,442.782
"3471","Case-study_noCC","sandeel",2025,0.314427575,369.18389,424.53,424.53
"3472","Case-study_noCC","sandeel",2026,0.326148825,405.81238,443.156,443.156
"3473","Case-study_noCC","sandeel",2027,0.351032375,444.29605,457.675,457.675
"3474","Case-study_noCC","sandeel",2028,0.371985025,483.87144,468.56,468.56
"3475","Case-study_noCC","sandeel",2029,0.383594825,506.12647,473.262,473.262
"3476","Case-study_noCC","sandeel",2030,0.38488155,508.88655,474.029,474.029
"3477","Case-study_noCC","sandeel",2031,0.382712775,500.09666,472.653,472.653
"3478","Case-study_noCC","sandeel",2032,0.381825675,496.07457,471.907,471.907
"3479","Case-study_noCC","sandeel",2033,0.3827442,496.99694,472.116,472.116
"3480","Case-study_noCC","sandeel",2034,0.384577425,500.78061,472.877,472.877
"3481","Case-study_noCC","sandeel",2035,0.385967975,504.08394,473.513,473.513
"3482","Case-study_noCC","sandeel",2036,0.386232175,505.0753,473.704,473.704
"3483","Case-study_noCC","sandeel",2037,0.385647925,503.95751,473.501,473.501
"3484","Case-study_noCC","sandeel",2038,0.3848859,502.22318,473.172,473.172
"3485","Case-study_noCC","sandeel",2039,0.384600725,501.31006,472.994,472.994
"3486","Case-study_noCC","sandeel",2040,0.38493185,501.9824,473.118,473.118
"3487","Case-study_noCC","sandeel",2041,0.38545215,503.26311,473.358,473.358
"3488","Case-study_noCC","sandeel",2042,0.38577995,504.17358,473.526,473.526
"3489","Case-study_noCC","sandeel",2043,0.3857333,504.26925,473.546,473.546
"3490","Case-study_noCC","sandeel",2044,0.385357425,503.4992,473.406,473.406
"3491","Case-study_noCC","sandeel",2045,0.384914675,502.47189,473.213,473.213
"3492","Case-study_noCC","sandeel",2046,0.38471495,501.92895,473.107,473.107
"3493","Case-study_noCC","sandeel",2047,0.384722225,501.98459,473.116,473.116
"3494","Case-study_noCC","sandeel",2048,0.384810275,502.19624,473.154,473.154
"3495","Case-study_noCC","sandeel",2049,0.384915,502.49613,473.211,473.211
"3496","Case-study_noCC","sandeel",2050,0.3848793,502.57434,473.223,473.223
"3497","Case-study_rcp45","sandeel",1974,0.239616875,654.11897,429.377,429.377
"3498","Case-study_rcp45","sandeel",1975,0.318198875,671.6277,278.2511,278.2511
"3499","Case-study_rcp45","sandeel",1976,0.411147975,692.21136,345.153,345.153
"3500","Case-study_rcp45","sandeel",1977,0.6464619,477.67839,415.521,415.521
"3501","Case-study_rcp45","sandeel",1978,0.6174545,494.3359,302.17,302.17
"3502","Case-study_rcp45","sandeel",1979,0.514504025,698.963,483.313,483.313
"3503","Case-study_rcp45","sandeel",1980,0.59736235,651.1572,308.7615,308.7615
"3504","Case-study_rcp45","sandeel",1981,0.52464935,675.8582,680.818,680.818
"3505","Case-study_rcp45","sandeel",1982,0.626914325,326.7016,262.1924,262.1924
"3506","Case-study_rcp45","sandeel",1983,0.343489975,512.12704,511.518,511.518
"3507","Case-study_rcp45","sandeel",1984,0.41566115,429.093,203.81,203.81
"3508","Case-study_rcp45","sandeel",1985,0.53423045,691.01513,598.063,598.063
"3509","Case-study_rcp45","sandeel",1986,0.401254475,392.89711,379.4183,379.4183
"3510","Case-study_rcp45","sandeel",1987,0.277452725,914.91873,194.8828,194.8828
"3511","Case-study_rcp45","sandeel",1988,0.443108225,845.9041,641.91,641.91
"3512","Case-study_rcp45","sandeel",1989,0.7858518,362.0659,256.593,256.593
"3513","Case-study_rcp45","sandeel",1990,0.75121865,453.56787,356.814,356.814
"3514","Case-study_rcp45","sandeel",1991,0.497038075,516.1497,495.104,495.104
"3515","Case-study_rcp45","sandeel",1992,0.431977575,410.7653,345.881,345.881
"3516","Case-study_rcp45","sandeel",1993,0.367030325,675.03457,745.05,745.05
"3517","Case-study_rcp45","sandeel",1994,0.64708685,530.4534,836.136,836.136
"3518","Case-study_rcp45","sandeel",1995,0.3261393,674.0849,358.5956,358.5956
"3519","Case-study_rcp45","sandeel",1996,0.48904755,863.76128,1413.768,1413.768
"3520","Case-study_rcp45","sandeel",1997,0.331339225,502.4734,277.516,277.516
"3521","Case-study_rcp45","sandeel",1998,0.469849575,1278.52573,371.685,371.685
"3522","Case-study_rcp45","sandeel",1999,0.6782352,613.81786,465.112,465.112
"3523","Case-study_rcp45","sandeel",2000,0.50942525,365.2175,604.486,604.486
"3524","Case-study_rcp45","sandeel",2001,0.642590325,381.7742,555.46,555.46
"3525","Case-study_rcp45","sandeel",2002,0.474407375,351.86518,121.2822,121.2822
"3526","Case-study_rcp45","sandeel",2003,0.4650221,471.45422,309.27,309.27
"3527","Case-study_rcp45","sandeel",2004,0.647919825,155.73753,158.4411,158.4411
"3528","Case-study_rcp45","sandeel",2005,0.536286405,172.7005,298.741,298.741
"3529","Case-study_rcp45","sandeel",2006,0.472318225,125.56957,326.514,326.514
"3530","Case-study_rcp45","sandeel",2007,0.365223,232.08322,464.812,464.812
"3531","Case-study_rcp45","sandeel",2008,0.44695525,315.53848,294.719,294.719
"3532","Case-study_rcp45","sandeel",2009,0.41318825,367.18984,1008.644,1008.644
"3533","Case-study_rcp45","sandeel",2010,0.169075,533.64634,127.7074,127.7074
"3534","Case-study_rcp45","sandeel",2011,0.174045125,1240.67453,149.3815,149.3815
"3535","Case-study_rcp45","sandeel",2012,0.05450655275,694.56183,407.694,407.694
"3536","Case-study_rcp45","sandeel",2013,0.46332359,326.95462,284.6111,284.6111
"3537","Case-study_rcp45","sandeel",2014,0.4742912175,367.97474,462.213,462.213
"3538","Case-study_rcp45","sandeel",2015,0.42292525,385.31139,99.0129,99.0129
"3539","Case-study_rcp45","sandeel",2016,0.069568775,596.27706,1120.397,1120.397
"3540","Case-study_rcp45","sandeel",2017,0.308664835,411.1487,95.0365,95.0365
"3541","Case-study_rcp45","sandeel",2018,0.32873345,938.25087,446.031,446.031
"3542","Case-study_rcp45","sandeel",2019,0.17326695,535.86178,878.813,878.813
"3543","Case-study_rcp45","sandeel",2020,0.095,862.02603,346.722,346.722
"3544","Case-study_rcp45","sandeel",2022,0.45,1627.7372,268.0039,268.0039
"3545","Case-study_rcp45","sandeel",2023,0.34361655,799.1444,429.248,429.248
"3546","Case-study_rcp45","sandeel",2024,0.3088004,404.88307,443.057,443.057
"3547","Case-study_rcp45","sandeel",2025,0.31512695,370.74458,425.543,425.543
"3548","Case-study_rcp45","sandeel",2026,0.327734975,409.77579,444.937,444.937
"3549","Case-study_rcp45","sandeel",2027,0.35349765,450.96123,459.668,459.668
"3550","Case-study_rcp45","sandeel",2028,0.37474625,492.65773,470.041,470.041
"3551","Case-study_rcp45","sandeel",2029,0.385080475,514.20772,474.084,474.084
"3552","Case-study_rcp45","sandeel",2030,0.384613275,512.85011,474.304,474.304
"3553","Case-study_rcp45","sandeel",2031,0.38141215,501.82175,472.716,472.716
"3554","Case-study_rcp45","sandeel",2032,0.380195525,497.42478,471.936,471.936
"3555","Case-study_rcp45","sandeel",2033,0.380828575,498.58156,472.151,472.151
"3556","Case-study_rcp45","sandeel",2034,0.3818183,501.24287,472.632,472.632
"3557","Case-study_rcp45","sandeel",2035,0.38173705,501.75372,472.721,472.721
"3558","Case-study_rcp45","sandeel",2036,0.380401,499.29816,472.266,472.266
"3559","Case-study_rcp45","sandeel",2037,0.37849895,495.3343,471.495,471.495
"3560","Case-study_rcp45","sandeel",2038,0.3768904,491.85798,470.777,470.777
"3561","Case-study_rcp45","sandeel",2039,0.3760268,489.98072,470.375,470.375
"3562","Case-study_rcp45","sandeel",2040,0.37576175,489.56473,470.285,470.285
"3563","Case-study_rcp45","sandeel",2041,0.3755278,489.26252,470.231,470.231
"3564","Case-study_rcp45","sandeel",2042,0.37494475,488.10564,469.996,469.996
"3565","Case-study_rcp45","sandeel",2043,0.373802,485.69814,469.479,469.479
"3566","Case-study_rcp45","sandeel",2044,0.372118,481.96806,468.624,468.624
"3567","Case-study_rcp45","sandeel",2045,0.370200075,477.68329,467.58,467.58
"3568","Case-study_rcp45","sandeel",2046,0.3683906,473.69088,466.547,466.547
"3569","Case-study_rcp45","sandeel",2047,0.366693225,470.12328,465.578,465.578
"3570","Case-study_rcp45","sandeel",2048,0.365113275,466.77345,464.628,464.628
"3571","Case-study_rcp45","sandeel",2049,0.36370275,463.89373,463.784,463.784
"3572","Case-study_rcp45","sandeel",2050,0.362369875,461.28042,462.993,462.993
"3573","Case-study_rcp85","sandeel",1974,0.239616875,654.11897,429.377,429.377
"3574","Case-study_rcp85","sandeel",1975,0.318198875,671.6277,278.2511,278.2511
"3575","Case-study_rcp85","sandeel",1976,0.411147975,692.21136,345.153,345.153
"3576","Case-study_rcp85","sandeel",1977,0.6464619,477.67839,415.521,415.521
"3577","Case-study_rcp85","sandeel",1978,0.6174545,494.3359,302.17,302.17
"3578","Case-study_rcp85","sandeel",1979,0.514504025,698.963,483.313,483.313
"3579","Case-study_rcp85","sandeel",1980,0.59736235,651.1572,308.7615,308.7615
"3580","Case-study_rcp85","sandeel",1981,0.52464935,675.8582,680.818,680.818
"3581","Case-study_rcp85","sandeel",1982,0.626914325,326.7016,262.1924,262.1924
"3582","Case-study_rcp85","sandeel",1983,0.343489975,512.12704,511.518,511.518
"3583","Case-study_rcp85","sandeel",1984,0.41566115,429.093,203.81,203.81
"3584","Case-study_rcp85","sandeel",1985,0.53423045,691.01513,598.063,598.063
"3585","Case-study_rcp85","sandeel",1986,0.401254475,392.89711,379.4183,379.4183
"3586","Case-study_rcp85","sandeel",1987,0.277452725,914.91873,194.8828,194.8828
"3587","Case-study_rcp85","sandeel",1988,0.443108225,845.9041,641.91,641.91
"3588","Case-study_rcp85","sandeel",1989,0.7858518,362.0659,256.593,256.593
"3589","Case-study_rcp85","sandeel",1990,0.75121865,453.56787,356.814,356.814
"3590","Case-study_rcp85","sandeel",1991,0.497038075,516.1497,495.104,495.104
"3591","Case-study_rcp85","sandeel",1992,0.431977575,410.7653,345.881,345.881
"3592","Case-study_rcp85","sandeel",1993,0.367030325,675.03457,745.05,745.05
"3593","Case-study_rcp85","sandeel",1994,0.64708685,530.4534,836.136,836.136
"3594","Case-study_rcp85","sandeel",1995,0.3261393,674.0849,358.5956,358.5956
"3595","Case-study_rcp85","sandeel",1996,0.48904755,863.76128,1413.768,1413.768
"3596","Case-study_rcp85","sandeel",1997,0.331339225,502.4734,277.516,277.516
"3597","Case-study_rcp85","sandeel",1998,0.469849575,1278.52573,371.685,371.685
"3598","Case-study_rcp85","sandeel",1999,0.6782352,613.81786,465.112,465.112
"3599","Case-study_rcp85","sandeel",2000,0.50942525,365.2175,604.486,604.486
"3600","Case-study_rcp85","sandeel",2001,0.642590325,381.7742,555.46,555.46
"3601","Case-study_rcp85","sandeel",2002,0.474407375,351.86518,121.2822,121.2822
"3602","Case-study_rcp85","sandeel",2003,0.4650221,471.45422,309.27,309.27
"3603","Case-study_rcp85","sandeel",2004,0.647919825,155.73753,158.4411,158.4411
"3604","Case-study_rcp85","sandeel",2005,0.536286405,172.7005,298.741,298.741
"3605","Case-study_rcp85","sandeel",2006,0.472318225,125.56957,326.514,326.514
"3606","Case-study_rcp85","sandeel",2007,0.365223,232.08322,464.812,464.812
"3607","Case-study_rcp85","sandeel",2008,0.44695525,315.53848,294.719,294.719
"3608","Case-study_rcp85","sandeel",2009,0.41318825,367.18984,1008.644,1008.644
"3609","Case-study_rcp85","sandeel",2010,0.169075,533.64634,127.7074,127.7074
"3610","Case-study_rcp85","sandeel",2011,0.174045125,1240.67453,149.3815,149.3815
"3611","Case-study_rcp85","sandeel",2012,0.05450655275,694.56183,407.694,407.694
"3612","Case-study_rcp85","sandeel",2013,0.46332359,326.95462,284.6111,284.6111
"3613","Case-study_rcp85","sandeel",2014,0.4742912175,367.97474,462.213,462.213
"3614","Case-study_rcp85","sandeel",2015,0.42292525,385.31139,99.0129,99.0129
"3615","Case-study_rcp85","sandeel",2016,0.069568775,596.27706,1120.397,1120.397
"3616","Case-study_rcp85","sandeel",2017,0.308664835,411.1487,95.0365,95.0365
"3617","Case-study_rcp85","sandeel",2018,0.32873345,938.25087,446.031,446.031
"3618","Case-study_rcp85","sandeel",2019,0.17326695,535.86178,878.813,878.813
"3619","Case-study_rcp85","sandeel",2020,0.095,862.02603,346.722,346.722
"3620","Case-study_rcp85","sandeel",2022,0.45,1625.91395,268.3065,268.3065
"3621","Case-study_rcp85","sandeel",2023,0.3434184,798.40389,429.224,429.224
"3622","Case-study_rcp85","sandeel",2024,0.308824,405.35697,443.244,443.244
"3623","Case-study_rcp85","sandeel",2025,0.3155491,371.45718,425.918,425.918
"3624","Case-study_rcp85","sandeel",2026,0.3287831,411.87304,445.807,445.807
"3625","Case-study_rcp85","sandeel",2027,0.355134925,454.64157,460.736,460.736
"3626","Case-study_rcp85","sandeel",2028,0.3761637,496.64405,470.776,470.776
"3627","Case-study_rcp85","sandeel",2029,0.385195125,515.52408,474.346,474.346
"3628","Case-study_rcp85","sandeel",2030,0.382891375,509.36073,473.914,473.914
"3629","Case-study_rcp85","sandeel",2031,0.37800225,494.15886,471.366,471.366
"3630","Case-study_rcp85","sandeel",2032,0.37515595,486.27035,469.686,469.686
"3631","Case-study_rcp85","sandeel",2033,0.3743598,484.37147,469.243,469.243
"3632","Case-study_rcp85","sandeel",2034,0.374248425,484.59651,469.291,469.291
"3633","Case-study_rcp85","sandeel",2035,0.37335515,483.2611,468.975,468.975
"3634","Case-study_rcp85","sandeel",2036,0.3712897,479.19937,467.985,467.985
"3635","Case-study_rcp85","sandeel",2037,0.368570475,473.49364,466.504,466.504
"3636","Case-study_rcp85","sandeel",2038,0.366105175,468.21148,465.04,465.04
"3637","Case-study_rcp85","sandeel",2039,0.364427025,464.66796,464.007,464.007
"3638","Case-study_rcp85","sandeel",2040,0.36347325,462.79564,463.443,463.443
"3639","Case-study_rcp85","sandeel",2041,0.3626586,461.2688,462.97,462.97
"3640","Case-study_rcp85","sandeel",2042,0.361528275,458.93962,462.229,462.229
"3641","Case-study_rcp85","sandeel",2043,0.3598137,455.37961,461.054,461.054
"3642","Case-study_rcp85","sandeel",2044,0.357484725,450.45704,459.349,459.349
"3643","Case-study_rcp85","sandeel",2045,0.35478735,444.80492,457.279,457.279
"3644","Case-study_rcp85","sandeel",2046,0.35207265,439.22477,455.116,455.116
"3645","Case-study_rcp85","sandeel",2047,0.3494614,434.04723,453.006,453.006
"3646","Case-study_rcp85","sandeel",2048,0.3469912,429.22333,450.95,450.95
"3647","Case-study_rcp85","sandeel",2049,0.3447017,424.87718,449.026,449.026
"3648","Case-study_rcp85","sandeel",2050,0.34245115,420.73406,447.123,447.123
"3649","FMSY-Min_noCC","sandeel",1974,0.239616875,654.11897,429.377,429.377
"3650","FMSY-Min_noCC","sandeel",1975,0.318198875,671.6277,278.2511,278.2511
"3651","FMSY-Min_noCC","sandeel",1976,0.411147975,692.21136,345.153,345.153
"3652","FMSY-Min_noCC","sandeel",1977,0.6464619,477.67839,415.521,415.521
"3653","FMSY-Min_noCC","sandeel",1978,0.6174545,494.3359,302.17,302.17
"3654","FMSY-Min_noCC","sandeel",1979,0.514504025,698.963,483.313,483.313
"3655","FMSY-Min_noCC","sandeel",1980,0.59736235,651.1572,308.7615,308.7615
"3656","FMSY-Min_noCC","sandeel",1981,0.52464935,675.8582,680.818,680.818
"3657","FMSY-Min_noCC","sandeel",1982,0.626914325,326.7016,262.1924,262.1924
"3658","FMSY-Min_noCC","sandeel",1983,0.343489975,512.12704,511.518,511.518
"3659","FMSY-Min_noCC","sandeel",1984,0.41566115,429.093,203.81,203.81
"3660","FMSY-Min_noCC","sandeel",1985,0.53423045,691.01513,598.063,598.063
"3661","FMSY-Min_noCC","sandeel",1986,0.401254475,392.89711,379.4183,379.4183
"3662","FMSY-Min_noCC","sandeel",1987,0.277452725,914.91873,194.8828,194.8828
"3663","FMSY-Min_noCC","sandeel",1988,0.443108225,845.9041,641.91,641.91
"3664","FMSY-Min_noCC","sandeel",1989,0.7858518,362.0659,256.593,256.593
"3665","FMSY-Min_noCC","sandeel",1990,0.75121865,453.56787,356.814,356.814
"3666","FMSY-Min_noCC","sandeel",1991,0.497038075,516.1497,495.104,495.104
"3667","FMSY-Min_noCC","sandeel",1992,0.431977575,410.7653,345.881,345.881
"3668","FMSY-Min_noCC","sandeel",1993,0.367030325,675.03457,745.05,745.05
"3669","FMSY-Min_noCC","sandeel",1994,0.64708685,530.4534,836.136,836.136
"3670","FMSY-Min_noCC","sandeel",1995,0.3261393,674.0849,358.5956,358.5956
"3671","FMSY-Min_noCC","sandeel",1996,0.48904755,863.76128,1413.768,1413.768
"3672","FMSY-Min_noCC","sandeel",1997,0.331339225,502.4734,277.516,277.516
"3673","FMSY-Min_noCC","sandeel",1998,0.469849575,1278.52573,371.685,371.685
"3674","FMSY-Min_noCC","sandeel",1999,0.6782352,613.81786,465.112,465.112
"3675","FMSY-Min_noCC","sandeel",2000,0.50942525,365.2175,604.486,604.486
"3676","FMSY-Min_noCC","sandeel",2001,0.642590325,381.7742,555.46,555.46
"3677","FMSY-Min_noCC","sandeel",2002,0.474407375,351.86518,121.2822,121.2822
"3678","FMSY-Min_noCC","sandeel",2003,0.4650221,471.45422,309.27,309.27
"3679","FMSY-Min_noCC","sandeel",2004,0.647919825,155.73753,158.4411,158.4411
"3680","FMSY-Min_noCC","sandeel",2005,0.536286405,172.7005,298.741,298.741
"3681","FMSY-Min_noCC","sandeel",2006,0.472318225,125.56957,326.514,326.514
"3682","FMSY-Min_noCC","sandeel",2007,0.365223,232.08322,464.812,464.812
"3683","FMSY-Min_noCC","sandeel",2008,0.44695525,315.53848,294.719,294.719
"3684","FMSY-Min_noCC","sandeel",2009,0.41318825,367.18984,1008.644,1008.644
"3685","FMSY-Min_noCC","sandeel",2010,0.169075,533.64634,127.7074,127.7074
"3686","FMSY-Min_noCC","sandeel",2011,0.174045125,1240.67453,149.3815,149.3815
"3687","FMSY-Min_noCC","sandeel",2012,0.05450655275,694.56183,407.694,407.694
"3688","FMSY-Min_noCC","sandeel",2013,0.46332359,326.95462,284.6111,284.6111
"3689","FMSY-Min_noCC","sandeel",2014,0.4742912175,367.97474,462.213,462.213
"3690","FMSY-Min_noCC","sandeel",2015,0.42292525,385.31139,99.0129,99.0129
"3691","FMSY-Min_noCC","sandeel",2016,0.069568775,596.27706,1120.397,1120.397
"3692","FMSY-Min_noCC","sandeel",2017,0.308664835,411.1487,95.0365,95.0365
"3693","FMSY-Min_noCC","sandeel",2018,0.32873345,938.25087,446.031,446.031
"3694","FMSY-Min_noCC","sandeel",2019,0.17326695,535.86178,878.813,878.813
"3695","FMSY-Min_noCC","sandeel",2020,0.095,862.02603,346.722,346.722
"3696","FMSY-Min_noCC","sandeel",2022,0.45,1628.24353,267.9181,267.9181
"3697","FMSY-Min_noCC","sandeel",2023,0.343390675,798.41297,429.41,429.41
"3698","FMSY-Min_noCC","sandeel",2024,0.30791495,402.56875,442.126,442.126
"3699","FMSY-Min_noCC","sandeel",2025,0.311553525,363.43738,420.999,420.999
"3700","FMSY-Min_noCC","sandeel",2026,0.31908965,391.37922,436.26,436.26
"3701","FMSY-Min_noCC","sandeel",2027,0.3391529,418.48616,448.124,448.124
"3702","FMSY-Min_noCC","sandeel",2028,0.35921565,452.764,460.419,460.419
"3703","FMSY-Min_noCC","sandeel",2029,0.3774613,483.44899,469.017,469.017
"3704","FMSY-Min_noCC","sandeel",2030,0.38907835,507.62806,474.185,474.185
"3705","FMSY-Min_noCC","sandeel",2031,0.39366955,517.24066,475.935,475.935
"3706","FMSY-Min_noCC","sandeel",2032,0.392775625,514.86531,475.617,475.617
"3707","FMSY-Min_noCC","sandeel",2033,0.390837925,509.62997,474.734,474.734
"3708","FMSY-Min_noCC","sandeel",2034,0.389701675,506.51751,474.158,474.158
"3709","FMSY-Min_noCC","sandeel",2035,0.38957625,505.91309,474.039,474.039
"3710","FMSY-Min_noCC","sandeel",2036,0.389984725,506.73241,474.189,474.189
"3711","FMSY-Min_noCC","sandeel",2037,0.39056115,507.77115,474.379,474.379
"3712","FMSY-Min_noCC","sandeel",2038,0.39115395,509.1604,474.619,474.619
"3713","FMSY-Min_noCC","sandeel",2039,0.391662375,510.43968,474.834,474.834
"3714","FMSY-Min_noCC","sandeel",2040,0.392160275,511.48998,475.005,475.005
"3715","FMSY-Min_noCC","sandeel",2041,0.392735375,512.74365,475.202,475.202
"3716","FMSY-Min_noCC","sandeel",2042,0.393386475,514.22368,475.428,475.428
"3717","FMSY-Min_noCC","sandeel",2043,0.394102125,515.89923,475.674,475.674
"3718","FMSY-Min_noCC","sandeel",2044,0.3948179,517.73326,475.93,475.93
"3719","FMSY-Min_noCC","sandeel",2045,0.3954226,519.38759,476.147,476.147
"3720","FMSY-Min_noCC","sandeel",2046,0.395928,520.75225,476.318,476.318
"3721","FMSY-Min_noCC","sandeel",2047,0.396378075,521.94374,476.463,476.463
"3722","FMSY-Min_noCC","sandeel",2048,0.396797875,523.00201,476.589,476.589
"3723","FMSY-Min_noCC","sandeel",2049,0.3972397,524.06909,476.714,476.714
"3724","FMSY-Min_noCC","sandeel",2050,0.39767465,525.18843,476.841,476.841
"3725","FMSY-Min_rcp45","sandeel",1974,0.239616875,654.11897,429.377,429.377
"3726","FMSY-Min_rcp45","sandeel",1975,0.318198875,671.6277,278.2511,278.2511
"3727","FMSY-Min_rcp45","sandeel",1976,0.411147975,692.21136,345.153,345.153
"3728","FMSY-Min_rcp45","sandeel",1977,0.6464619,477.67839,415.521,415.521
"3729","FMSY-Min_rcp45","sandeel",1978,0.6174545,494.3359,302.17,302.17
"3730","FMSY-Min_rcp45","sandeel",1979,0.514504025,698.963,483.313,483.313
"3731","FMSY-Min_rcp45","sandeel",1980,0.59736235,651.1572,308.7615,308.7615
"3732","FMSY-Min_rcp45","sandeel",1981,0.52464935,675.8582,680.818,680.818
"3733","FMSY-Min_rcp45","sandeel",1982,0.626914325,326.7016,262.1924,262.1924
"3734","FMSY-Min_rcp45","sandeel",1983,0.343489975,512.12704,511.518,511.518
"3735","FMSY-Min_rcp45","sandeel",1984,0.41566115,429.093,203.81,203.81
"3736","FMSY-Min_rcp45","sandeel",1985,0.53423045,691.01513,598.063,598.063
"3737","FMSY-Min_rcp45","sandeel",1986,0.401254475,392.89711,379.4183,379.4183
"3738","FMSY-Min_rcp45","sandeel",1987,0.277452725,914.91873,194.8828,194.8828
"3739","FMSY-Min_rcp45","sandeel",1988,0.443108225,845.9041,641.91,641.91
"3740","FMSY-Min_rcp45","sandeel",1989,0.7858518,362.0659,256.593,256.593
"3741","FMSY-Min_rcp45","sandeel",1990,0.75121865,453.56787,356.814,356.814
"3742","FMSY-Min_rcp45","sandeel",1991,0.497038075,516.1497,495.104,495.104
"3743","FMSY-Min_rcp45","sandeel",1992,0.431977575,410.7653,345.881,345.881
"3744","FMSY-Min_rcp45","sandeel",1993,0.367030325,675.03457,745.05,745.05
"3745","FMSY-Min_rcp45","sandeel",1994,0.64708685,530.4534,836.136,836.136
"3746","FMSY-Min_rcp45","sandeel",1995,0.3261393,674.0849,358.5956,358.5956
"3747","FMSY-Min_rcp45","sandeel",1996,0.48904755,863.76128,1413.768,1413.768
"3748","FMSY-Min_rcp45","sandeel",1997,0.331339225,502.4734,277.516,277.516
"3749","FMSY-Min_rcp45","sandeel",1998,0.469849575,1278.52573,371.685,371.685
"3750","FMSY-Min_rcp45","sandeel",1999,0.6782352,613.81786,465.112,465.112
"3751","FMSY-Min_rcp45","sandeel",2000,0.50942525,365.2175,604.486,604.486
"3752","FMSY-Min_rcp45","sandeel",2001,0.642590325,381.7742,555.46,555.46
"3753","FMSY-Min_rcp45","sandeel",2002,0.474407375,351.86518,121.2822,121.2822
"3754","FMSY-Min_rcp45","sandeel",2003,0.4650221,471.45422,309.27,309.27
"3755","FMSY-Min_rcp45","sandeel",2004,0.647919825,155.73753,158.4411,158.4411
"3756","FMSY-Min_rcp45","sandeel",2005,0.536286405,172.7005,298.741,298.741
"3757","FMSY-Min_rcp45","sandeel",2006,0.472318225,125.56957,326.514,326.514
"3758","FMSY-Min_rcp45","sandeel",2007,0.365223,232.08322,464.812,464.812
"3759","FMSY-Min_rcp45","sandeel",2008,0.44695525,315.53848,294.719,294.719
"3760","FMSY-Min_rcp45","sandeel",2009,0.41318825,367.18984,1008.644,1008.644
"3761","FMSY-Min_rcp45","sandeel",2010,0.169075,533.64634,127.7074,127.7074
"3762","FMSY-Min_rcp45","sandeel",2011,0.174045125,1240.67453,149.3815,149.3815
"3763","FMSY-Min_rcp45","sandeel",2012,0.05450655275,694.56183,407.694,407.694
"3764","FMSY-Min_rcp45","sandeel",2013,0.46332359,326.95462,284.6111,284.6111
"3765","FMSY-Min_rcp45","sandeel",2014,0.4742912175,367.97474,462.213,462.213
"3766","FMSY-Min_rcp45","sandeel",2015,0.42292525,385.31139,99.0129,99.0129
"3767","FMSY-Min_rcp45","sandeel",2016,0.069568775,596.27706,1120.397,1120.397
"3768","FMSY-Min_rcp45","sandeel",2017,0.308664835,411.1487,95.0365,95.0365
"3769","FMSY-Min_rcp45","sandeel",2018,0.32873345,938.25087,446.031,446.031
"3770","FMSY-Min_rcp45","sandeel",2019,0.17326695,535.86178,878.813,878.813
"3771","FMSY-Min_rcp45","sandeel",2020,0.095,862.02603,346.722,346.722
"3772","FMSY-Min_rcp45","sandeel",2022,0.45,1627.7372,268.0039,268.0039
"3773","FMSY-Min_rcp45","sandeel",2023,0.343543375,798.84802,429.338,429.338
"3774","FMSY-Min_rcp45","sandeel",2024,0.307809225,402.64218,442.153,442.153
"3775","FMSY-Min_rcp45","sandeel",2025,0.311244175,362.85814,420.718,420.718
"3776","FMSY-Min_rcp45","sandeel",2026,0.3186882,391.02088,436.17,436.17
"3777","FMSY-Min_rcp45","sandeel",2027,0.339480075,419.77002,448.735,448.735
"3778","FMSY-Min_rcp45","sandeel",2028,0.360921075,457.41009,461.839,461.839
"3779","FMSY-Min_rcp45","sandeel",2029,0.380714525,492.60748,470.868,470.868
"3780","FMSY-Min_rcp45","sandeel",2030,0.392088225,518.88263,475.502,475.502
"3781","FMSY-Min_rcp45","sandeel",2031,0.395136975,527.06543,476.67,476.67
"3782","FMSY-Min_rcp45","sandeel",2032,0.394219125,524.95196,476.488,476.488
"3783","FMSY-Min_rcp45","sandeel",2033,0.392673725,521.15403,475.983,475.983
"3784","FMSY-Min_rcp45","sandeel",2034,0.39155905,518.74947,475.608,475.608
"3785","FMSY-Min_rcp45","sandeel",2035,0.390892225,517.63718,475.399,475.399
"3786","FMSY-Min_rcp45","sandeel",2036,0.3903184,516.94666,475.259,475.259
"3787","FMSY-Min_rcp45","sandeel",2037,0.389646575,516.0141,475.094,475.094
"3788","FMSY-Min_rcp45","sandeel",2038,0.388898,514.7711,474.894,474.894
"3789","FMSY-Min_rcp45","sandeel",2039,0.388226025,513.5172,474.7,474.7
"3790","FMSY-Min_rcp45","sandeel",2040,0.387725175,512.58878,474.561,474.561
"3791","FMSY-Min_rcp45","sandeel",2041,0.387272675,511.78133,474.448,474.448
"3792","FMSY-Min_rcp45","sandeel",2042,0.3866804,510.62786,474.288,474.288
"3793","FMSY-Min_rcp45","sandeel",2043,0.3858336,508.83524,474.024,474.024
"3794","FMSY-Min_rcp45","sandeel",2044,0.384701475,506.378,473.637,473.637
"3795","FMSY-Min_rcp45","sandeel",2045,0.383319275,503.31614,473.119,473.119
"3796","FMSY-Min_rcp45","sandeel",2046,0.38188405,500.06878,472.533,472.533
"3797","FMSY-Min_rcp45","sandeel",2047,0.38055215,497.13005,471.971,471.971
"3798","FMSY-Min_rcp45","sandeel",2048,0.3793728,494.59629,471.461,471.461
"3799","FMSY-Min_rcp45","sandeel",2049,0.37835355,492.48636,471.021,471.021
"3800","FMSY-Min_rcp45","sandeel",2050,0.377421675,490.64701,470.626,470.626
"3801","FMSY-Min_rcp85","sandeel",1974,0.239616875,654.11897,429.377,429.377
"3802","FMSY-Min_rcp85","sandeel",1975,0.318198875,671.6277,278.2511,278.2511
"3803","FMSY-Min_rcp85","sandeel",1976,0.411147975,692.21136,345.153,345.153
"3804","FMSY-Min_rcp85","sandeel",1977,0.6464619,477.67839,415.521,415.521
"3805","FMSY-Min_rcp85","sandeel",1978,0.6174545,494.3359,302.17,302.17
"3806","FMSY-Min_rcp85","sandeel",1979,0.514504025,698.963,483.313,483.313
"3807","FMSY-Min_rcp85","sandeel",1980,0.59736235,651.1572,308.7615,308.7615
"3808","FMSY-Min_rcp85","sandeel",1981,0.52464935,675.8582,680.818,680.818
"3809","FMSY-Min_rcp85","sandeel",1982,0.626914325,326.7016,262.1924,262.1924
"3810","FMSY-Min_rcp85","sandeel",1983,0.343489975,512.12704,511.518,511.518
"3811","FMSY-Min_rcp85","sandeel",1984,0.41566115,429.093,203.81,203.81
"3812","FMSY-Min_rcp85","sandeel",1985,0.53423045,691.01513,598.063,598.063
"3813","FMSY-Min_rcp85","sandeel",1986,0.401254475,392.89711,379.4183,379.4183
"3814","FMSY-Min_rcp85","sandeel",1987,0.277452725,914.91873,194.8828,194.8828
"3815","FMSY-Min_rcp85","sandeel",1988,0.443108225,845.9041,641.91,641.91
"3816","FMSY-Min_rcp85","sandeel",1989,0.7858518,362.0659,256.593,256.593
"3817","FMSY-Min_rcp85","sandeel",1990,0.75121865,453.56787,356.814,356.814
"3818","FMSY-Min_rcp85","sandeel",1991,0.497038075,516.1497,495.104,495.104
"3819","FMSY-Min_rcp85","sandeel",1992,0.431977575,410.7653,345.881,345.881
"3820","FMSY-Min_rcp85","sandeel",1993,0.367030325,675.03457,745.05,745.05
"3821","FMSY-Min_rcp85","sandeel",1994,0.64708685,530.4534,836.136,836.136
"3822","FMSY-Min_rcp85","sandeel",1995,0.3261393,674.0849,358.5956,358.5956
"3823","FMSY-Min_rcp85","sandeel",1996,0.48904755,863.76128,1413.768,1413.768
"3824","FMSY-Min_rcp85","sandeel",1997,0.331339225,502.4734,277.516,277.516
"3825","FMSY-Min_rcp85","sandeel",1998,0.469849575,1278.52573,371.685,371.685
"3826","FMSY-Min_rcp85","sandeel",1999,0.6782352,613.81786,465.112,465.112
"3827","FMSY-Min_rcp85","sandeel",2000,0.50942525,365.2175,604.486,604.486
"3828","FMSY-Min_rcp85","sandeel",2001,0.642590325,381.7742,555.46,555.46
"3829","FMSY-Min_rcp85","sandeel",2002,0.474407375,351.86518,121.2822,121.2822
"3830","FMSY-Min_rcp85","sandeel",2003,0.4650221,471.45422,309.27,309.27
"3831","FMSY-Min_rcp85","sandeel",2004,0.647919825,155.73753,158.4411,158.4411
"3832","FMSY-Min_rcp85","sandeel",2005,0.536286405,172.7005,298.741,298.741
"3833","FMSY-Min_rcp85","sandeel",2006,0.472318225,125.56957,326.514,326.514
"3834","FMSY-Min_rcp85","sandeel",2007,0.365223,232.08322,464.812,464.812
"3835","FMSY-Min_rcp85","sandeel",2008,0.44695525,315.53848,294.719,294.719
"3836","FMSY-Min_rcp85","sandeel",2009,0.41318825,367.18984,1008.644,1008.644
"3837","FMSY-Min_rcp85","sandeel",2010,0.169075,533.64634,127.7074,127.7074
"3838","FMSY-Min_rcp85","sandeel",2011,0.174045125,1240.67453,149.3815,149.3815
"3839","FMSY-Min_rcp85","sandeel",2012,0.05450655275,694.56183,407.694,407.694
"3840","FMSY-Min_rcp85","sandeel",2013,0.46332359,326.95462,284.6111,284.6111
"3841","FMSY-Min_rcp85","sandeel",2014,0.4742912175,367.97474,462.213,462.213
"3842","FMSY-Min_rcp85","sandeel",2015,0.42292525,385.31139,99.0129,99.0129
"3843","FMSY-Min_rcp85","sandeel",2016,0.069568775,596.27706,1120.397,1120.397
"3844","FMSY-Min_rcp85","sandeel",2017,0.308664835,411.1487,95.0365,95.0365
"3845","FMSY-Min_rcp85","sandeel",2018,0.32873345,938.25087,446.031,446.031
"3846","FMSY-Min_rcp85","sandeel",2019,0.17326695,535.86178,878.813,878.813
"3847","FMSY-Min_rcp85","sandeel",2020,0.095,862.02603,346.722,346.722
"3848","FMSY-Min_rcp85","sandeel",2022,0.45,1625.91395,268.3065,268.3065
"3849","FMSY-Min_rcp85","sandeel",2023,0.34334785,798.11082,429.312,429.312
"3850","FMSY-Min_rcp85","sandeel",2024,0.307870225,403.18606,442.375,442.375
"3851","FMSY-Min_rcp85","sandeel",2025,0.311847825,363.90148,421.318,421.318
"3852","FMSY-Min_rcp85","sandeel",2026,0.3204012,394.23636,437.735,437.735
"3853","FMSY-Min_rcp85","sandeel",2027,0.3430438,426.62271,451.441,451.441
"3854","FMSY-Min_rcp85","sandeel",2028,0.3648931,466.69596,464.455,464.455
"3855","FMSY-Min_rcp85","sandeel",2029,0.383312725,500.09405,472.279,472.279
"3856","FMSY-Min_rcp85","sandeel",2030,0.391277425,520.61773,475.693,475.693
"3857","FMSY-Min_rcp85","sandeel",2031,0.391934,520.8743,475.969,475.969
"3858","FMSY-Min_rcp85","sandeel",2032,0.3903474,516.6433,475.452,475.452
"3859","FMSY-Min_rcp85","sandeel",2033,0.3885149,512.34165,474.793,474.793
"3860","FMSY-Min_rcp85","sandeel",2034,0.38701285,509.22748,474.256,474.256
"3861","FMSY-Min_rcp85","sandeel",2035,0.385781175,506.89745,473.83,473.83
"3862","FMSY-Min_rcp85","sandeel",2036,0.384569025,504.73916,473.429,473.429
"3863","FMSY-Min_rcp85","sandeel",2037,0.38330785,502.4059,472.992,472.992
"3864","FMSY-Min_rcp85","sandeel",2038,0.3820461,499.94481,472.527,472.527
"3865","FMSY-Min_rcp85","sandeel",2039,0.38094425,497.69954,472.094,472.094
"3866","FMSY-Min_rcp85","sandeel",2040,0.3800096,495.79781,471.724,471.724
"3867","FMSY-Min_rcp85","sandeel",2041,0.379083875,493.90919,471.352,471.352
"3868","FMSY-Min_rcp85","sandeel",2042,0.377973425,491.5644,470.875,470.875
"3869","FMSY-Min_rcp85","sandeel",2043,0.376572175,488.50698,470.222,470.222
"3870","FMSY-Min_rcp85","sandeel",2044,0.3748486,484.73707,469.368,469.368
"3871","FMSY-Min_rcp85","sandeel",2045,0.372835375,480.32588,468.302,468.302
"3872","FMSY-Min_rcp85","sandeel",2046,0.370723175,475.6855,467.107,467.107
"3873","FMSY-Min_rcp85","sandeel",2047,0.368686125,471.31525,465.913,465.913
"3874","FMSY-Min_rcp85","sandeel",2048,0.36680225,467.36858,464.778,464.778
"3875","FMSY-Min_rcp85","sandeel",2049,0.365094975,463.88276,463.734,463.734
"3876","FMSY-Min_rcp85","sandeel",2050,0.3635163,460.75019,462.761,462.761
"3877","ICES-AR_noCC","sandeel",1974,0.239616875,654.11897,429.377,429.377
"3878","ICES-AR_noCC","sandeel",1975,0.318198875,671.6277,278.2511,278.2511
"3879","ICES-AR_noCC","sandeel",1976,0.411147975,692.21136,345.153,345.153
"3880","ICES-AR_noCC","sandeel",1977,0.6464619,477.67839,415.521,415.521
"3881","ICES-AR_noCC","sandeel",1978,0.6174545,494.3359,302.17,302.17
"3882","ICES-AR_noCC","sandeel",1979,0.514504025,698.963,483.313,483.313
"3883","ICES-AR_noCC","sandeel",1980,0.59736235,651.1572,308.7615,308.7615
"3884","ICES-AR_noCC","sandeel",1981,0.52464935,675.8582,680.818,680.818
"3885","ICES-AR_noCC","sandeel",1982,0.626914325,326.7016,262.1924,262.1924
"3886","ICES-AR_noCC","sandeel",1983,0.343489975,512.12704,511.518,511.518
"3887","ICES-AR_noCC","sandeel",1984,0.41566115,429.093,203.81,203.81
"3888","ICES-AR_noCC","sandeel",1985,0.53423045,691.01513,598.063,598.063
"3889","ICES-AR_noCC","sandeel",1986,0.401254475,392.89711,379.4183,379.4183
"3890","ICES-AR_noCC","sandeel",1987,0.277452725,914.91873,194.8828,194.8828
"3891","ICES-AR_noCC","sandeel",1988,0.443108225,845.9041,641.91,641.91
"3892","ICES-AR_noCC","sandeel",1989,0.7858518,362.0659,256.593,256.593
"3893","ICES-AR_noCC","sandeel",1990,0.75121865,453.56787,356.814,356.814
"3894","ICES-AR_noCC","sandeel",1991,0.497038075,516.1497,495.104,495.104
"3895","ICES-AR_noCC","sandeel",1992,0.431977575,410.7653,345.881,345.881
"3896","ICES-AR_noCC","sandeel",1993,0.367030325,675.03457,745.05,745.05
"3897","ICES-AR_noCC","sandeel",1994,0.64708685,530.4534,836.136,836.136
"3898","ICES-AR_noCC","sandeel",1995,0.3261393,674.0849,358.5956,358.5956
"3899","ICES-AR_noCC","sandeel",1996,0.48904755,863.76128,1413.768,1413.768
"3900","ICES-AR_noCC","sandeel",1997,0.331339225,502.4734,277.516,277.516
"3901","ICES-AR_noCC","sandeel",1998,0.469849575,1278.52573,371.685,371.685
"3902","ICES-AR_noCC","sandeel",1999,0.6782352,613.81786,465.112,465.112
"3903","ICES-AR_noCC","sandeel",2000,0.50942525,365.2175,604.486,604.486
"3904","ICES-AR_noCC","sandeel",2001,0.642590325,381.7742,555.46,555.46
"3905","ICES-AR_noCC","sandeel",2002,0.474407375,351.86518,121.2822,121.2822
"3906","ICES-AR_noCC","sandeel",2003,0.4650221,471.45422,309.27,309.27
"3907","ICES-AR_noCC","sandeel",2004,0.647919825,155.73753,158.4411,158.4411
"3908","ICES-AR_noCC","sandeel",2005,0.536286405,172.7005,298.741,298.741
"3909","ICES-AR_noCC","sandeel",2006,0.472318225,125.56957,326.514,326.514
"3910","ICES-AR_noCC","sandeel",2007,0.365223,232.08322,464.812,464.812
"3911","ICES-AR_noCC","sandeel",2008,0.44695525,315.53848,294.719,294.719
"3912","ICES-AR_noCC","sandeel",2009,0.41318825,367.18984,1008.644,1008.644
"3913","ICES-AR_noCC","sandeel",2010,0.169075,533.64634,127.7074,127.7074
"3914","ICES-AR_noCC","sandeel",2011,0.174045125,1240.67453,149.3815,149.3815
"3915","ICES-AR_noCC","sandeel",2012,0.05450655275,694.56183,407.694,407.694
"3916","ICES-AR_noCC","sandeel",2013,0.46332359,326.95462,284.6111,284.6111
"3917","ICES-AR_noCC","sandeel",2014,0.4742912175,367.97474,462.213,462.213
"3918","ICES-AR_noCC","sandeel",2015,0.42292525,385.31139,99.0129,99.0129
"3919","ICES-AR_noCC","sandeel",2016,0.069568775,596.27706,1120.397,1120.397
"3920","ICES-AR_noCC","sandeel",2017,0.308664835,411.1487,95.0365,95.0365
"3921","ICES-AR_noCC","sandeel",2018,0.32873345,938.25087,446.031,446.031
"3922","ICES-AR_noCC","sandeel",2019,0.17326695,535.86178,878.813,878.813
"3923","ICES-AR_noCC","sandeel",2020,0.095,862.02603,346.722,346.722
"3924","ICES-AR_noCC","sandeel",2022,0.45,1628.24353,267.9181,267.9181
"3925","ICES-AR_noCC","sandeel",2023,0.34797625,813.52761,425.602,425.602
"3926","ICES-AR_noCC","sandeel",2024,0.321041925,435.35673,453.813,453.813
"3927","ICES-AR_noCC","sandeel",2025,0.3412675,420.35168,449.148,449.148
"3928","ICES-AR_noCC","sandeel",2026,0.360889675,475.13705,465.792,465.792
"3929","ICES-AR_noCC","sandeel",2027,0.376267425,502.3501,471.754,471.754
"3930","ICES-AR_noCC","sandeel",2028,0.377705825,501.72012,472.46,472.46
"3931","ICES-AR_noCC","sandeel",2029,0.372240475,483.83893,469.131,469.131
"3932","ICES-AR_noCC","sandeel",2030,0.3676566,469.83243,465.489,465.489
"3933","ICES-AR_noCC","sandeel",2031,0.367489525,467.21375,464.714,464.714
"3934","ICES-AR_noCC","sandeel",2032,0.370857375,473.90076,466.626,466.626
"3935","ICES-AR_noCC","sandeel",2033,0.3744947,481.69296,468.689,468.689
"3936","ICES-AR_noCC","sandeel",2034,0.375866025,484.81733,469.477,469.477
"3937","ICES-AR_noCC","sandeel",2035,0.37499375,482.78748,468.978,468.978
"3938","ICES-AR_noCC","sandeel",2036,0.3735636,479.29435,468.078,468.078
"3939","ICES-AR_noCC","sandeel",2037,0.373044225,477.84011,467.692,467.692
"3940","ICES-AR_noCC","sandeel",2038,0.373701175,479.17643,468.047,468.047
"3941","ICES-AR_noCC","sandeel",2039,0.3748003,481.67237,468.693,468.693
"3942","ICES-AR_noCC","sandeel",2040,0.37548195,483.3126,469.108,469.108
"3943","ICES-AR_noCC","sandeel",2041,0.37546065,483.33796,469.116,469.116
"3944","ICES-AR_noCC","sandeel",2042,0.3750614,482.42469,468.886,468.886
"3945","ICES-AR_noCC","sandeel",2043,0.37476805,481.69871,468.701,468.701
"3946","ICES-AR_noCC","sandeel",2044,0.3748085,481.74187,468.712,468.712
"3947","ICES-AR_noCC","sandeel",2045,0.375074675,482.33906,468.863,468.863
"3948","ICES-AR_noCC","sandeel",2046,0.375315925,482.91197,469.008,469.008
"3949","ICES-AR_noCC","sandeel",2047,0.37537735,483.07872,469.05,469.05
"3950","ICES-AR_noCC","sandeel",2048,0.375285625,482.87914,469,469
"3951","ICES-AR_noCC","sandeel",2049,0.3751713,482.60981,468.932,468.932
"3952","ICES-AR_noCC","sandeel",2050,0.375135425,482.51283,468.907,468.907
"3953","ICES-AR_rcp45","sandeel",1974,0.239616875,654.11897,429.377,429.377
"3954","ICES-AR_rcp45","sandeel",1975,0.318198875,671.6277,278.2511,278.2511
"3955","ICES-AR_rcp45","sandeel",1976,0.411147975,692.21136,345.153,345.153
"3956","ICES-AR_rcp45","sandeel",1977,0.6464619,477.67839,415.521,415.521
"3957","ICES-AR_rcp45","sandeel",1978,0.6174545,494.3359,302.17,302.17
"3958","ICES-AR_rcp45","sandeel",1979,0.514504025,698.963,483.313,483.313
"3959","ICES-AR_rcp45","sandeel",1980,0.59736235,651.1572,308.7615,308.7615
"3960","ICES-AR_rcp45","sandeel",1981,0.52464935,675.8582,680.818,680.818
"3961","ICES-AR_rcp45","sandeel",1982,0.626914325,326.7016,262.1924,262.1924
"3962","ICES-AR_rcp45","sandeel",1983,0.343489975,512.12704,511.518,511.518
"3963","ICES-AR_rcp45","sandeel",1984,0.41566115,429.093,203.81,203.81
"3964","ICES-AR_rcp45","sandeel",1985,0.53423045,691.01513,598.063,598.063
"3965","ICES-AR_rcp45","sandeel",1986,0.401254475,392.89711,379.4183,379.4183
"3966","ICES-AR_rcp45","sandeel",1987,0.277452725,914.91873,194.8828,194.8828
"3967","ICES-AR_rcp45","sandeel",1988,0.443108225,845.9041,641.91,641.91
"3968","ICES-AR_rcp45","sandeel",1989,0.7858518,362.0659,256.593,256.593
"3969","ICES-AR_rcp45","sandeel",1990,0.75121865,453.56787,356.814,356.814
"3970","ICES-AR_rcp45","sandeel",1991,0.497038075,516.1497,495.104,495.104
"3971","ICES-AR_rcp45","sandeel",1992,0.431977575,410.7653,345.881,345.881
"3972","ICES-AR_rcp45","sandeel",1993,0.367030325,675.03457,745.05,745.05
"3973","ICES-AR_rcp45","sandeel",1994,0.64708685,530.4534,836.136,836.136
"3974","ICES-AR_rcp45","sandeel",1995,0.3261393,674.0849,358.5956,358.5956
"3975","ICES-AR_rcp45","sandeel",1996,0.48904755,863.76128,1413.768,1413.768
"3976","ICES-AR_rcp45","sandeel",1997,0.331339225,502.4734,277.516,277.516
"3977","ICES-AR_rcp45","sandeel",1998,0.469849575,1278.52573,371.685,371.685
"3978","ICES-AR_rcp45","sandeel",1999,0.6782352,613.81786,465.112,465.112
"3979","ICES-AR_rcp45","sandeel",2000,0.50942525,365.2175,604.486,604.486
"3980","ICES-AR_rcp45","sandeel",2001,0.642590325,381.7742,555.46,555.46
"3981","ICES-AR_rcp45","sandeel",2002,0.474407375,351.86518,121.2822,121.2822
"3982","ICES-AR_rcp45","sandeel",2003,0.4650221,471.45422,309.27,309.27
"3983","ICES-AR_rcp45","sandeel",2004,0.647919825,155.73753,158.4411,158.4411
"3984","ICES-AR_rcp45","sandeel",2005,0.536286405,172.7005,298.741,298.741
"3985","ICES-AR_rcp45","sandeel",2006,0.472318225,125.56957,326.514,326.514
"3986","ICES-AR_rcp45","sandeel",2007,0.365223,232.08322,464.812,464.812
"3987","ICES-AR_rcp45","sandeel",2008,0.44695525,315.53848,294.719,294.719
"3988","ICES-AR_rcp45","sandeel",2009,0.41318825,367.18984,1008.644,1008.644
"3989","ICES-AR_rcp45","sandeel",2010,0.169075,533.64634,127.7074,127.7074
"3990","ICES-AR_rcp45","sandeel",2011,0.174045125,1240.67453,149.3815,149.3815
"3991","ICES-AR_rcp45","sandeel",2012,0.05450655275,694.56183,407.694,407.694
"3992","ICES-AR_rcp45","sandeel",2013,0.46332359,326.95462,284.6111,284.6111
"3993","ICES-AR_rcp45","sandeel",2014,0.4742912175,367.97474,462.213,462.213
"3994","ICES-AR_rcp45","sandeel",2015,0.42292525,385.31139,99.0129,99.0129
"3995","ICES-AR_rcp45","sandeel",2016,0.069568775,596.27706,1120.397,1120.397
"3996","ICES-AR_rcp45","sandeel",2017,0.308664835,411.1487,95.0365,95.0365
"3997","ICES-AR_rcp45","sandeel",2018,0.32873345,938.25087,446.031,446.031
"3998","ICES-AR_rcp45","sandeel",2019,0.17326695,535.86178,878.813,878.813
"3999","ICES-AR_rcp45","sandeel",2020,0.095,862.02603,346.722,346.722
"4000","ICES-AR_rcp45","sandeel",2022,0.45,1627.7372,268.0039,268.0039
"4001","ICES-AR_rcp45","sandeel",2023,0.3481278,813.96539,425.527,425.527
"4002","ICES-AR_rcp45","sandeel",2024,0.32090775,435.39926,453.81,453.81
"4003","ICES-AR_rcp45","sandeel",2025,0.340810175,419.50443,448.826,448.826
"4004","ICES-AR_rcp45","sandeel",2026,0.360279975,474.33391,465.519,465.519
"4005","ICES-AR_rcp45","sandeel",2027,0.375999525,502.77832,471.609,471.609
"4006","ICES-AR_rcp45","sandeel",2028,0.37787115,503.86105,472.602,472.602
"4007","ICES-AR_rcp45","sandeel",2029,0.372645775,487.00309,469.755,469.755
"4008","ICES-AR_rcp45","sandeel",2030,0.3681169,473.33084,466.46,466.46
"4009","ICES-AR_rcp45","sandeel",2031,0.36771,470.45977,465.674,465.674
"4010","ICES-AR_rcp45","sandeel",2032,0.370317375,475.95751,467.17,467.17
"4011","ICES-AR_rcp45","sandeel",2033,0.3725388,481.12997,468.499,468.499
"4012","ICES-AR_rcp45","sandeel",2034,0.37207985,480.50205,468.355,468.355
"4013","ICES-AR_rcp45","sandeel",2035,0.369359025,474.56808,466.81,466.81
"4014","ICES-AR_rcp45","sandeel",2036,0.366263175,467.68325,464.865,464.865
"4015","ICES-AR_rcp45","sandeel",2037,0.364244075,463.30774,463.553,463.553
"4016","ICES-AR_rcp45","sandeel",2038,0.3635218,461.9372,463.134,463.134
"4017","ICES-AR_rcp45","sandeel",2039,0.36336875,461.85179,463.107,463.107
"4018","ICES-AR_rcp45","sandeel",2040,0.362928925,461.07472,462.856,462.856
"4019","ICES-AR_rcp45","sandeel",2041,0.3618291,458.74308,462.094,462.094
"4020","ICES-AR_rcp45","sandeel",2042,0.36021265,455.20934,460.9,460.9
"4021","ICES-AR_rcp45","sandeel",2043,0.358393,451.23697,459.497,459.497
"4022","ICES-AR_rcp45","sandeel",2044,0.356552425,447.28995,458.037,458.037
"4023","ICES-AR_rcp45","sandeel",2045,0.35469025,443.38593,456.534,456.534
"4024","ICES-AR_rcp45","sandeel",2046,0.352742125,439.39222,454.935,454.935
"4025","ICES-AR_rcp45","sandeel",2047,0.350712025,435.31715,453.248,453.248
"4026","ICES-AR_rcp45","sandeel",2048,0.3486959,431.35527,451.553,451.553
"4027","ICES-AR_rcp45","sandeel",2049,0.346812775,427.74433,449.962,449.962
"4028","ICES-AR_rcp45","sandeel",2050,0.34512585,424.5835,448.532,448.532
"4029","ICES-AR_rcp85","sandeel",1974,0.239616875,654.11897,429.377,429.377
"4030","ICES-AR_rcp85","sandeel",1975,0.318198875,671.6277,278.2511,278.2511
"4031","ICES-AR_rcp85","sandeel",1976,0.411147975,692.21136,345.153,345.153
"4032","ICES-AR_rcp85","sandeel",1977,0.6464619,477.67839,415.521,415.521
"4033","ICES-AR_rcp85","sandeel",1978,0.6174545,494.3359,302.17,302.17
"4034","ICES-AR_rcp85","sandeel",1979,0.514504025,698.963,483.313,483.313
"4035","ICES-AR_rcp85","sandeel",1980,0.59736235,651.1572,308.7615,308.7615
"4036","ICES-AR_rcp85","sandeel",1981,0.52464935,675.8582,680.818,680.818
"4037","ICES-AR_rcp85","sandeel",1982,0.626914325,326.7016,262.1924,262.1924
"4038","ICES-AR_rcp85","sandeel",1983,0.343489975,512.12704,511.518,511.518
"4039","ICES-AR_rcp85","sandeel",1984,0.41566115,429.093,203.81,203.81
"4040","ICES-AR_rcp85","sandeel",1985,0.53423045,691.01513,598.063,598.063
"4041","ICES-AR_rcp85","sandeel",1986,0.401254475,392.89711,379.4183,379.4183
"4042","ICES-AR_rcp85","sandeel",1987,0.277452725,914.91873,194.8828,194.8828
"4043","ICES-AR_rcp85","sandeel",1988,0.443108225,845.9041,641.91,641.91
"4044","ICES-AR_rcp85","sandeel",1989,0.7858518,362.0659,256.593,256.593
"4045","ICES-AR_rcp85","sandeel",1990,0.75121865,453.56787,356.814,356.814
"4046","ICES-AR_rcp85","sandeel",1991,0.497038075,516.1497,495.104,495.104
"4047","ICES-AR_rcp85","sandeel",1992,0.431977575,410.7653,345.881,345.881
"4048","ICES-AR_rcp85","sandeel",1993,0.367030325,675.03457,745.05,745.05
"4049","ICES-AR_rcp85","sandeel",1994,0.64708685,530.4534,836.136,836.136
"4050","ICES-AR_rcp85","sandeel",1995,0.3261393,674.0849,358.5956,358.5956
"4051","ICES-AR_rcp85","sandeel",1996,0.48904755,863.76128,1413.768,1413.768
"4052","ICES-AR_rcp85","sandeel",1997,0.331339225,502.4734,277.516,277.516
"4053","ICES-AR_rcp85","sandeel",1998,0.469849575,1278.52573,371.685,371.685
"4054","ICES-AR_rcp85","sandeel",1999,0.6782352,613.81786,465.112,465.112
"4055","ICES-AR_rcp85","sandeel",2000,0.50942525,365.2175,604.486,604.486
"4056","ICES-AR_rcp85","sandeel",2001,0.642590325,381.7742,555.46,555.46
"4057","ICES-AR_rcp85","sandeel",2002,0.474407375,351.86518,121.2822,121.2822
"4058","ICES-AR_rcp85","sandeel",2003,0.4650221,471.45422,309.27,309.27
"4059","ICES-AR_rcp85","sandeel",2004,0.647919825,155.73753,158.4411,158.4411
"4060","ICES-AR_rcp85","sandeel",2005,0.536286405,172.7005,298.741,298.741
"4061","ICES-AR_rcp85","sandeel",2006,0.472318225,125.56957,326.514,326.514
"4062","ICES-AR_rcp85","sandeel",2007,0.365223,232.08322,464.812,464.812
"4063","ICES-AR_rcp85","sandeel",2008,0.44695525,315.53848,294.719,294.719
"4064","ICES-AR_rcp85","sandeel",2009,0.41318825,367.18984,1008.644,1008.644
"4065","ICES-AR_rcp85","sandeel",2010,0.169075,533.64634,127.7074,127.7074
"4066","ICES-AR_rcp85","sandeel",2011,0.174045125,1240.67453,149.3815,149.3815
"4067","ICES-AR_rcp85","sandeel",2012,0.05450655275,694.56183,407.694,407.694
"4068","ICES-AR_rcp85","sandeel",2013,0.46332359,326.95462,284.6111,284.6111
"4069","ICES-AR_rcp85","sandeel",2014,0.4742912175,367.97474,462.213,462.213
"4070","ICES-AR_rcp85","sandeel",2015,0.42292525,385.31139,99.0129,99.0129
"4071","ICES-AR_rcp85","sandeel",2016,0.069568775,596.27706,1120.397,1120.397
"4072","ICES-AR_rcp85","sandeel",2017,0.308664835,411.1487,95.0365,95.0365
"4073","ICES-AR_rcp85","sandeel",2018,0.32873345,938.25087,446.031,446.031
"4074","ICES-AR_rcp85","sandeel",2019,0.17326695,535.86178,878.813,878.813
"4075","ICES-AR_rcp85","sandeel",2020,0.095,862.02603,346.722,346.722
"4076","ICES-AR_rcp85","sandeel",2022,0.45,1625.91395,268.3065,268.3065
"4077","ICES-AR_rcp85","sandeel",2023,0.3479158,813.14215,425.531,425.531
"4078","ICES-AR_rcp85","sandeel",2024,0.320944,435.84375,453.942,453.942
"4079","ICES-AR_rcp85","sandeel",2025,0.341184525,420.21036,449.097,449.097
"4080","ICES-AR_rcp85","sandeel",2026,0.360866175,475.61542,465.845,465.845
"4081","ICES-AR_rcp85","sandeel",2027,0.376173125,503.26171,471.783,471.783
"4082","ICES-AR_rcp85","sandeel",2028,0.3768511,501.51281,472.343,472.343
"4083","ICES-AR_rcp85","sandeel",2029,0.3700306,480.75449,468.37,468.37
"4084","ICES-AR_rcp85","sandeel",2030,0.36361465,462.98343,463.449,463.449
"4085","ICES-AR_rcp85","sandeel",2031,0.3611268,455.8674,461.115,461.115
"4086","ICES-AR_rcp85","sandeel",2032,0.361735175,457.12837,461.515,461.515
"4087","ICES-AR_rcp85","sandeel",2033,0.362440775,458.84445,462.058,462.058
"4088","ICES-AR_rcp85","sandeel",2034,0.361036925,456.06879,461.096,461.096
"4089","ICES-AR_rcp85","sandeel",2035,0.357599925,448.84933,458.507,458.507
"4090","ICES-AR_rcp85","sandeel",2036,0.353598125,440.53854,455.305,455.305
"4091","ICES-AR_rcp85","sandeel",2037,0.350336775,434.02356,452.632,452.632
"4092","ICES-AR_rcp85","sandeel",2038,0.3481956,429.99079,450.903,450.903
"4093","ICES-AR_rcp85","sandeel",2039,0.346728975,427.33534,449.711,449.711
"4094","ICES-AR_rcp85","sandeel",2040,0.345246275,424.54921,448.396,448.396
"4095","ICES-AR_rcp85","sandeel",2041,0.343308375,420.75275,446.533,446.533
"4096","ICES-AR_rcp85","sandeel",2042,0.340848875,415.89228,444.049,444.049
"4097","ICES-AR_rcp85","sandeel",2043,0.338003475,410.33101,441.074,441.074
"4098","ICES-AR_rcp85","sandeel",2044,0.334907525,404.39827,437.749,437.749
"4099","ICES-AR_rcp85","sandeel",2045,0.33161625,398.22974,434.127,434.127
"4100","ICES-AR_rcp85","sandeel",2046,0.328145875,391.87259,430.226,430.226
"4101","ICES-AR_rcp85","sandeel",2047,0.32453575,385.40955,426.088,426.088
"4102","ICES-AR_rcp85","sandeel",2048,0.320866675,378.99411,421.81,421.81
"4103","ICES-AR_rcp85","sandeel",2049,0.317225,372.77038,417.491,417.491
"4104","ICES-AR_rcp85","sandeel",2050,0.31365835,366.79524,413.177,413.177
"4105","PGY-Min_noCC","sandeel",1974,0.239616875,654.11897,429.377,429.377
"4106","PGY-Min_noCC","sandeel",1975,0.318198875,671.6277,278.2511,278.2511
"4107","PGY-Min_noCC","sandeel",1976,0.411147975,692.21136,345.153,345.153
"4108","PGY-Min_noCC","sandeel",1977,0.6464619,477.67839,415.521,415.521
"4109","PGY-Min_noCC","sandeel",1978,0.6174545,494.3359,302.17,302.17
"4110","PGY-Min_noCC","sandeel",1979,0.514504025,698.963,483.313,483.313
"4111","PGY-Min_noCC","sandeel",1980,0.59736235,651.1572,308.7615,308.7615
"4112","PGY-Min_noCC","sandeel",1981,0.52464935,675.8582,680.818,680.818
"4113","PGY-Min_noCC","sandeel",1982,0.626914325,326.7016,262.1924,262.1924
"4114","PGY-Min_noCC","sandeel",1983,0.343489975,512.12704,511.518,511.518
"4115","PGY-Min_noCC","sandeel",1984,0.41566115,429.093,203.81,203.81
"4116","PGY-Min_noCC","sandeel",1985,0.53423045,691.01513,598.063,598.063
"4117","PGY-Min_noCC","sandeel",1986,0.401254475,392.89711,379.4183,379.4183
"4118","PGY-Min_noCC","sandeel",1987,0.277452725,914.91873,194.8828,194.8828
"4119","PGY-Min_noCC","sandeel",1988,0.443108225,845.9041,641.91,641.91
"4120","PGY-Min_noCC","sandeel",1989,0.7858518,362.0659,256.593,256.593
"4121","PGY-Min_noCC","sandeel",1990,0.75121865,453.56787,356.814,356.814
"4122","PGY-Min_noCC","sandeel",1991,0.497038075,516.1497,495.104,495.104
"4123","PGY-Min_noCC","sandeel",1992,0.431977575,410.7653,345.881,345.881
"4124","PGY-Min_noCC","sandeel",1993,0.367030325,675.03457,745.05,745.05
"4125","PGY-Min_noCC","sandeel",1994,0.64708685,530.4534,836.136,836.136
"4126","PGY-Min_noCC","sandeel",1995,0.3261393,674.0849,358.5956,358.5956
"4127","PGY-Min_noCC","sandeel",1996,0.48904755,863.76128,1413.768,1413.768
"4128","PGY-Min_noCC","sandeel",1997,0.331339225,502.4734,277.516,277.516
"4129","PGY-Min_noCC","sandeel",1998,0.469849575,1278.52573,371.685,371.685
"4130","PGY-Min_noCC","sandeel",1999,0.6782352,613.81786,465.112,465.112
"4131","PGY-Min_noCC","sandeel",2000,0.50942525,365.2175,604.486,604.486
"4132","PGY-Min_noCC","sandeel",2001,0.642590325,381.7742,555.46,555.46
"4133","PGY-Min_noCC","sandeel",2002,0.474407375,351.86518,121.2822,121.2822
"4134","PGY-Min_noCC","sandeel",2003,0.4650221,471.45422,309.27,309.27
"4135","PGY-Min_noCC","sandeel",2004,0.647919825,155.73753,158.4411,158.4411
"4136","PGY-Min_noCC","sandeel",2005,0.536286405,172.7005,298.741,298.741
"4137","PGY-Min_noCC","sandeel",2006,0.472318225,125.56957,326.514,326.514
"4138","PGY-Min_noCC","sandeel",2007,0.365223,232.08322,464.812,464.812
"4139","PGY-Min_noCC","sandeel",2008,0.44695525,315.53848,294.719,294.719
"4140","PGY-Min_noCC","sandeel",2009,0.41318825,367.18984,1008.644,1008.644
"4141","PGY-Min_noCC","sandeel",2010,0.169075,533.64634,127.7074,127.7074
"4142","PGY-Min_noCC","sandeel",2011,0.174045125,1240.67453,149.3815,149.3815
"4143","PGY-Min_noCC","sandeel",2012,0.05450655275,694.56183,407.694,407.694
"4144","PGY-Min_noCC","sandeel",2013,0.46332359,326.95462,284.6111,284.6111
"4145","PGY-Min_noCC","sandeel",2014,0.4742912175,367.97474,462.213,462.213
"4146","PGY-Min_noCC","sandeel",2015,0.42292525,385.31139,99.0129,99.0129
"4147","PGY-Min_noCC","sandeel",2016,0.069568775,596.27706,1120.397,1120.397
"4148","PGY-Min_noCC","sandeel",2017,0.308664835,411.1487,95.0365,95.0365
"4149","PGY-Min_noCC","sandeel",2018,0.32873345,938.25087,446.031,446.031
"4150","PGY-Min_noCC","sandeel",2019,0.17326695,535.86178,878.813,878.813
"4151","PGY-Min_noCC","sandeel",2020,0.095,862.02603,346.722,346.722
"4152","PGY-Min_noCC","sandeel",2022,0.45,1628.24353,267.9181,267.9181
"4153","PGY-Min_noCC","sandeel",2023,0.343390675,798.41297,429.41,429.41
"4154","PGY-Min_noCC","sandeel",2024,0.3082479,403.25886,442.406,442.406
"4155","PGY-Min_noCC","sandeel",2025,0.3114265,363.70566,421.167,421.167
"4156","PGY-Min_noCC","sandeel",2026,0.31680895,386.31502,433.614,433.614
"4157","PGY-Min_noCC","sandeel",2027,0.33216095,403.74437,441.442,441.442
"4158","PGY-Min_noCC","sandeel",2028,0.34494515,423.292,449.359,449.359
"4159","PGY-Min_noCC","sandeel",2029,0.3554476,435.93034,453.781,453.781
"4160","PGY-Min_noCC","sandeel",2030,0.36019865,443.19455,456.18,456.18
"4161","PGY-Min_noCC","sandeel",2031,0.360550125,440.8953,454.856,454.856
"4162","PGY-Min_noCC","sandeel",2032,0.35811635,435.0022,452.163,452.163
"4163","PGY-Min_noCC","sandeel",2033,0.357462175,432.85563,451.22,451.22
"4164","PGY-Min_noCC","sandeel",2034,0.35930205,437.31969,453.342,453.342
"4165","PGY-Min_noCC","sandeel",2035,0.364495175,449.03866,458.287,458.287
"4166","PGY-Min_noCC","sandeel",2036,0.3730139,467.76565,464.797,464.797
"4167","PGY-Min_noCC","sandeel",2037,0.383459,491.43686,470.991,470.991
"4168","PGY-Min_noCC","sandeel",2038,0.3940269,516.93426,475.46,475.46
"4169","PGY-Min_noCC","sandeel",2039,0.40310855,540.64161,477.83,477.83
"4170","PGY-Min_noCC","sandeel",2040,0.408458275,560.03807,478.64,478.64
"4171","PGY-Min_noCC","sandeel",2041,0.409725225,574.86069,478.624,478.624
"4172","PGY-Min_noCC","sandeel",2042,0.4106024,586.43876,478.229,478.229
"4173","PGY-Min_noCC","sandeel",2043,0.411174625,594.53247,477.77,477.77
"4174","PGY-Min_noCC","sandeel",2044,0.41153025,599.81717,477.392,477.392
"4175","PGY-Min_noCC","sandeel",2045,0.41173915,602.99751,477.138,477.138
"4176","PGY-Min_noCC","sandeel",2046,0.411858425,604.7239,476.992,476.992
"4177","PGY-Min_noCC","sandeel",2047,0.41193175,605.64087,476.917,476.917
"4178","PGY-Min_noCC","sandeel",2048,0.4119763,605.93629,476.901,476.901
"4179","PGY-Min_noCC","sandeel",2049,0.4120006,605.78853,476.927,476.927
"4180","PGY-Min_noCC","sandeel",2050,0.4120102,605.40591,476.974,476.974
"4181","PGY-Min_rcp45","sandeel",1974,0.239616875,654.11897,429.377,429.377
"4182","PGY-Min_rcp45","sandeel",1975,0.318198875,671.6277,278.2511,278.2511
"4183","PGY-Min_rcp45","sandeel",1976,0.411147975,692.21136,345.153,345.153
"4184","PGY-Min_rcp45","sandeel",1977,0.6464619,477.67839,415.521,415.521
"4185","PGY-Min_rcp45","sandeel",1978,0.6174545,494.3359,302.17,302.17
"4186","PGY-Min_rcp45","sandeel",1979,0.514504025,698.963,483.313,483.313
"4187","PGY-Min_rcp45","sandeel",1980,0.59736235,651.1572,308.7615,308.7615
"4188","PGY-Min_rcp45","sandeel",1981,0.52464935,675.8582,680.818,680.818
"4189","PGY-Min_rcp45","sandeel",1982,0.626914325,326.7016,262.1924,262.1924
"4190","PGY-Min_rcp45","sandeel",1983,0.343489975,512.12704,511.518,511.518
"4191","PGY-Min_rcp45","sandeel",1984,0.41566115,429.093,203.81,203.81
"4192","PGY-Min_rcp45","sandeel",1985,0.53423045,691.01513,598.063,598.063
"4193","PGY-Min_rcp45","sandeel",1986,0.401254475,392.89711,379.4183,379.4183
"4194","PGY-Min_rcp45","sandeel",1987,0.277452725,914.91873,194.8828,194.8828
"4195","PGY-Min_rcp45","sandeel",1988,0.443108225,845.9041,641.91,641.91
"4196","PGY-Min_rcp45","sandeel",1989,0.7858518,362.0659,256.593,256.593
"4197","PGY-Min_rcp45","sandeel",1990,0.75121865,453.56787,356.814,356.814
"4198","PGY-Min_rcp45","sandeel",1991,0.497038075,516.1497,495.104,495.104
"4199","PGY-Min_rcp45","sandeel",1992,0.431977575,410.7653,345.881,345.881
"4200","PGY-Min_rcp45","sandeel",1993,0.367030325,675.03457,745.05,745.05
"4201","PGY-Min_rcp45","sandeel",1994,0.64708685,530.4534,836.136,836.136
"4202","PGY-Min_rcp45","sandeel",1995,0.3261393,674.0849,358.5956,358.5956
"4203","PGY-Min_rcp45","sandeel",1996,0.48904755,863.76128,1413.768,1413.768
"4204","PGY-Min_rcp45","sandeel",1997,0.331339225,502.4734,277.516,277.516
"4205","PGY-Min_rcp45","sandeel",1998,0.469849575,1278.52573,371.685,371.685
"4206","PGY-Min_rcp45","sandeel",1999,0.6782352,613.81786,465.112,465.112
"4207","PGY-Min_rcp45","sandeel",2000,0.50942525,365.2175,604.486,604.486
"4208","PGY-Min_rcp45","sandeel",2001,0.642590325,381.7742,555.46,555.46
"4209","PGY-Min_rcp45","sandeel",2002,0.474407375,351.86518,121.2822,121.2822
"4210","PGY-Min_rcp45","sandeel",2003,0.4650221,471.45422,309.27,309.27
"4211","PGY-Min_rcp45","sandeel",2004,0.647919825,155.73753,158.4411,158.4411
"4212","PGY-Min_rcp45","sandeel",2005,0.536286405,172.7005,298.741,298.741
"4213","PGY-Min_rcp45","sandeel",2006,0.472318225,125.56957,326.514,326.514
"4214","PGY-Min_rcp45","sandeel",2007,0.365223,232.08322,464.812,464.812
"4215","PGY-Min_rcp45","sandeel",2008,0.44695525,315.53848,294.719,294.719
"4216","PGY-Min_rcp45","sandeel",2009,0.41318825,367.18984,1008.644,1008.644
"4217","PGY-Min_rcp45","sandeel",2010,0.169075,533.64634,127.7074,127.7074
"4218","PGY-Min_rcp45","sandeel",2011,0.174045125,1240.67453,149.3815,149.3815
"4219","PGY-Min_rcp45","sandeel",2012,0.05450655275,694.56183,407.694,407.694
"4220","PGY-Min_rcp45","sandeel",2013,0.46332359,326.95462,284.6111,284.6111
"4221","PGY-Min_rcp45","sandeel",2014,0.4742912175,367.97474,462.213,462.213
"4222","PGY-Min_rcp45","sandeel",2015,0.42292525,385.31139,99.0129,99.0129
"4223","PGY-Min_rcp45","sandeel",2016,0.069568775,596.27706,1120.397,1120.397
"4224","PGY-Min_rcp45","sandeel",2017,0.308664835,411.1487,95.0365,95.0365
"4225","PGY-Min_rcp45","sandeel",2018,0.32873345,938.25087,446.031,446.031
"4226","PGY-Min_rcp45","sandeel",2019,0.17326695,535.86178,878.813,878.813
"4227","PGY-Min_rcp45","sandeel",2020,0.095,862.02603,346.722,346.722
"4228","PGY-Min_rcp45","sandeel",2022,0.45,1627.7372,268.0039,268.0039
"4229","PGY-Min_rcp45","sandeel",2023,0.343543375,798.84802,429.338,429.338
"4230","PGY-Min_rcp45","sandeel",2024,0.30821,403.47239,442.49,442.49
"4231","PGY-Min_rcp45","sandeel",2025,0.3114649,363.80671,421.315,421.315
"4232","PGY-Min_rcp45","sandeel",2026,0.31752245,388.1904,434.711,434.711
"4233","PGY-Min_rcp45","sandeel",2027,0.335415675,410.89135,444.908,444.908
"4234","PGY-Min_rcp45","sandeel",2028,0.353292575,441.07478,456.512,456.512
"4235","PGY-Min_rcp45","sandeel",2029,0.372633375,472.26164,466.151,466.151
"4236","PGY-Min_rcp45","sandeel",2030,0.3898771,507.30028,473.963,473.963
"4237","PGY-Min_rcp45","sandeel",2031,0.40280065,536.89513,477.984,477.984
"4238","PGY-Min_rcp45","sandeel",2032,0.407085125,552.09696,478.841,478.841
"4239","PGY-Min_rcp45","sandeel",2033,0.406168075,555.97843,478.595,478.595
"4240","PGY-Min_rcp45","sandeel",2034,0.402542025,552.30757,478.114,478.114
"4241","PGY-Min_rcp45","sandeel",2035,0.397964825,542.46295,477.44,477.44
"4242","PGY-Min_rcp45","sandeel",2036,0.3940824,533.17666,476.647,476.647
"4243","PGY-Min_rcp45","sandeel",2037,0.3909657,525.8296,475.896,475.896
"4244","PGY-Min_rcp45","sandeel",2038,0.38835645,519.80295,475.2,475.2
"4245","PGY-Min_rcp45","sandeel",2039,0.38596425,514.24797,474.497,474.497
"4246","PGY-Min_rcp45","sandeel",2040,0.38373005,508.97153,473.76,473.76
"4247","PGY-Min_rcp45","sandeel",2041,0.381667725,504.02773,473.001,473.001
"4248","PGY-Min_rcp45","sandeel",2042,0.37974135,499.40456,472.226,472.226
"4249","PGY-Min_rcp45","sandeel",2043,0.377867875,494.93451,471.411,471.411
"4250","PGY-Min_rcp45","sandeel",2044,0.375953875,490.44035,470.519,470.519
"4251","PGY-Min_rcp45","sandeel",2045,0.3739369,485.80157,469.519,469.519
"4252","PGY-Min_rcp45","sandeel",2046,0.37191595,481.19016,468.449,468.449
"4253","PGY-Min_rcp45","sandeel",2047,0.370034925,477.00518,467.412,467.412
"4254","PGY-Min_rcp45","sandeel",2048,0.368354375,473.37421,466.463,466.463
"4255","PGY-Min_rcp45","sandeel",2049,0.3668993,470.30707,465.629,465.629
"4256","PGY-Min_rcp45","sandeel",2050,0.365625875,467.72442,464.901,464.901
"4257","PGY-Min_rcp85","sandeel",1974,0.239616875,654.11897,429.377,429.377
"4258","PGY-Min_rcp85","sandeel",1975,0.318198875,671.6277,278.2511,278.2511
"4259","PGY-Min_rcp85","sandeel",1976,0.411147975,692.21136,345.153,345.153
"4260","PGY-Min_rcp85","sandeel",1977,0.6464619,477.67839,415.521,415.521
"4261","PGY-Min_rcp85","sandeel",1978,0.6174545,494.3359,302.17,302.17
"4262","PGY-Min_rcp85","sandeel",1979,0.514504025,698.963,483.313,483.313
"4263","PGY-Min_rcp85","sandeel",1980,0.59736235,651.1572,308.7615,308.7615
"4264","PGY-Min_rcp85","sandeel",1981,0.52464935,675.8582,680.818,680.818
"4265","PGY-Min_rcp85","sandeel",1982,0.626914325,326.7016,262.1924,262.1924
"4266","PGY-Min_rcp85","sandeel",1983,0.343489975,512.12704,511.518,511.518
"4267","PGY-Min_rcp85","sandeel",1984,0.41566115,429.093,203.81,203.81
"4268","PGY-Min_rcp85","sandeel",1985,0.53423045,691.01513,598.063,598.063
"4269","PGY-Min_rcp85","sandeel",1986,0.401254475,392.89711,379.4183,379.4183
"4270","PGY-Min_rcp85","sandeel",1987,0.277452725,914.91873,194.8828,194.8828
"4271","PGY-Min_rcp85","sandeel",1988,0.443108225,845.9041,641.91,641.91
"4272","PGY-Min_rcp85","sandeel",1989,0.7858518,362.0659,256.593,256.593
"4273","PGY-Min_rcp85","sandeel",1990,0.75121865,453.56787,356.814,356.814
"4274","PGY-Min_rcp85","sandeel",1991,0.497038075,516.1497,495.104,495.104
"4275","PGY-Min_rcp85","sandeel",1992,0.431977575,410.7653,345.881,345.881
"4276","PGY-Min_rcp85","sandeel",1993,0.367030325,675.03457,745.05,745.05
"4277","PGY-Min_rcp85","sandeel",1994,0.64708685,530.4534,836.136,836.136
"4278","PGY-Min_rcp85","sandeel",1995,0.3261393,674.0849,358.5956,358.5956
"4279","PGY-Min_rcp85","sandeel",1996,0.48904755,863.76128,1413.768,1413.768
"4280","PGY-Min_rcp85","sandeel",1997,0.331339225,502.4734,277.516,277.516
"4281","PGY-Min_rcp85","sandeel",1998,0.469849575,1278.52573,371.685,371.685
"4282","PGY-Min_rcp85","sandeel",1999,0.6782352,613.81786,465.112,465.112
"4283","PGY-Min_rcp85","sandeel",2000,0.50942525,365.2175,604.486,604.486
"4284","PGY-Min_rcp85","sandeel",2001,0.642590325,381.7742,555.46,555.46
"4285","PGY-Min_rcp85","sandeel",2002,0.474407375,351.86518,121.2822,121.2822
"4286","PGY-Min_rcp85","sandeel",2003,0.4650221,471.45422,309.27,309.27
"4287","PGY-Min_rcp85","sandeel",2004,0.647919825,155.73753,158.4411,158.4411
"4288","PGY-Min_rcp85","sandeel",2005,0.536286405,172.7005,298.741,298.741
"4289","PGY-Min_rcp85","sandeel",2006,0.472318225,125.56957,326.514,326.514
"4290","PGY-Min_rcp85","sandeel",2007,0.365223,232.08322,464.812,464.812
"4291","PGY-Min_rcp85","sandeel",2008,0.44695525,315.53848,294.719,294.719
"4292","PGY-Min_rcp85","sandeel",2009,0.41318825,367.18984,1008.644,1008.644
"4293","PGY-Min_rcp85","sandeel",2010,0.169075,533.64634,127.7074,127.7074
"4294","PGY-Min_rcp85","sandeel",2011,0.174045125,1240.67453,149.3815,149.3815
"4295","PGY-Min_rcp85","sandeel",2012,0.05450655275,694.56183,407.694,407.694
"4296","PGY-Min_rcp85","sandeel",2013,0.46332359,326.95462,284.6111,284.6111
"4297","PGY-Min_rcp85","sandeel",2014,0.4742912175,367.97474,462.213,462.213
"4298","PGY-Min_rcp85","sandeel",2015,0.42292525,385.31139,99.0129,99.0129
"4299","PGY-Min_rcp85","sandeel",2016,0.069568775,596.27706,1120.397,1120.397
"4300","PGY-Min_rcp85","sandeel",2017,0.308664835,411.1487,95.0365,95.0365
"4301","PGY-Min_rcp85","sandeel",2018,0.32873345,938.25087,446.031,446.031
"4302","PGY-Min_rcp85","sandeel",2019,0.17326695,535.86178,878.813,878.813
"4303","PGY-Min_rcp85","sandeel",2020,0.095,862.02603,346.722,346.722
"4304","PGY-Min_rcp85","sandeel",2022,0.45,1625.91395,268.3065,268.3065
"4305","PGY-Min_rcp85","sandeel",2023,0.34334785,798.11082,429.312,429.312
"4306","PGY-Min_rcp85","sandeel",2024,0.308271,404.01438,442.71,442.71
"4307","PGY-Min_rcp85","sandeel",2025,0.31211675,364.91556,421.948,421.948
"4308","PGY-Min_rcp85","sandeel",2026,0.31941175,391.74581,436.481,436.481
"4309","PGY-Min_rcp85","sandeel",2027,0.339751575,419.11025,448.416,448.416
"4310","PGY-Min_rcp85","sandeel",2028,0.360043025,455.19694,461.18,461.18
"4311","PGY-Min_rcp85","sandeel",2029,0.3799049,489.55194,470.298,470.298
"4312","PGY-Min_rcp85","sandeel",2030,0.39368025,520.73696,475.853,475.853
"4313","PGY-Min_rcp85","sandeel",2031,0.3991947,536.83496,477.714,477.714
"4314","PGY-Min_rcp85","sandeel",2032,0.398123025,537.1478,477.757,477.757
"4315","PGY-Min_rcp85","sandeel",2033,0.394043725,529.19444,476.894,476.894
"4316","PGY-Min_rcp85","sandeel",2034,0.389339075,518.9874,475.57,475.57
"4317","PGY-Min_rcp85","sandeel",2035,0.385239425,510.00611,474.189,474.189
"4318","PGY-Min_rcp85","sandeel",2036,0.381960775,503.02728,472.98,472.98
"4319","PGY-Min_rcp85","sandeel",2037,0.379265425,497.41312,471.928,471.928
"4320","PGY-Min_rcp85","sandeel",2038,0.376847525,492.33491,470.917,470.917
"4321","PGY-Min_rcp85","sandeel",2039,0.374493725,487.24831,469.838,469.838
"4322","PGY-Min_rcp85","sandeel",2040,0.37219045,482.17435,468.683,468.683
"4323","PGY-Min_rcp85","sandeel",2041,0.369923225,477.12268,467.447,467.447
"4324","PGY-Min_rcp85","sandeel",2042,0.36766695,472.09237,466.125,466.125
"4325","PGY-Min_rcp85","sandeel",2043,0.36533845,466.9351,464.668,464.668
"4326","PGY-Min_rcp85","sandeel",2044,0.36286325,461.52567,463.029,463.029
"4327","PGY-Min_rcp85","sandeel",2045,0.3602031,455.81482,461.177,461.177
"4328","PGY-Min_rcp85","sandeel",2046,0.3574602,450.01188,459.17,459.17
"4329","PGY-Min_rcp85","sandeel",2047,0.354782975,444.49348,457.145,457.145
"4330","PGY-Min_rcp85","sandeel",2048,0.352267625,439.44641,455.195,455.195
"4331","PGY-Min_rcp85","sandeel",2049,0.349946825,434.89686,453.358,453.358
"4332","PGY-Min_rcp85","sandeel",2050,0.347798775,430.78565,451.632,451.632
"4333","Status-quo_noCC","sandeel",1974,0.239616875,654.11897,429.377,429.377
"4334","Status-quo_noCC","sandeel",1975,0.318198875,671.6277,278.2511,278.2511
"4335","Status-quo_noCC","sandeel",1976,0.411147975,692.21136,345.153,345.153
"4336","Status-quo_noCC","sandeel",1977,0.6464619,477.67839,415.521,415.521
"4337","Status-quo_noCC","sandeel",1978,0.6174545,494.3359,302.17,302.17
"4338","Status-quo_noCC","sandeel",1979,0.514504025,698.963,483.313,483.313
"4339","Status-quo_noCC","sandeel",1980,0.59736235,651.1572,308.7615,308.7615
"4340","Status-quo_noCC","sandeel",1981,0.52464935,675.8582,680.818,680.818
"4341","Status-quo_noCC","sandeel",1982,0.626914325,326.7016,262.1924,262.1924
"4342","Status-quo_noCC","sandeel",1983,0.343489975,512.12704,511.518,511.518
"4343","Status-quo_noCC","sandeel",1984,0.41566115,429.093,203.81,203.81
"4344","Status-quo_noCC","sandeel",1985,0.53423045,691.01513,598.063,598.063
"4345","Status-quo_noCC","sandeel",1986,0.401254475,392.89711,379.4183,379.4183
"4346","Status-quo_noCC","sandeel",1987,0.277452725,914.91873,194.8828,194.8828
"4347","Status-quo_noCC","sandeel",1988,0.443108225,845.9041,641.91,641.91
"4348","Status-quo_noCC","sandeel",1989,0.7858518,362.0659,256.593,256.593
"4349","Status-quo_noCC","sandeel",1990,0.75121865,453.56787,356.814,356.814
"4350","Status-quo_noCC","sandeel",1991,0.497038075,516.1497,495.104,495.104
"4351","Status-quo_noCC","sandeel",1992,0.431977575,410.7653,345.881,345.881
"4352","Status-quo_noCC","sandeel",1993,0.367030325,675.03457,745.05,745.05
"4353","Status-quo_noCC","sandeel",1994,0.64708685,530.4534,836.136,836.136
"4354","Status-quo_noCC","sandeel",1995,0.3261393,674.0849,358.5956,358.5956
"4355","Status-quo_noCC","sandeel",1996,0.48904755,863.76128,1413.768,1413.768
"4356","Status-quo_noCC","sandeel",1997,0.331339225,502.4734,277.516,277.516
"4357","Status-quo_noCC","sandeel",1998,0.469849575,1278.52573,371.685,371.685
"4358","Status-quo_noCC","sandeel",1999,0.6782352,613.81786,465.112,465.112
"4359","Status-quo_noCC","sandeel",2000,0.50942525,365.2175,604.486,604.486
"4360","Status-quo_noCC","sandeel",2001,0.642590325,381.7742,555.46,555.46
"4361","Status-quo_noCC","sandeel",2002,0.474407375,351.86518,121.2822,121.2822
"4362","Status-quo_noCC","sandeel",2003,0.4650221,471.45422,309.27,309.27
"4363","Status-quo_noCC","sandeel",2004,0.647919825,155.73753,158.4411,158.4411
"4364","Status-quo_noCC","sandeel",2005,0.536286405,172.7005,298.741,298.741
"4365","Status-quo_noCC","sandeel",2006,0.472318225,125.56957,326.514,326.514
"4366","Status-quo_noCC","sandeel",2007,0.365223,232.08322,464.812,464.812
"4367","Status-quo_noCC","sandeel",2008,0.44695525,315.53848,294.719,294.719
"4368","Status-quo_noCC","sandeel",2009,0.41318825,367.18984,1008.644,1008.644
"4369","Status-quo_noCC","sandeel",2010,0.169075,533.64634,127.7074,127.7074
"4370","Status-quo_noCC","sandeel",2011,0.174045125,1240.67453,149.3815,149.3815
"4371","Status-quo_noCC","sandeel",2012,0.05450655275,694.56183,407.694,407.694
"4372","Status-quo_noCC","sandeel",2013,0.46332359,326.95462,284.6111,284.6111
"4373","Status-quo_noCC","sandeel",2014,0.4742912175,367.97474,462.213,462.213
"4374","Status-quo_noCC","sandeel",2015,0.42292525,385.31139,99.0129,99.0129
"4375","Status-quo_noCC","sandeel",2016,0.069568775,596.27706,1120.397,1120.397
"4376","Status-quo_noCC","sandeel",2017,0.308664835,411.1487,95.0365,95.0365
"4377","Status-quo_noCC","sandeel",2018,0.32873345,938.25087,446.031,446.031
"4378","Status-quo_noCC","sandeel",2019,0.17326695,535.86178,878.813,878.813
"4379","Status-quo_noCC","sandeel",2020,0.095,862.02603,346.722,346.722
"4380","Status-quo_noCC","sandeel",2022,0.45,1628.24353,267.9181,267.9181
"4381","Status-quo_noCC","sandeel",2023,0.348528875,818.41817,423.578,423.578
"4382","Status-quo_noCC","sandeel",2024,0.320991525,441.38042,455.074,455.074
"4383","Status-quo_noCC","sandeel",2025,0.344149,430.76662,452.955,452.955
"4384","Status-quo_noCC","sandeel",2026,0.367231075,495.97377,468.64,468.64
"4385","Status-quo_noCC","sandeel",2027,0.380841725,522.67634,473.344,473.344
"4386","Status-quo_noCC","sandeel",2028,0.376783,508.91003,473.073,473.073
"4387","Status-quo_noCC","sandeel",2029,0.36681645,478.16428,467.61,467.61
"4388","Status-quo_noCC","sandeel",2030,0.360600675,459.90877,462.592,462.592
"4389","Status-quo_noCC","sandeel",2031,0.360816425,458.88403,462.269,462.269
"4390","Status-quo_noCC","sandeel",2032,0.36513355,467.9894,464.977,464.977
"4391","Status-quo_noCC","sandeel",2033,0.368847775,476.07865,467.176,467.176
"4392","Status-quo_noCC","sandeel",2034,0.369170125,476.70978,467.357,467.357
"4393","Status-quo_noCC","sandeel",2035,0.367072425,471.67748,466.014,466.014
"4394","Status-quo_noCC","sandeel",2036,0.365092925,466.86861,464.645,464.645
"4395","Status-quo_noCC","sandeel",2037,0.36474675,465.92137,464.369,464.369
"4396","Status-quo_noCC","sandeel",2038,0.365828175,468.31347,465.067,465.067
"4397","Status-quo_noCC","sandeel",2039,0.36707585,471.18526,465.877,465.877
"4398","Status-quo_noCC","sandeel",2040,0.367517425,472.21684,466.162,466.162
"4399","Status-quo_noCC","sandeel",2041,0.367149225,471.37697,465.931,465.931
"4400","Status-quo_noCC","sandeel",2042,0.366598,470.07472,465.566,465.566
"4401","Status-quo_noCC","sandeel",2043,0.36641955,469.62539,465.44,465.44
"4402","Status-quo_noCC","sandeel",2044,0.3666702,470.19136,465.6,465.6
"4403","Status-quo_noCC","sandeel",2045,0.36703445,471.02827,465.833,465.833
"4404","Status-quo_noCC","sandeel",2046,0.367226275,471.46137,465.955,465.955
"4405","Status-quo_noCC","sandeel",2047,0.36719105,471.37908,465.931,465.931
"4406","Status-quo_noCC","sandeel",2048,0.36705785,471.0666,465.845,465.845
"4407","Status-quo_noCC","sandeel",2049,0.366995625,470.90429,465.799,465.799
"4408","Status-quo_noCC","sandeel",2050,0.36705405,471.03297,465.835,465.835
"4409","Status-quo_rcp45","sandeel",1974,0.239616875,654.11897,429.377,429.377
"4410","Status-quo_rcp45","sandeel",1975,0.318198875,671.6277,278.2511,278.2511
"4411","Status-quo_rcp45","sandeel",1976,0.411147975,692.21136,345.153,345.153
"4412","Status-quo_rcp45","sandeel",1977,0.6464619,477.67839,415.521,415.521
"4413","Status-quo_rcp45","sandeel",1978,0.6174545,494.3359,302.17,302.17
"4414","Status-quo_rcp45","sandeel",1979,0.514504025,698.963,483.313,483.313
"4415","Status-quo_rcp45","sandeel",1980,0.59736235,651.1572,308.7615,308.7615
"4416","Status-quo_rcp45","sandeel",1981,0.52464935,675.8582,680.818,680.818
"4417","Status-quo_rcp45","sandeel",1982,0.626914325,326.7016,262.1924,262.1924
"4418","Status-quo_rcp45","sandeel",1983,0.343489975,512.12704,511.518,511.518
"4419","Status-quo_rcp45","sandeel",1984,0.41566115,429.093,203.81,203.81
"4420","Status-quo_rcp45","sandeel",1985,0.53423045,691.01513,598.063,598.063
"4421","Status-quo_rcp45","sandeel",1986,0.401254475,392.89711,379.4183,379.4183
"4422","Status-quo_rcp45","sandeel",1987,0.277452725,914.91873,194.8828,194.8828
"4423","Status-quo_rcp45","sandeel",1988,0.443108225,845.9041,641.91,641.91
"4424","Status-quo_rcp45","sandeel",1989,0.7858518,362.0659,256.593,256.593
"4425","Status-quo_rcp45","sandeel",1990,0.75121865,453.56787,356.814,356.814
"4426","Status-quo_rcp45","sandeel",1991,0.497038075,516.1497,495.104,495.104
"4427","Status-quo_rcp45","sandeel",1992,0.431977575,410.7653,345.881,345.881
"4428","Status-quo_rcp45","sandeel",1993,0.367030325,675.03457,745.05,745.05
"4429","Status-quo_rcp45","sandeel",1994,0.64708685,530.4534,836.136,836.136
"4430","Status-quo_rcp45","sandeel",1995,0.3261393,674.0849,358.5956,358.5956
"4431","Status-quo_rcp45","sandeel",1996,0.48904755,863.76128,1413.768,1413.768
"4432","Status-quo_rcp45","sandeel",1997,0.331339225,502.4734,277.516,277.516
"4433","Status-quo_rcp45","sandeel",1998,0.469849575,1278.52573,371.685,371.685
"4434","Status-quo_rcp45","sandeel",1999,0.6782352,613.81786,465.112,465.112
"4435","Status-quo_rcp45","sandeel",2000,0.50942525,365.2175,604.486,604.486
"4436","Status-quo_rcp45","sandeel",2001,0.642590325,381.7742,555.46,555.46
"4437","Status-quo_rcp45","sandeel",2002,0.474407375,351.86518,121.2822,121.2822
"4438","Status-quo_rcp45","sandeel",2003,0.4650221,471.45422,309.27,309.27
"4439","Status-quo_rcp45","sandeel",2004,0.647919825,155.73753,158.4411,158.4411
"4440","Status-quo_rcp45","sandeel",2005,0.536286405,172.7005,298.741,298.741
"4441","Status-quo_rcp45","sandeel",2006,0.472318225,125.56957,326.514,326.514
"4442","Status-quo_rcp45","sandeel",2007,0.365223,232.08322,464.812,464.812
"4443","Status-quo_rcp45","sandeel",2008,0.44695525,315.53848,294.719,294.719
"4444","Status-quo_rcp45","sandeel",2009,0.41318825,367.18984,1008.644,1008.644
"4445","Status-quo_rcp45","sandeel",2010,0.169075,533.64634,127.7074,127.7074
"4446","Status-quo_rcp45","sandeel",2011,0.174045125,1240.67453,149.3815,149.3815
"4447","Status-quo_rcp45","sandeel",2012,0.05450655275,694.56183,407.694,407.694
"4448","Status-quo_rcp45","sandeel",2013,0.46332359,326.95462,284.6111,284.6111
"4449","Status-quo_rcp45","sandeel",2014,0.4742912175,367.97474,462.213,462.213
"4450","Status-quo_rcp45","sandeel",2015,0.42292525,385.31139,99.0129,99.0129
"4451","Status-quo_rcp45","sandeel",2016,0.069568775,596.27706,1120.397,1120.397
"4452","Status-quo_rcp45","sandeel",2017,0.308664835,411.1487,95.0365,95.0365
"4453","Status-quo_rcp45","sandeel",2018,0.32873345,938.25087,446.031,446.031
"4454","Status-quo_rcp45","sandeel",2019,0.17326695,535.86178,878.813,878.813
"4455","Status-quo_rcp45","sandeel",2020,0.095,862.02603,346.722,346.722
"4456","Status-quo_rcp45","sandeel",2022,0.45,1627.7372,268.0039,268.0039
"4457","Status-quo_rcp45","sandeel",2023,0.34867855,818.83521,423.51,423.51
"4458","Status-quo_rcp45","sandeel",2024,0.320840375,441.35932,455.051,455.051
"4459","Status-quo_rcp45","sandeel",2025,0.343645075,429.7739,452.603,452.603
"4460","Status-quo_rcp45","sandeel",2026,0.36654445,494.98852,468.329,468.329
"4461","Status-quo_rcp45","sandeel",2027,0.3804116,522.83993,473.033,473.033
"4462","Status-quo_rcp45","sandeel",2028,0.376644725,510.5667,472.994,472.994
"4463","Status-quo_rcp45","sandeel",2029,0.3668384,480.62532,468.074,468.074
"4464","Status-quo_rcp45","sandeel",2030,0.360736575,462.68751,463.439,463.439
"4465","Status-quo_rcp45","sandeel",2031,0.36087595,461.72877,463.158,463.158
"4466","Status-quo_rcp45","sandeel",2032,0.3646154,470.0242,465.501,465.501
"4467","Status-quo_rcp45","sandeel",2033,0.36714875,475.93746,467.056,467.056
"4468","Status-quo_rcp45","sandeel",2034,0.3660195,473.61674,466.484,466.484
"4469","Status-quo_rcp45","sandeel",2035,0.362592675,465.86992,464.369,464.369
"4470","Status-quo_rcp45","sandeel",2036,0.35953535,459.03752,462.334,462.334
"4471","Status-quo_rcp45","sandeel",2037,0.358305975,456.55726,461.566,461.566
"4472","Status-quo_rcp45","sandeel",2038,0.358609325,457.57196,461.891,461.891
"4473","Status-quo_rcp45","sandeel",2039,0.359190025,459.14058,462.377,462.377
"4474","Status-quo_rcp45","sandeel",2040,0.3590683,459.01961,462.338,462.338
"4475","Status-quo_rcp45","sandeel",2041,0.3581235,456.95418,461.689,461.689
"4476","Status-quo_rcp45","sandeel",2042,0.356810975,454.00595,460.736,460.736
"4477","Status-quo_rcp45","sandeel",2043,0.35554835,451.19906,459.794,459.794
"4478","Status-quo_rcp45","sandeel",2044,0.354396875,448.69667,458.926,458.926
"4479","Status-quo_rcp45","sandeel",2045,0.35318725,446.1185,458.006,458.006
"4480","Status-quo_rcp45","sandeel",2046,0.351795775,443.2066,456.938,456.938
"4481","Status-quo_rcp45","sandeel",2047,0.350269225,440.08511,455.765,455.765
"4482","Status-quo_rcp45","sandeel",2048,0.3487735,437.10903,454.619,454.619
"4483","Status-quo_rcp45","sandeel",2049,0.347477025,434.62097,453.644,453.644
"4484","Status-quo_rcp45","sandeel",2050,0.346417625,432.67892,452.872,452.872
"4485","Status-quo_rcp85","sandeel",1974,0.239616875,654.11897,429.377,429.377
"4486","Status-quo_rcp85","sandeel",1975,0.318198875,671.6277,278.2511,278.2511
"4487","Status-quo_rcp85","sandeel",1976,0.411147975,692.21136,345.153,345.153
"4488","Status-quo_rcp85","sandeel",1977,0.6464619,477.67839,415.521,415.521
"4489","Status-quo_rcp85","sandeel",1978,0.6174545,494.3359,302.17,302.17
"4490","Status-quo_rcp85","sandeel",1979,0.514504025,698.963,483.313,483.313
"4491","Status-quo_rcp85","sandeel",1980,0.59736235,651.1572,308.7615,308.7615
"4492","Status-quo_rcp85","sandeel",1981,0.52464935,675.8582,680.818,680.818
"4493","Status-quo_rcp85","sandeel",1982,0.626914325,326.7016,262.1924,262.1924
"4494","Status-quo_rcp85","sandeel",1983,0.343489975,512.12704,511.518,511.518
"4495","Status-quo_rcp85","sandeel",1984,0.41566115,429.093,203.81,203.81
"4496","Status-quo_rcp85","sandeel",1985,0.53423045,691.01513,598.063,598.063
"4497","Status-quo_rcp85","sandeel",1986,0.401254475,392.89711,379.4183,379.4183
"4498","Status-quo_rcp85","sandeel",1987,0.277452725,914.91873,194.8828,194.8828
"4499","Status-quo_rcp85","sandeel",1988,0.443108225,845.9041,641.91,641.91
"4500","Status-quo_rcp85","sandeel",1989,0.7858518,362.0659,256.593,256.593
"4501","Status-quo_rcp85","sandeel",1990,0.75121865,453.56787,356.814,356.814
"4502","Status-quo_rcp85","sandeel",1991,0.497038075,516.1497,495.104,495.104
"4503","Status-quo_rcp85","sandeel",1992,0.431977575,410.7653,345.881,345.881
"4504","Status-quo_rcp85","sandeel",1993,0.367030325,675.03457,745.05,745.05
"4505","Status-quo_rcp85","sandeel",1994,0.64708685,530.4534,836.136,836.136
"4506","Status-quo_rcp85","sandeel",1995,0.3261393,674.0849,358.5956,358.5956
"4507","Status-quo_rcp85","sandeel",1996,0.48904755,863.76128,1413.768,1413.768
"4508","Status-quo_rcp85","sandeel",1997,0.331339225,502.4734,277.516,277.516
"4509","Status-quo_rcp85","sandeel",1998,0.469849575,1278.52573,371.685,371.685
"4510","Status-quo_rcp85","sandeel",1999,0.6782352,613.81786,465.112,465.112
"4511","Status-quo_rcp85","sandeel",2000,0.50942525,365.2175,604.486,604.486
"4512","Status-quo_rcp85","sandeel",2001,0.642590325,381.7742,555.46,555.46
"4513","Status-quo_rcp85","sandeel",2002,0.474407375,351.86518,121.2822,121.2822
"4514","Status-quo_rcp85","sandeel",2003,0.4650221,471.45422,309.27,309.27
"4515","Status-quo_rcp85","sandeel",2004,0.647919825,155.73753,158.4411,158.4411
"4516","Status-quo_rcp85","sandeel",2005,0.536286405,172.7005,298.741,298.741
"4517","Status-quo_rcp85","sandeel",2006,0.472318225,125.56957,326.514,326.514
"4518","Status-quo_rcp85","sandeel",2007,0.365223,232.08322,464.812,464.812
"4519","Status-quo_rcp85","sandeel",2008,0.44695525,315.53848,294.719,294.719
"4520","Status-quo_rcp85","sandeel",2009,0.41318825,367.18984,1008.644,1008.644
"4521","Status-quo_rcp85","sandeel",2010,0.169075,533.64634,127.7074,127.7074
"4522","Status-quo_rcp85","sandeel",2011,0.174045125,1240.67453,149.3815,149.3815
"4523","Status-quo_rcp85","sandeel",2012,0.05450655275,694.56183,407.694,407.694
"4524","Status-quo_rcp85","sandeel",2013,0.46332359,326.95462,284.6111,284.6111
"4525","Status-quo_rcp85","sandeel",2014,0.4742912175,367.97474,462.213,462.213
"4526","Status-quo_rcp85","sandeel",2015,0.42292525,385.31139,99.0129,99.0129
"4527","Status-quo_rcp85","sandeel",2016,0.069568775,596.27706,1120.397,1120.397
"4528","Status-quo_rcp85","sandeel",2017,0.308664835,411.1487,95.0365,95.0365
"4529","Status-quo_rcp85","sandeel",2018,0.32873345,938.25087,446.031,446.031
"4530","Status-quo_rcp85","sandeel",2019,0.17326695,535.86178,878.813,878.813
"4531","Status-quo_rcp85","sandeel",2020,0.095,862.02603,346.722,346.722
"4532","Status-quo_rcp85","sandeel",2022,0.45,1625.91395,268.3065,268.3065
"4533","Status-quo_rcp85","sandeel",2023,0.34846105,817.99967,423.517,423.517
"4534","Status-quo_rcp85","sandeel",2024,0.320874825,441.8289,455.172,455.172
"4535","Status-quo_rcp85","sandeel",2025,0.3440075,430.5264,452.868,452.868
"4536","Status-quo_rcp85","sandeel",2026,0.3670491,496.18704,468.578,468.578
"4537","Status-quo_rcp85","sandeel",2027,0.380210575,522.5228,473.164,473.164
"4538","Status-quo_rcp85","sandeel",2028,0.374988125,506.48388,472.613,472.613
"4539","Status-quo_rcp85","sandeel",2029,0.363487,472.37816,466.128,466.128
"4540","Status-quo_rcp85","sandeel",2030,0.355391225,450.44315,459.533,459.533
"4541","Status-quo_rcp85","sandeel",2031,0.353433325,445.3687,457.743,457.743
"4542","Status-quo_rcp85","sandeel",2032,0.355458775,449.96358,459.346,459.346
"4543","Status-quo_rcp85","sandeel",2033,0.35708195,453.61817,460.556,460.556
"4544","Status-quo_rcp85","sandeel",2034,0.35566295,450.61968,459.51,459.51
"4545","Status-quo_rcp85","sandeel",2035,0.351931175,442.59259,456.595,456.595
"4546","Status-quo_rcp85","sandeel",2036,0.3481327,434.69669,453.525,453.525
"4547","Status-quo_rcp85","sandeel",2037,0.345765425,430.17516,451.7,451.7
"4548","Status-quo_rcp85","sandeel",2038,0.34489315,428.84132,451.171,451.171
"4549","Status-quo_rcp85","sandeel",2039,0.34460665,428.59106,451.071,451.071
"4550","Status-quo_rcp85","sandeel",2040,0.343993725,427.47181,450.57,450.57
"4551","Status-quo_rcp85","sandeel",2041,0.3427144,424.8735,449.393,449.393
"4552","Status-quo_rcp85","sandeel",2042,0.340964475,421.27134,447.719,447.719
"4553","Status-quo_rcp85","sandeel",2043,0.339074625,417.4636,445.889,445.889
"4554","Status-quo_rcp85","sandeel",2044,0.337172,413.7383,444.036,444.036
"4555","Status-quo_rcp85","sandeel",2045,0.335156225,409.86501,442.051,442.051
"4556","Status-quo_rcp85","sandeel",2046,0.332923925,405.63015,439.82,439.82
"4557","Status-quo_rcp85","sandeel",2047,0.330507925,401.1499,437.396,437.396
"4558","Status-quo_rcp85","sandeel",2048,0.328043975,396.70367,434.93,434.93
"4559","Status-quo_rcp85","sandeel",2049,0.325680525,392.55138,432.569,432.569
"4560","Status-quo_rcp85","sandeel",2050,0.32349585,388.81519,430.397,430.397
